bk,series,model,mounting,accessory,fmt,filename,path,rev,source,source_file,source_date,bytes,sha1,status,notes
AC105,AC,AC-10-5,,,PDF,AC-10-5.pdf,AC/AC-10-5.pdf,A,generated,generated from catalogue,2026-09-18,88244,,generated,
AC108,AC,AC-10-8,,,PDF,AC-10-8.pdf,AC/AC-10-8.pdf,A,generated,generated from catalogue,2026-09-18,88228,,generated,
AC115100,AC,AC-115-100,,,PDF,AC-115-100.pdf,AC/AC-115-100.pdf,A,existing,GA:AC-115-100-M.PDF,2023-02-16,371218,e7638ae02609ccc782ba1bbb156d13d94df1f39c,review,model not in products.csv
AC115150,AC,AC-115-150,,,PDF,AC-115-150.pdf,AC/AC-115-150.pdf,A,generated,generated from catalogue,2026-09-18,88436,,generated,
AC115200,AC,AC-115-200,,,PDF,AC-115-200.pdf,AC/AC-115-200.pdf,A,generated,generated from catalogue,2026-09-18,88468,,generated,
AC115250,AC,AC-115-250,,,PDF,AC-115-250.pdf,AC/AC-115-250.pdf,A,generated,generated from catalogue,2026-09-18,88329,,generated,
AC1210,AC,AC-12-10,,,PDF,AC-12-10.pdf,AC/AC-12-10.pdf,A,generated,generated from catalogue,2026-09-18,88276,,generated,
AC1410,AC,AC-14-10,,,PDF,AC-14-10.pdf,AC/AC-14-10.pdf,A,generated,generated from catalogue,2026-09-18,88244,,generated,
AC1412,AC,AC-14-12,,,PDF,AC-14-12.pdf,AC/AC-14-12.pdf,A,generated,generated from catalogue,2026-09-18,88292,,generated,
AC1607,AC,AC-16-07,,,PDF,AC-16-07.pdf,AC/AC-16-07.pdf,A,existing,GA:AC 16-07 2 P.pdf,2023-05-03,144707,751dcfc5a0c0b830d867520f751afd6795e7c943,review,model not in products.csv
AC1613,AC,AC-16-13,,,PDF,AC-16-13.pdf,AC/AC-16-13.pdf,A,generated,generated from catalogue,2026-09-18,88228,,generated,
AC2010,AC,AC-20-10,,,PDF,AC-20-10.pdf,AC/AC-20-10.pdf,A,existing,GA:AC 20-10  Assembly.PDF,2022-05-11,98228,2183c405d3d2a9e9dbd9d58828633ef2797b51bd,review,model not in products.csv | check: assembly-type sheet
AC2015,AC,AC-20-15,,,PDF,AC-20-15.pdf,AC/AC-20-15.pdf,R1,existing,GA:AC-20-15-M-R1 (1).PDF,2023-07-21,48597,781f9ec20b6e8eeb771690b52a9103fdef2ab855,review,model not in products.csv | older alternates: GA:GA DRAWING AC 20-15M.PDF; GA:ASSEMBLY AC 20-15 M.PDF | check: assembly-type sheet
AC2015,AC,AC-20-15,,MC,PDF,AC-20-15+MC.pdf,AC/AC-20-15+MC.pdf,A,existing,GA:GA DRAWING AC 20-15 M+MC.pdf,2023-07-28,61286,9e40976d813b6691ab2fa133c205a7c35f496e81,review,model not in products.csv
AC2020,AC,AC-20-20,,,PDF,AC-20-20.pdf,AC/AC-20-20.pdf,A,generated,generated from catalogue,2026-09-18,88260,,generated,
AC2050,AC,AC-20-50,,,PDF,AC-20-50.pdf,AC/AC-20-50.pdf,A,generated,generated from catalogue,2026-09-18,88308,,generated,
AC2220,AC,AC-22-20,,,PDF,AC-22-20.pdf,AC/AC-22-20.pdf,A,generated,generated from catalogue,2026-09-18,88244,,generated,
AC2525,AC,AC-25-25,,,PDF,AC-25-25.pdf,AC/AC-25-25.pdf,A,generated,generated from catalogue,2026-09-18,88212,,generated,
AC2525,AC,AC-25-25,,JN,PDF,AC-25-25+JN.pdf,AC/AC-25-25+JN.pdf,A,existing,GA:GA DRAWING AC-25-25-M-2+JN - Sheet1.pdf,2016-11-23,37256,545f66062ef09860ddae45ce385a7634837a4d66,ok,
AC2525,AC,AC-25-25,,MC,PDF,AC-25-25+MC.pdf,AC/AC-25-25+MC.pdf,A,existing,GA:AC-25-25-M+MC.pdf,2025-07-25,145911,c8f96cd1ff7d687d0982a1e5007a853b3702802d,ok,
AC2540,AC,AC-25-40,,,PDF,AC-25-40.pdf,AC/AC-25-40.pdf,A,generated,generated from catalogue,2026-09-18,88292,,generated,
AC2580,AC,AC-25-80,,,PDF,AC-25-80.pdf,AC/AC-25-80.pdf,R1,existing,GA:AC-25-80-M-r1.PDF,2021-03-19,63753,bdb7ab3c3ee716a02085510764ea6c1215aadbf1,review,model not in products.csv
AC2625,AC,AC-26-25,,,PDF,AC-26-25.pdf,AC/AC-26-25.pdf,A,generated,generated from catalogue,2026-09-18,88260,,generated,
AC2725,AC,AC-27-25,,,PDF,AC-27-25.pdf,AC/AC-27-25.pdf,A,existing,GA:AC-27-25-m.PDF,2023-06-30,167197,745dbf2a671d01e8182a0cdeec917321bc6eb40f,review,model not in products.csv
AC3025,AC,AC-30-25,,,PDF,AC-30-25.pdf,AC/AC-30-25.pdf,A,generated,generated from catalogue,2026-09-18,88404,,generated,
AC3050,AC,AC-30-50,,,PDF,AC-30-50.pdf,AC/AC-30-50.pdf,A,generated,generated from catalogue,2026-09-18,88468,,generated,
AC3325,AC,AC-33-25,,,PDF,AC-33-25.pdf,AC/AC-33-25.pdf,A,generated,generated from catalogue,2026-09-18,88420,,generated,
AC3350,AC,AC-33-50,,,PDF,AC-33-50.pdf,AC/AC-33-50.pdf,A,generated,generated from catalogue,2026-09-18,88484,,generated,
AC3625,AC,AC-36-25,,,PDF,AC-36-25.pdf,AC/AC-36-25.pdf,A,generated,generated from catalogue,2026-09-18,88436,,generated,
AC3650,AC,AC-36-50,,,PDF,AC-36-50.pdf,AC/AC-36-50.pdf,A,generated,generated from catalogue,2026-09-18,88436,,generated,
AC3725,AC,AC-37-25,,,PDF,AC-37-25.pdf,AC/AC-37-25.pdf,A,generated,generated from catalogue,2026-09-18,88420,,generated,
AC3750,AC,AC-37-50,,,PDF,AC-37-50.pdf,AC/AC-37-50.pdf,A,generated,generated from catalogue,2026-09-18,88436,,generated,
AC3775,AC,AC-37-75,,,PDF,AC-37-75.pdf,AC/AC-37-75.pdf,A,generated,generated from catalogue,2026-09-18,88468,,generated,
AC4225,AC,AC-42-25,,,PDF,AC-42-25.pdf,AC/AC-42-25.pdf,A,generated,generated from catalogue,2026-09-18,88420,,generated,
AC4250,AC,AC-42-50,,,PDF,AC-42-50.pdf,AC/AC-42-50.pdf,A,generated,generated from catalogue,2026-09-18,88404,,generated,
AC4275,AC,AC-42-75,,,PDF,AC-42-75.pdf,AC/AC-42-75.pdf,A,generated,generated from catalogue,2026-09-18,88324,,generated,
AC4525,AC,AC-45-25,,MF,PDF,AC-45-25+MF.pdf,AC/AC-45-25+MF.pdf,A,existing,GA:AC-45-25+mf.PDF,2008-12-31,174817,828542731aac6accae3d0ea163a9cfaef4863c61,review,model not in products.csv
AC4550,AC,AC-45-50,,,PDF,AC-45-50.pdf,AC/AC-45-50.pdf,A,existing,GA:AC-45-50-M.PDF,2018-04-20,60781,5f48693da7215b43388a48b1fedaef612bb8f001,review,model not in products.csv
AC4575,AC,AC-45-75,,,PDF,AC-45-75.pdf,AC/AC-45-75.pdf,A,existing,GA:ac-45-75-m.PDF,2018-04-21,38447,ed9953a175fce8dc0ae0c0f9ed8eeb51cdc52bef,review,model not in products.csv
AC5035,AC,AC-50-35,,,PDF,AC-50-35.pdf,AC/AC-50-35.pdf,A,existing,GA:AC-50-35-M.PDF,2023-02-16,78127,81ebda5105ed15b56f8fb8ac0e8df16961317438,review,model not in products.csv
AC64100,AC,AC-64-100,,,PDF,AC-64-100.pdf,AC/AC-64-100.pdf,A,generated,generated from catalogue,2026-09-18,88468,,generated,
AC64150,AC,AC-64-150,,,PDF,AC-64-150.pdf,AC/AC-64-150.pdf,A,existing,GA:AC-64-150-GA (1).PDF,2023-04-27,51960,a1cb0280a7820180767a7f8287fd9e9448de1429,review,model not in products.csv | check: assembly-type sheet
AC6450,AC,AC-64-50,,,PDF,AC-64-50.pdf,AC/AC-64-50.pdf,A,generated,generated from catalogue,2026-09-18,88436,,generated,
AC86,AC,AC-8-6,,,PDF,AC-8-6.pdf,AC/AC-8-6.pdf,A,generated,generated from catalogue,2026-09-18,88212,,generated,
AC85125,AC,AC-85-125,,,PDF,AC-85-125.pdf,AC/AC-85-125.pdf,A,generated,generated from catalogue,2026-09-18,88452,,generated,
AC85150,AC,AC-85-150,,,PDF,AC-85-150.pdf,AC/AC-85-150.pdf,A,generated,generated from catalogue,2026-09-18,88468,,generated,
ACX2525,ACX,ACX-25-25,,,PDF,ACX-25-25.pdf,ACX/ACX-25-25.pdf,A,existing,GA:ACX-25-25-M.PDF,2025-12-14,60683,06361209b181bb548c94a15cd640ab051552905f,review,model not in products.csv
ACX3325,ACX,ACX-33-25,,,PDF,ACX-33-25.pdf,ACX/ACX-33-25.pdf,A,generated,generated from catalogue,2026-09-18,88404,,generated,
ACX3350,ACX,ACX-33-50,,,PDF,ACX-33-50.pdf,ACX/ACX-33-50.pdf,A,generated,generated from catalogue,2026-09-18,88436,,generated,
ACX3625,ACX,ACX-36-25,,,PDF,ACX-36-25.pdf,ACX/ACX-36-25.pdf,A,generated,generated from catalogue,2026-09-18,88404,,generated,
ACX3650,ACX,ACX-36-50,,,PDF,ACX-36-50.pdf,ACX/ACX-36-50.pdf,A,generated,generated from catalogue,2026-09-18,88388,,generated,
ACX4525,ACX,ACX-45-25,,,PDF,ACX-45-25.pdf,ACX/ACX-45-25.pdf,A,generated,generated from catalogue,2026-09-18,88436,,generated,
ACX4550,ACX,ACX-45-50,,,PDF,ACX-45-50.pdf,ACX/ACX-45-50.pdf,A,generated,generated from catalogue,2026-09-18,88436,,generated,
ACX4575,ACX,ACX-45-75,,,PDF,ACX-45-75.pdf,ACX/ACX-45-75.pdf,A,generated,generated from catalogue,2026-09-18,88436,,generated,
ACX64100,ACX,ACX-64-100,,,PDF,ACX-64-100.pdf,ACX/ACX-64-100.pdf,A,generated,generated from catalogue,2026-09-18,88452,,generated,
ACX64150,ACX,ACX-64-150,,,PDF,ACX-64-150.pdf,ACX/ACX-64-150.pdf,A,generated,generated from catalogue,2026-09-18,88436,,generated,
ACX6450,ACX,ACX-64-50,,,PDF,ACX-64-50.pdf,ACX/ACX-64-50.pdf,A,generated,generated from catalogue,2026-09-18,88436,,generated,
AD115150,AD,AD 115-150,,,PDF,AD-115-150.pdf,AD/AD-115-150.pdf,A,generated,generated from catalogue,2026-09-18,88292,,generated,
AD115200,AD,AD 115-200,,,PDF,AD-115-200.pdf,AD/AD-115-200.pdf,A,generated,generated from catalogue,2026-09-18,88324,,generated,
AD115250,AD,AD 115-250,,,PDF,AD-115-250.pdf,AD/AD-115-250.pdf,A,generated,generated from catalogue,2026-09-18,88340,,generated,
AD1410,AD,AD 14-10,,,PDF,AD-14-10.pdf,AD/AD-14-10.pdf,A,generated,generated from catalogue,2026-09-18,88169,,generated,
AD1613,AD,AD 16-13,,,PDF,AD-16-13.pdf,AD/AD-16-13.pdf,A,generated,generated from catalogue,2026-09-18,88137,,generated,
AD2020,AD,AD 20-20,,,PDF,AD-20-20.pdf,AD/AD-20-20.pdf,A,generated,generated from catalogue,2026-09-18,88228,,generated,
AD2050,AD,AD 20-50,,,PDF,AD-20-50.pdf,AD/AD-20-50.pdf,A,generated,generated from catalogue,2026-09-18,88292,,generated,
AD2220,AD,AD 22-20,,,PDF,AD-22-20.pdf,AD/AD-22-20.pdf,A,generated,generated from catalogue,2026-09-18,88153,,generated,
AD2525,AD,AD 25-25,,,PDF,AD-25-25.pdf,AD/AD-25-25.pdf,A,generated,generated from catalogue,2026-09-18,88212,,generated,
AD2540,AD,AD 25-40,,,PDF,AD-25-40.pdf,AD/AD-25-40.pdf,A,generated,generated from catalogue,2026-09-18,88260,,generated,
AD2625,AD,AD 26-25,,,PDF,AD-26-25.pdf,AD/AD-26-25.pdf,A,generated,generated from catalogue,2026-09-18,88228,,generated,
AD2725,AD,AD 27-25,,,PDF,AD-27-25.pdf,AD/AD-27-25.pdf,A,existing,GA:AD-27-25-M.PDF,2023-06-16,35100,06206e922d2a3f714e96853bea5c629f7e982c32,review,model not in products.csv
AD3025,AD,AD 30-25,,,PDF,AD-30-25.pdf,AD/AD-30-25.pdf,A,generated,generated from catalogue,2026-09-18,88420,,generated,
AD3050,AD,AD 30-50,,,PDF,AD-30-50.pdf,AD/AD-30-50.pdf,A,generated,generated from catalogue,2026-09-18,88452,,generated,
AD3325,AD,AD 33-25,,,PDF,AD-33-25.pdf,AD/AD-33-25.pdf,A,generated,generated from catalogue,2026-09-18,88420,,generated,
AD3350,AD,AD 33-50,,,PDF,AD-33-50.pdf,AD/AD-33-50.pdf,A,generated,generated from catalogue,2026-09-18,88452,,generated,
AD3625,AD,AD 36-25,,,PDF,AD-36-25.pdf,AD/AD-36-25.pdf,A,generated,generated from catalogue,2026-09-18,88436,,generated,
AD3650,AD,AD 36-50,,,PDF,AD-36-50.pdf,AD/AD-36-50.pdf,A,generated,generated from catalogue,2026-09-18,88420,,generated,
AD3725,AD,AD 37-25,,,PDF,AD-37-25.pdf,AD/AD-37-25.pdf,A,generated,generated from catalogue,2026-09-18,88276,,generated,
AD3750,AD,AD 37-50,,,PDF,AD-37-50.pdf,AD/AD-37-50.pdf,A,generated,generated from catalogue,2026-09-18,88260,,generated,
AD3775,AD,AD 37-75,,,PDF,AD-37-75.pdf,AD/AD-37-75.pdf,A,generated,generated from catalogue,2026-09-18,88324,,generated,
AD4225,AD,AD 42-25,,,PDF,AD-42-25.pdf,AD/AD-42-25.pdf,A,generated,generated from catalogue,2026-09-18,88276,,generated,
AD4250,AD,AD 42-50,,,PDF,AD-42-50.pdf,AD/AD-42-50.pdf,A,generated,generated from catalogue,2026-09-18,88260,,generated,
AD4250,AD,AD 42-50,,CL,PDF,AD-42-50+CL.pdf,AD/AD-42-50+CL.pdf,A,existing,GA:AD-42-50-ASSLY+clevis-male.PDF,2018-06-16,38478,9196010845c1e228592b7ae4a96b2c4aacb14978,review,check: assembly-type sheet
AD4275,AD,AD 42-75,,,PDF,AD-42-75.pdf,AD/AD-42-75.pdf,A,generated,generated from catalogue,2026-09-18,88180,,generated,
AD4525,AD,AD 45-25,,,PDF,AD-45-25.pdf,AD/AD-45-25.pdf,A,existing,GA:AD-45-25-M.PDF,2023-03-26,116636,55a98c0e13fbfe49d99cd0e3639ff7109cb66767,review,model not in products.csv
AD64100,AD,AD 64-100,,,PDF,AD-64-100.pdf,AD/AD-64-100.pdf,A,generated,generated from catalogue,2026-09-18,88324,,generated,
AD6450,AD,AD 64-50,,,PDF,AD-64-50.pdf,AD/AD-64-50.pdf,A,generated,generated from catalogue,2026-09-18,88292,,generated,
AD85125,AD,AD 85-125,,,PDF,AD-85-125.pdf,AD/AD-85-125.pdf,A,generated,generated from catalogue,2026-09-18,88292,,generated,
AD85150,AD,AD 85-150,,,PDF,AD-85-150.pdf,AD/AD-85-150.pdf,A,generated,generated from catalogue,2026-09-18,88308,,generated,
ADX2525,ADX,ADX 25-25,,,PDF,ADX-25-25.pdf,ADX/ADX-25-25.pdf,A,existing,GA:ADX-25-25-M.PDF,2012-07-23,79357,d443fcb0c639ff5151a8dbf07c71fdd53a7f803f,review,model not in products.csv
ADX4225,ADX,ADX 42-25,,,PDF,ADX-42-25.pdf,ADX/ADX-42-25.pdf,A,existing,GA:GA DRAWING ADX 42-25-M Model (1.pdf,2017-03-02,41832,77a41e63856db6a26c455e85beec63c0fe7fd09a,review,model not in products.csv
AKHG100100,AKHG,AKHG 100-100,FS,,PDF,AKHG-100-100-FS.pdf,AKHG/AKHG-100-100-FS.pdf,A,generated,generated from catalogue,2026-09-18,88548,,generated,
AKHG100100,AKHG,AKHG 100-100,RS,,PDF,AKHG-100-100-RS.pdf,AKHG/AKHG-100-100-RS.pdf,A,generated,generated from catalogue,2026-09-18,88436,,generated,
AKHG100120,AKHG,AKHG 100-120,FS,,PDF,AKHG-100-120-FS.pdf,AKHG/AKHG-100-120-FS.pdf,A,generated,generated from catalogue,2026-09-18,88596,,generated,
AKHG100120,AKHG,AKHG 100-120,RS,,PDF,AKHG-100-120-RS.pdf,AKHG/AKHG-100-120-RS.pdf,A,generated,generated from catalogue,2026-09-18,88484,,generated,
AKHG100150,AKHG,AKHG 100-150,FS,,PDF,AKHG-100-150-FS.pdf,AKHG/AKHG-100-150-FS.pdf,A,generated,generated from catalogue,2026-09-18,88612,,generated,
AKHG100150,AKHG,AKHG 100-150,RS,,PDF,AKHG-100-150-RS.pdf,AKHG/AKHG-100-150-RS.pdf,A,generated,generated from catalogue,2026-09-18,88484,,generated,
AKHG100200,AKHG,AKHG 100-200,FF,,PDF,AKHG-100-200-FF.pdf,AKHG/AKHG-100-200-FF.pdf,A,existing,GA:Crane Buffers/100/IGS AND MODELS/KHG100-200-FF.PDF,2024-04-05,72616,6989a348c576de52bbe990af12e9adbc293e6b30,ok,
AKHG100200,AKHG,AKHG 100-200,FS,,PDF,AKHG-100-200-FS.pdf,AKHG/AKHG-100-200-FS.pdf,A,generated,generated from catalogue,2026-09-18,88628,,generated,
AKHG100200,AKHG,AKHG 100-200,RS,,PDF,AKHG-100-200-RS.pdf,AKHG/AKHG-100-200-RS.pdf,A,generated,generated from catalogue,2026-09-18,88500,,generated,
AKHG100250,AKHG,AKHG 100-250,FS,,PDF,AKHG-100-250-FS.pdf,AKHG/AKHG-100-250-FS.pdf,A,generated,generated from catalogue,2026-09-18,88612,,generated,
AKHG100250,AKHG,AKHG 100-250,RS,,PDF,AKHG-100-250-RS.pdf,AKHG/AKHG-100-250-RS.pdf,A,generated,generated from catalogue,2026-09-18,88484,,generated,
AKHG100300,AKHG,AKHG 100-300,FS,,PDF,AKHG-100-300-FS.pdf,AKHG/AKHG-100-300-FS.pdf,A,generated,generated from catalogue,2026-09-18,88612,,generated,
AKHG100300,AKHG,AKHG 100-300,RS,,PDF,AKHG-100-300-RS.pdf,AKHG/AKHG-100-300-RS.pdf,A,generated,generated from catalogue,2026-09-18,88532,,generated,
AKHG100400,AKHG,AKHG 100-400,FS,,PDF,AKHG-100-400-FS.pdf,AKHG/AKHG-100-400-FS.pdf,A,generated,generated from catalogue,2026-09-18,88612,,generated,
AKHG100400,AKHG,AKHG 100-400,RS,,PDF,AKHG-100-400-RS.pdf,AKHG/AKHG-100-400-RS.pdf,A,generated,generated from catalogue,2026-09-18,88500,,generated,
AKHG10050,AKHG,AKHG 100-50,FS,,PDF,AKHG-100-50-FS.pdf,AKHG/AKHG-100-50-FS.pdf,A,generated,generated from catalogue,2026-09-18,88548,,generated,
AKHG10050,AKHG,AKHG 100-50,RS,,PDF,AKHG-100-50-RS.pdf,AKHG/AKHG-100-50-RS.pdf,A,generated,generated from catalogue,2026-09-18,88420,,generated,
AKHG100500,AKHG,AKHG 100-500,FS,,PDF,AKHG-100-500-FS.pdf,AKHG/AKHG-100-500-FS.pdf,A,generated,generated from catalogue,2026-09-18,88612,,generated,
AKHG100600,AKHG,AKHG 100-600,FS,,PDF,AKHG-100-600-FS.pdf,AKHG/AKHG-100-600-FS.pdf,A,generated,generated from catalogue,2026-09-18,88628,,generated,
AKHG10080,AKHG,AKHG 100-80,FS,,PDF,AKHG-100-80-FS.pdf,AKHG/AKHG-100-80-FS.pdf,A,generated,generated from catalogue,2026-09-18,88548,,generated,
AKHG10080,AKHG,AKHG 100-80,RS,,PDF,AKHG-100-80-RS.pdf,AKHG/AKHG-100-80-RS.pdf,A,generated,generated from catalogue,2026-09-18,88436,,generated,
AKHG100800,AKHG,AKHG 100-800,FS,,PDF,AKHG-100-800-FS.pdf,AKHG/AKHG-100-800-FS.pdf,A,existing,CB:AKHG 100-800-FS.pdf,2025-03-01,91114,66dd959eaab8f0ff2b8716ce6198760efb0c285d,ok,
AKHG120100,AKHG,AKHG 120-100,FS,,PDF,AKHG-120-100-FS.pdf,AKHG/AKHG-120-100-FS.pdf,A,generated,generated from catalogue,2026-09-18,88596,,generated,
AKHG120100,AKHG,AKHG 120-100,RS,,PDF,AKHG-120-100-RS.pdf,AKHG/AKHG-120-100-RS.pdf,A,generated,generated from catalogue,2026-09-18,88484,,generated,
AKHG1201000,AKHG,AKHG 120-1000,FS,,PDF,AKHG-120-1000-FS.pdf,AKHG/AKHG-120-1000-FS.pdf,A,generated,generated from catalogue,2026-09-18,88692,,generated,
AKHG120150,AKHG,AKHG 120-150,FS,,PDF,AKHG-120-150-FS.pdf,AKHG/AKHG-120-150-FS.pdf,A,generated,generated from catalogue,2026-09-18,88580,,generated,
AKHG120150,AKHG,AKHG 120-150,RS,,PDF,AKHG-120-150-RS.pdf,AKHG/AKHG-120-150-RS.pdf,A,generated,generated from catalogue,2026-09-18,88500,,generated,
AKHG120200,AKHG,AKHG 120-200,FS,,PDF,AKHG-120-200-FS.pdf,AKHG/AKHG-120-200-FS.pdf,A,generated,generated from catalogue,2026-09-18,88580,,generated,
AKHG120200,AKHG,AKHG 120-200,RS,,PDF,AKHG-120-200-RS.pdf,AKHG/AKHG-120-200-RS.pdf,A,generated,generated from catalogue,2026-09-18,88468,,generated,
AKHG120250,AKHG,AKHG 120-250,FS,,PDF,AKHG-120-250-FS.pdf,AKHG/AKHG-120-250-FS.pdf,A,generated,generated from catalogue,2026-09-18,88644,,generated,
AKHG120250,AKHG,AKHG 120-250,RS,,PDF,AKHG-120-250-RS.pdf,AKHG/AKHG-120-250-RS.pdf,A,generated,generated from catalogue,2026-09-18,88532,,generated,
AKHG120300,AKHG,AKHG 120-300,FS,,PDF,AKHG-120-300-FS.pdf,AKHG/AKHG-120-300-FS.pdf,A,generated,generated from catalogue,2026-09-18,88644,,generated,
AKHG120300,AKHG,AKHG 120-300,RS,,PDF,AKHG-120-300-RS.pdf,AKHG/AKHG-120-300-RS.pdf,A,generated,generated from catalogue,2026-09-18,88548,,generated,
AKHG120400,AKHG,AKHG 120-400,FS,,PDF,AKHG-120-400-FS.pdf,AKHG/AKHG-120-400-FS.pdf,A,generated,generated from catalogue,2026-09-18,88644,,generated,
AKHG120400,AKHG,AKHG 120-400,RS,,PDF,AKHG-120-400-RS.pdf,AKHG/AKHG-120-400-RS.pdf,A,generated,generated from catalogue,2026-09-18,88516,,generated,
AKHG120500,AKHG,AKHG 120-500,FS,,PDF,AKHG-120-500-FS.pdf,AKHG/AKHG-120-500-FS.pdf,A,generated,generated from catalogue,2026-09-18,88612,,generated,
AKHG120500,AKHG,AKHG 120-500,RS,,PDF,AKHG-120-500-RS.pdf,AKHG/AKHG-120-500-RS.pdf,A,generated,generated from catalogue,2026-09-18,88516,,generated,
AKHG120600,AKHG,AKHG 120-600,FS,,PDF,AKHG-120-600-FS.pdf,AKHG/AKHG-120-600-FS.pdf,A,generated,generated from catalogue,2026-09-18,88628,,generated,
AKHG120600,AKHG,AKHG 120-600,RS,,PDF,AKHG-120-600-RS.pdf,AKHG/AKHG-120-600-RS.pdf,A,generated,generated from catalogue,2026-09-18,88516,,generated,
AKHG120800,AKHG,AKHG 120-800,FS,,PDF,AKHG-120-800-FS.pdf,AKHG/AKHG-120-800-FS.pdf,A,generated,generated from catalogue,2026-09-18,88628,,generated,
AKHG130250,AKHG,AKHG 130-250,,,PDF,AKHG-130-250.pdf,AKHG/AKHG-130-250.pdf,A,existing,GA:Crane Buffers/130/AKHG-130-250.PDF,2024-05-08,93123,71cb213da5fcec99842de4ad823ce01e8220b534,ok,
AKHG130250,AKHG,AKHG 130-250,FS,,PDF,AKHG-130-250-FS.pdf,AKHG/AKHG-130-250-FS.pdf,A,existing,CB:AKHG 130-250-FS.pdf,2025-03-03,91919,4d2d722ea9fde19234f82e18e06b7abd0f7aceee,ok,
AKHG130250,AKHG,AKHG 130-250,RS,,PDF,AKHG-130-250-RS.pdf,AKHG/AKHG-130-250-RS.pdf,A,existing,CB:AKHG 130-250-RS.pdf,2025-03-03,91851,e3f7edaf62db703e63c11e9e76fea54bcc2c28d5,ok,
AKHG130300,AKHG,AKHG 130-300,FS,,PDF,AKHG-130-300-FS.pdf,AKHG/AKHG-130-300-FS.pdf,A,generated,generated from catalogue,2026-09-18,88644,,generated,
AKHG130300,AKHG,AKHG 130-300,RS,,PDF,AKHG-130-300-RS.pdf,AKHG/AKHG-130-300-RS.pdf,A,generated,generated from catalogue,2026-09-18,88532,,generated,
AKHG130400,AKHG,AKHG 130-400,FS,,PDF,AKHG-130-400-FS.pdf,AKHG/AKHG-130-400-FS.pdf,A,generated,generated from catalogue,2026-09-18,88644,,generated,
AKHG130400,AKHG,AKHG 130-400,RS,,PDF,AKHG-130-400-RS.pdf,AKHG/AKHG-130-400-RS.pdf,A,generated,generated from catalogue,2026-09-18,88548,,generated,
AKHG130500,AKHG,AKHG 130-500,FS,,PDF,AKHG-130-500-FS.pdf,AKHG/AKHG-130-500-FS.pdf,A,generated,generated from catalogue,2026-09-18,88596,,generated,
AKHG130500,AKHG,AKHG 130-500,RS,,PDF,AKHG-130-500-RS.pdf,AKHG/AKHG-130-500-RS.pdf,A,generated,generated from catalogue,2026-09-18,88484,,generated,
AKHG130600,AKHG,AKHG 130-600,FS,,PDF,AKHG-130-600-FS.pdf,AKHG/AKHG-130-600-FS.pdf,A,generated,generated from catalogue,2026-09-18,88596,,generated,
AKHG130800,AKHG,AKHG 130-800,FS,,PDF,AKHG-130-800-FS.pdf,AKHG/AKHG-130-800-FS.pdf,A,generated,generated from catalogue,2026-09-18,88596,,generated,
AKHG140100,AKHG,AKHG 140-100,FS,,PDF,AKHG-140-100-FS.pdf,AKHG/AKHG-140-100-FS.pdf,A,generated,generated from catalogue,2026-09-18,88548,,generated,
AKHG140100,AKHG,AKHG 140-100,RS,,PDF,AKHG-140-100-RS.pdf,AKHG/AKHG-140-100-RS.pdf,A,generated,generated from catalogue,2026-09-18,88420,,generated,
AKHG1401000,AKHG,AKHG 140-1000,FS,,PDF,AKHG-140-1000-FS.pdf,AKHG/AKHG-140-1000-FS.pdf,A,generated,generated from catalogue,2026-09-18,88660,,generated,
AKHG140150,AKHG,AKHG 140-150,FS,,PDF,AKHG-140-150-FS.pdf,AKHG/AKHG-140-150-FS.pdf,A,generated,generated from catalogue,2026-09-18,88532,,generated,
AKHG140150,AKHG,AKHG 140-150,RS,,PDF,AKHG-140-150-RS.pdf,AKHG/AKHG-140-150-RS.pdf,A,generated,generated from catalogue,2026-09-18,88404,,generated,
AKHG140200,AKHG,AKHG 140-200,FS,,PDF,AKHG-140-200-FS.pdf,AKHG/AKHG-140-200-FS.pdf,A,generated,generated from catalogue,2026-09-18,88612,,generated,
AKHG140200,AKHG,AKHG 140-200,RS,,PDF,AKHG-140-200-RS.pdf,AKHG/AKHG-140-200-RS.pdf,A,generated,generated from catalogue,2026-09-18,88500,,generated,
AKHG140300,AKHG,AKHG 140-300,FF,,PDF,AKHG-140-300-FF.pdf,AKHG/AKHG-140-300-FF.pdf,A,existing,CB:AKHG-140-300-FF.PDF,2024-07-18,49406,1d92c00a98b904b8ec63d25bd69d2587fd5882ca,ok,
AKHG140300,AKHG,AKHG 140-300,FS,,PDF,AKHG-140-300-FS.pdf,AKHG/AKHG-140-300-FS.pdf,A,generated,generated from catalogue,2026-09-18,88596,,generated,
AKHG140300,AKHG,AKHG 140-300,RS,,PDF,AKHG-140-300-RS.pdf,AKHG/AKHG-140-300-RS.pdf,A,generated,generated from catalogue,2026-09-18,88484,,generated,
AKHG140400,AKHG,AKHG 140-400,FS,,PDF,AKHG-140-400-FS.pdf,AKHG/AKHG-140-400-FS.pdf,A,generated,generated from catalogue,2026-09-18,88596,,generated,
AKHG140400,AKHG,AKHG 140-400,RS,,PDF,AKHG-140-400-RS.pdf,AKHG/AKHG-140-400-RS.pdf,A,generated,generated from catalogue,2026-09-18,88484,,generated,
AKHG140500,AKHG,AKHG 140-500,FS,,PDF,AKHG-140-500-FS.pdf,AKHG/AKHG-140-500-FS.pdf,A,generated,generated from catalogue,2026-09-18,88580,,generated,
AKHG140500,AKHG,AKHG 140-500,RS,,PDF,AKHG-140-500-RS.pdf,AKHG/AKHG-140-500-RS.pdf,A,generated,generated from catalogue,2026-09-18,88500,,generated,
AKHG140600,AKHG,AKHG 140-600,,,PDF,AKHG-140-600.pdf,AKHG/AKHG-140-600.pdf,A,existing,CB:AKHG140-600-FRONT MOUNT.PDF,2024-06-09,49420,4cfb04aa48fc580b6c8697d0eb23abc6fb72ec67,ok,
AKHG140600,AKHG,AKHG 140-600,FS,,PDF,AKHG-140-600-FS.pdf,AKHG/AKHG-140-600-FS.pdf,A,generated,generated from catalogue,2026-09-18,88628,,generated,
AKHG140600,AKHG,AKHG 140-600,RS,,PDF,AKHG-140-600-RS.pdf,AKHG/AKHG-140-600-RS.pdf,A,generated,generated from catalogue,2026-09-18,88532,,generated,
AKHG140800,AKHG,AKHG 140-800,FS,,PDF,AKHG-140-800-FS.pdf,AKHG/AKHG-140-800-FS.pdf,A,generated,generated from catalogue,2026-09-18,88628,,generated,
AKHG140800,AKHG,AKHG 140-800,RS,,PDF,AKHG-140-800-RS.pdf,AKHG/AKHG-140-800-RS.pdf,A,generated,generated from catalogue,2026-09-18,88516,,generated,
AKHG150100,AKHG,AKHG 150-100,FS,,PDF,AKHG-150-100-FS.pdf,AKHG/AKHG-150-100-FS.pdf,A,generated,generated from catalogue,2026-09-18,88532,,generated,
AKHG150100,AKHG,AKHG 150-100,RS,,PDF,AKHG-150-100-RS.pdf,AKHG/AKHG-150-100-RS.pdf,A,generated,generated from catalogue,2026-09-18,88404,,generated,
AKHG1501000,AKHG,AKHG 150-1000,FS,,PDF,AKHG-150-1000-FS.pdf,AKHG/AKHG-150-1000-FS.pdf,A,generated,generated from catalogue,2026-09-18,88644,,generated,
AKHG1501000,AKHG,AKHG 150-1000,RS,,PDF,AKHG-150-1000-RS.pdf,AKHG/AKHG-150-1000-RS.pdf,A,generated,generated from catalogue,2026-09-18,88532,,generated,
AKHG150200,AKHG,AKHG 150-200,FS,,PDF,AKHG-150-200-FS.pdf,AKHG/AKHG-150-200-FS.pdf,A,generated,generated from catalogue,2026-09-18,88596,,generated,
AKHG150200,AKHG,AKHG 150-200,RS,,PDF,AKHG-150-200-RS.pdf,AKHG/AKHG-150-200-RS.pdf,A,generated,generated from catalogue,2026-09-18,88484,,generated,
AKHG150300,AKHG,AKHG 150-300,FS,,PDF,AKHG-150-300-FS.pdf,AKHG/AKHG-150-300-FS.pdf,A,generated,generated from catalogue,2026-09-18,88628,,generated,
AKHG150300,AKHG,AKHG 150-300,RS,,PDF,AKHG-150-300-RS.pdf,AKHG/AKHG-150-300-RS.pdf,A,generated,generated from catalogue,2026-09-18,88500,,generated,
AKHG150400,AKHG,AKHG 150-400,FS,,PDF,AKHG-150-400-FS.pdf,AKHG/AKHG-150-400-FS.pdf,A,generated,generated from catalogue,2026-09-18,88612,,generated,
AKHG150400,AKHG,AKHG 150-400,RS,,PDF,AKHG-150-400-RS.pdf,AKHG/AKHG-150-400-RS.pdf,A,generated,generated from catalogue,2026-09-18,88500,,generated,
AKHG150500,AKHG,AKHG 150-500,FS,,PDF,AKHG-150-500-FS.pdf,AKHG/AKHG-150-500-FS.pdf,A,generated,generated from catalogue,2026-09-18,88612,,generated,
AKHG150500,AKHG,AKHG 150-500,RS,,PDF,AKHG-150-500-RS.pdf,AKHG/AKHG-150-500-RS.pdf,A,generated,generated from catalogue,2026-09-18,88516,,generated,
AKHG150600,AKHG,AKHG 150-600,FS,,PDF,AKHG-150-600-FS.pdf,AKHG/AKHG-150-600-FS.pdf,A,generated,generated from catalogue,2026-09-18,88596,,generated,
AKHG150600,AKHG,AKHG 150-600,RS,,PDF,AKHG-150-600-RS.pdf,AKHG/AKHG-150-600-RS.pdf,A,generated,generated from catalogue,2026-09-18,88516,,generated,
AKHG150800,AKHG,AKHG 150-800,FS,,PDF,AKHG-150-800-FS.pdf,AKHG/AKHG-150-800-FS.pdf,A,generated,generated from catalogue,2026-09-18,88564,,generated,
AKHG150800,AKHG,AKHG 150-800,RS,,PDF,AKHG-150-800-RS.pdf,AKHG/AKHG-150-800-RS.pdf,A,generated,generated from catalogue,2026-09-18,88484,,generated,
AKHG180100,AKHG,AKHG 180-100,FS,,PDF,AKHG-180-100-FS.pdf,AKHG/AKHG-180-100-FS.pdf,A,generated,generated from catalogue,2026-09-18,88564,,generated,
AKHG180100,AKHG,AKHG 180-100,RS,,PDF,AKHG-180-100-RS.pdf,AKHG/AKHG-180-100-RS.pdf,A,generated,generated from catalogue,2026-09-18,88452,,generated,
AKHG1801000,AKHG,AKHG 180-1000,FS,,PDF,AKHG-180-1000-FS.pdf,AKHG/AKHG-180-1000-FS.pdf,A,generated,generated from catalogue,2026-09-18,88660,,generated,
AKHG1801000,AKHG,AKHG 180-1000,RS,,PDF,AKHG-180-1000-RS.pdf,AKHG/AKHG-180-1000-RS.pdf,A,generated,generated from catalogue,2026-09-18,88548,,generated,
AKHG180125,AKHG,AKHG 180-125,,,PDF,AKHG-180-125.pdf,AKHG/AKHG-180-125.pdf,A,existing,GA:Crane Buffers/180/AKHG-180-125.PDF,2024-05-08,45527,96e0b543e02be3de91598d4a60cb6c2fa991987c,review,model not in products.csv
AKHG180200,AKHG,AKHG 180-200,FS,,PDF,AKHG-180-200-FS.pdf,AKHG/AKHG-180-200-FS.pdf,A,generated,generated from catalogue,2026-09-18,88532,,generated,
AKHG180200,AKHG,AKHG 180-200,RS,,PDF,AKHG-180-200-RS.pdf,AKHG/AKHG-180-200-RS.pdf,A,generated,generated from catalogue,2026-09-18,88436,,generated,
AKHG180250,AKHG,AKHG 180-250,FS,,PDF,AKHG-180-250-FS.pdf,AKHG/AKHG-180-250-FS.pdf,A,generated,generated from catalogue,2026-09-18,88612,,generated,
AKHG180250,AKHG,AKHG 180-250,RS,,PDF,AKHG-180-250-RS.pdf,AKHG/AKHG-180-250-RS.pdf,A,generated,generated from catalogue,2026-09-18,88500,,generated,
AKHG180300,AKHG,AKHG 180-300,FS,,PDF,AKHG-180-300-FS.pdf,AKHG/AKHG-180-300-FS.pdf,A,existing,CB:AKHG 180-300-FS.pdf,2025-03-02,92791,8d8d6791229c74335c2f49faf10735c9d3debc85,review,model not in products.csv
AKHG180300,AKHG,AKHG 180-300,RS,,PDF,AKHG-180-300-RS.pdf,AKHG/AKHG-180-300-RS.pdf,A,existing,CB:AKHG 180-300-RS.pdf,2025-03-03,95170,79bc95750766eeeed69d616bc7c4454a29fcbd55,review,model not in products.csv
AKHG180400,AKHG,AKHG 180-400,FS,,PDF,AKHG-180-400-FS.pdf,AKHG/AKHG-180-400-FS.pdf,A,generated,generated from catalogue,2026-09-18,88596,,generated,
AKHG180400,AKHG,AKHG 180-400,RS,,PDF,AKHG-180-400-RS.pdf,AKHG/AKHG-180-400-RS.pdf,A,generated,generated from catalogue,2026-09-18,88516,,generated,
AKHG180500,AKHG,AKHG 180-500,FS,,PDF,AKHG-180-500-FS.pdf,AKHG/AKHG-180-500-FS.pdf,A,generated,generated from catalogue,2026-09-18,88628,,generated,
AKHG180500,AKHG,AKHG 180-500,RS,,PDF,AKHG-180-500-RS.pdf,AKHG/AKHG-180-500-RS.pdf,A,generated,generated from catalogue,2026-09-18,88500,,generated,
AKHG180600,AKHG,AKHG 180-600,FS,,PDF,AKHG-180-600-FS.pdf,AKHG/AKHG-180-600-FS.pdf,A,generated,generated from catalogue,2026-09-18,88644,,generated,
AKHG180600,AKHG,AKHG 180-600,RS,,PDF,AKHG-180-600-RS.pdf,AKHG/AKHG-180-600-RS.pdf,A,generated,generated from catalogue,2026-09-18,88532,,generated,
AKHG180800,AKHG,AKHG 180-800,FS,,PDF,AKHG-180-800-FS.pdf,AKHG/AKHG-180-800-FS.pdf,A,generated,generated from catalogue,2026-09-18,88628,,generated,
AKHG180800,AKHG,AKHG 180-800,RS,,PDF,AKHG-180-800-RS.pdf,AKHG/AKHG-180-800-RS.pdf,A,generated,generated from catalogue,2026-09-18,88500,,generated,
AKHG65100,AKHG,AKHG 65-100,FS,,PDF,AKHG-65-100-FS.pdf,AKHG/AKHG-65-100-FS.pdf,A,generated,generated from catalogue,2026-09-18,88660,,generated,
AKHG65100,AKHG,AKHG 65-100,RS,,PDF,AKHG-65-100-RS.pdf,AKHG/AKHG-65-100-RS.pdf,A,generated,generated from catalogue,2026-09-18,88548,,generated,
AKHG65125,AKHG,AKHG 65-125,FS,,PDF,AKHG-65-125-FS.pdf,AKHG/AKHG-65-125-FS.pdf,A,generated,generated from catalogue,2026-09-18,88628,,generated,
AKHG65125,AKHG,AKHG 65-125,RS,,PDF,AKHG-65-125-RS.pdf,AKHG/AKHG-65-125-RS.pdf,A,generated,generated from catalogue,2026-09-18,88532,,generated,
AKHG65150,AKHG,AKHG 65-150,FS,,PDF,AKHG-65-150-FS.pdf,AKHG/AKHG-65-150-FS.pdf,A,generated,generated from catalogue,2026-09-18,88660,,generated,
AKHG65150,AKHG,AKHG 65-150,RS,,PDF,AKHG-65-150-RS.pdf,AKHG/AKHG-65-150-RS.pdf,A,generated,generated from catalogue,2026-09-18,88548,,generated,
AKHG6520,AKHG,AKHG 65-20,FS,,PDF,AKHG-65-20-FS.pdf,AKHG/AKHG-65-20-FS.pdf,A,existing,CB:AKHG- 65-20-FS.PDF,2025-02-26,80827,05f0a15225094b09d53c845236508069c804b76f,review,model not in products.csv
AKHG65200,AKHG,AKHG 65-200,FS,,PDF,AKHG-65-200-FS.pdf,AKHG/AKHG-65-200-FS.pdf,A,generated,generated from catalogue,2026-09-18,88676,,generated,
AKHG65200,AKHG,AKHG 65-200,RS,,PDF,AKHG-65-200-RS.pdf,AKHG/AKHG-65-200-RS.pdf,A,generated,generated from catalogue,2026-09-18,88548,,generated,
AKHG6525,AKHG,AKHG 65-25,FS,,PDF,AKHG-65-25-FS.pdf,AKHG/AKHG-65-25-FS.pdf,A,generated,generated from catalogue,2026-09-18,88564,,generated,
AKHG6525,AKHG,AKHG 65-25,RS,,PDF,AKHG-65-25-RS.pdf,AKHG/AKHG-65-25-RS.pdf,A,generated,generated from catalogue,2026-09-18,88484,,generated,
AKHG6550,AKHG,AKHG 65-50,FS,,PDF,AKHG-65-50-FS.pdf,AKHG/AKHG-65-50-FS.pdf,A,generated,generated from catalogue,2026-09-18,88580,,generated,
AKHG6550,AKHG,AKHG 65-50,RS,,PDF,AKHG-65-50-RS.pdf,AKHG/AKHG-65-50-RS.pdf,A,generated,generated from catalogue,2026-09-18,88468,,generated,
AKHG6575,AKHG,AKHG 65-75,FS,,PDF,AKHG-65-75-FS.pdf,AKHG/AKHG-65-75-FS.pdf,A,generated,generated from catalogue,2026-09-18,88596,,generated,
AKHG6575,AKHG,AKHG 65-75,RS,,PDF,AKHG-65-75-RS.pdf,AKHG/AKHG-65-75-RS.pdf,A,generated,generated from catalogue,2026-09-18,88468,,generated,
AKHG85100,AKHG,AKHG 85-100,FS,,PDF,AKHG-85-100-FS.pdf,AKHG/AKHG-85-100-FS.pdf,A,generated,generated from catalogue,2026-09-18,88644,,generated,
AKHG85100,AKHG,AKHG 85-100,RS,,PDF,AKHG-85-100-RS.pdf,AKHG/AKHG-85-100-RS.pdf,A,generated,generated from catalogue,2026-09-18,88548,,generated,
AKHG85150,AKHG,AKHG 85-150,FS,,PDF,AKHG-85-150-FS.pdf,AKHG/AKHG-85-150-FS.pdf,A,generated,generated from catalogue,2026-09-18,88628,,generated,
AKHG85150,AKHG,AKHG 85-150,RS,,PDF,AKHG-85-150-RS.pdf,AKHG/AKHG-85-150-RS.pdf,A,generated,generated from catalogue,2026-09-18,88516,,generated,
AKHG85200,AKHG,AKHG 85-200,FS,,PDF,AKHG-85-200-FS.pdf,AKHG/AKHG-85-200-FS.pdf,A,generated,generated from catalogue,2026-09-18,88612,,generated,
AKHG85200,AKHG,AKHG 85-200,RS,,PDF,AKHG-85-200-RS.pdf,AKHG/AKHG-85-200-RS.pdf,A,generated,generated from catalogue,2026-09-18,88532,,generated,
AKHG85250,AKHG,AKHG 85-250,FS,,PDF,AKHG-85-250-FS.pdf,AKHG/AKHG-85-250-FS.pdf,A,generated,generated from catalogue,2026-09-18,88628,,generated,
AKHG85250,AKHG,AKHG 85-250,RS,,PDF,AKHG-85-250-RS.pdf,AKHG/AKHG-85-250-RS.pdf,A,generated,generated from catalogue,2026-09-18,88500,,generated,
AKHG8550,AKHG,AKHG 85-50,FS,,PDF,AKHG-85-50-FS.pdf,AKHG/AKHG-85-50-FS.pdf,A,generated,generated from catalogue,2026-09-18,88548,,generated,
AKHG8550,AKHG,AKHG 85-50,RS,,PDF,AKHG-85-50-RS.pdf,AKHG/AKHG-85-50-RS.pdf,A,generated,generated from catalogue,2026-09-18,88452,,generated,
AKHS130100,AKHS,AKHS 130-100,RS,,PDF,AKHS-130-100.pdf,AKHS/AKHS-130-100.pdf,A,generated,generated from catalogue,2026-09-18,88468,,generated,
AKHS130150,AKHS,AKHS 130-150,RS,,PDF,AKHS-130-150.pdf,AKHS/AKHS-130-150.pdf,A,generated,generated from catalogue,2026-09-18,88468,,generated,
AKHS13070,AKHS,AKHS 130-70,RS,,PDF,AKHS-130-70.pdf,AKHS/AKHS-130-70.pdf,A,generated,generated from catalogue,2026-09-18,88452,,generated,
AKHS160150,AKHS,AKHS 160-150,RS,,PDF,AKHS-160-150.pdf,AKHS/AKHS-160-150.pdf,A,generated,generated from catalogue,2026-09-18,88468,,generated,
AKHS16080,AKHS,AKHS 160-80,RS,,PDF,AKHS-160-80.pdf,AKHS/AKHS-160-80.pdf,A,generated,generated from catalogue,2026-09-18,88484,,generated,
AKHS190100,AKHS,AKHS 190-100,RS,,PDF,AKHS-190-100.pdf,AKHS/AKHS-190-100.pdf,A,generated,generated from catalogue,2026-09-18,88468,,generated,
AKHS190150,AKHS,AKHS 190-150,RS,,PDF,AKHS-190-150.pdf,AKHS/AKHS-190-150.pdf,A,generated,generated from catalogue,2026-09-18,88468,,generated,
ED1.5X10,ED,ED 1.5 x 10,FF,,PDF,ED-1.5x10.pdf,ED/ED-1.5x10.pdf,A,generated,generated from catalogue,2026-09-18,88772,,generated,
ED1.5X12,ED,ED 1.5 x 12,FF,,PDF,ED-1.5x12.pdf,ED/ED-1.5x12.pdf,A,generated,generated from catalogue,2026-09-18,88772,,generated,
ED1.5X14,ED,ED 1.5 x 14,FF,,PDF,ED-1.5x14.pdf,ED/ED-1.5x14.pdf,A,generated,generated from catalogue,2026-09-18,88756,,generated,
ED1.5X16,ED,ED 1.5 x 16,FF,,PDF,ED-1.5x16.pdf,ED/ED-1.5x16.pdf,A,generated,generated from catalogue,2026-09-18,88820,,generated,
ED1.5X18,ED,ED 1.5 x 18,FF,,PDF,ED-1.5x18.pdf,ED/ED-1.5x18.pdf,A,generated,generated from catalogue,2026-09-18,88804,,generated,
ED1.5X2,ED,ED 1.5 x 2,FF,,PDF,ED-1.5x2.pdf,ED/ED-1.5x2.pdf,A,generated,generated from catalogue,2026-09-18,88756,,generated,
ED1.5X20,ED,ED 1.5 x 20,FF,,PDF,ED-1.5x20.pdf,ED/ED-1.5x20.pdf,A,generated,generated from catalogue,2026-09-18,88804,,generated,
ED1.5X24,ED,ED 1.5 x 24,FF,,PDF,ED-1.5x24.pdf,ED/ED-1.5x24.pdf,A,generated,generated from catalogue,2026-09-18,88804,,generated,
ED1.5X28,ED,ED 1.5 x 28,FF,,PDF,ED-1.5x28.pdf,ED/ED-1.5x28.pdf,A,generated,generated from catalogue,2026-09-18,88804,,generated,
ED1.5X32,ED,ED 1.5 x 32,FF,,PDF,ED-1.5x32.pdf,ED/ED-1.5x32.pdf,A,generated,generated from catalogue,2026-09-18,88804,,generated,
ED1.5X4,ED,ED 1.5 x 4,FF,,PDF,ED-1.5x4.pdf,ED/ED-1.5x4.pdf,A,generated,generated from catalogue,2026-09-18,88740,,generated,
ED1.5X6,ED,ED 1.5 x 6,FF,,PDF,ED-1.5x6.pdf,ED/ED-1.5x6.pdf,A,generated,generated from catalogue,2026-09-18,88788,,generated,
ED1.5X8,ED,ED 1.5 x 8,FF,,PDF,ED-1.5x8.pdf,ED/ED-1.5x8.pdf,A,generated,generated from catalogue,2026-09-18,88788,,generated,
ED2.0X10,ED,ED 2.0 x 10,FF,,PDF,ED-2.0x10.pdf,ED/ED-2.0x10.pdf,A,generated,generated from catalogue,2026-09-18,88788,,generated,
ED2.0X12,ED,ED 2.0 x 12,FF,,PDF,ED-2.0x12.pdf,ED/ED-2.0x12.pdf,A,generated,generated from catalogue,2026-09-18,88820,,generated,
ED2.0X14,ED,ED 2.0 x 14,FF,,PDF,ED-2.0x14.pdf,ED/ED-2.0x14.pdf,A,generated,generated from catalogue,2026-09-18,88804,,generated,
ED2.0X16,ED,ED 2.0 x 16,FF,,PDF,ED-2.0x16.pdf,ED/ED-2.0x16.pdf,A,generated,generated from catalogue,2026-09-18,88804,,generated,
ED2.0X18,ED,ED 2.0 x 18,FF,,PDF,ED-2.0x18.pdf,ED/ED-2.0x18.pdf,A,generated,generated from catalogue,2026-09-18,88820,,generated,
ED2.0X20,ED,ED 2.0 x 20,FF,,PDF,ED-2.0x20.pdf,ED/ED-2.0x20.pdf,A,generated,generated from catalogue,2026-09-18,88820,,generated,
ED2.0X24,ED,ED 2.0 x 24,FF,,PDF,ED-2.0x24.pdf,ED/ED-2.0x24.pdf,A,generated,generated from catalogue,2026-09-18,88836,,generated,
ED2.0X28,ED,ED 2.0 x 28,FF,,PDF,ED-2.0x28.pdf,ED/ED-2.0x28.pdf,A,generated,generated from catalogue,2026-09-18,88804,,generated,
ED2.0X32,ED,ED 2.0 x 32,FF,,PDF,ED-2.0x32.pdf,ED/ED-2.0x32.pdf,A,generated,generated from catalogue,2026-09-18,88804,,generated,
ED2.0X36,ED,ED 2.0 x 36,FF,,PDF,ED-2.0x36.pdf,ED/ED-2.0x36.pdf,A,generated,generated from catalogue,2026-09-18,88788,,generated,
ED2.0X40,ED,ED 2.0 x 40,FF,,PDF,ED-2.0x40.pdf,ED/ED-2.0x40.pdf,A,generated,generated from catalogue,2026-09-18,88788,,generated,
ED2.0X48,ED,ED 2.0 x 48,FF,,PDF,ED-2.0x48.pdf,ED/ED-2.0x48.pdf,A,generated,generated from catalogue,2026-09-18,88820,,generated,
ED2.0X56,ED,ED 2.0 x 56,FF,,PDF,ED-2.0x56.pdf,ED/ED-2.0x56.pdf,A,generated,generated from catalogue,2026-09-18,88836,,generated,
ED2.0X6,ED,ED 2.0 x 6,FF,,PDF,ED-2.0x6.pdf,ED/ED-2.0x6.pdf,A,generated,generated from catalogue,2026-09-18,88724,,generated,
ED2.0X8,ED,ED 2.0 x 8,FF,,PDF,ED-2.0x8.pdf,ED/ED-2.0x8.pdf,A,generated,generated from catalogue,2026-09-18,88724,,generated,
ED3.0X10,ED,ED 3.0 x 10,FF,,PDF,ED-3.0x10.pdf,ED/ED-3.0x10.pdf,A,generated,generated from catalogue,2026-09-18,88788,,generated,
ED3.0X12,ED,ED 3.0 x 12,FF,,PDF,ED-3.0x12.pdf,ED/ED-3.0x12.pdf,A,generated,generated from catalogue,2026-09-18,88852,,generated,
ED3.0X14,ED,ED 3.0 x 14,FF,,PDF,ED-3.0x14.pdf,ED/ED-3.0x14.pdf,A,generated,generated from catalogue,2026-09-18,88916,,generated,
ED3.0X16,ED,ED 3.0 x 16,FF,,PDF,ED-3.0x16.pdf,ED/ED-3.0x16.pdf,A,generated,generated from catalogue,2026-09-18,88916,,generated,
ED3.0X18,ED,ED 3.0 x 18,FF,,PDF,ED-3.0x18.pdf,ED/ED-3.0x18.pdf,A,generated,generated from catalogue,2026-09-18,88916,,generated,
ED3.0X2,ED,ED 3.0 x 2,FF,,PDF,ED-3.0x2.pdf,ED/ED-3.0x2.pdf,A,generated,generated from catalogue,2026-09-18,88836,,generated,
ED3.0X20,ED,ED 3.0 x 20,FF,,PDF,ED-3.0x20.pdf,ED/ED-3.0x20.pdf,A,generated,generated from catalogue,2026-09-18,88900,,generated,
ED3.0X24,ED,ED 3.0 x 24,FF,,PDF,ED-3.0x24.pdf,ED/ED-3.0x24.pdf,A,generated,generated from catalogue,2026-09-18,88852,,generated,
ED3.0X28,ED,ED 3.0 x 28,FF,,PDF,ED-3.0x28.pdf,ED/ED-3.0x28.pdf,A,generated,generated from catalogue,2026-09-18,88852,,generated,
ED3.0X3,ED,ED 3.0 x 3,FF,,PDF,ED-3.0x3.pdf,ED/ED-3.0x3.pdf,A,generated,generated from catalogue,2026-09-18,88836,,generated,
ED3.0X32,ED,ED 3.0 x 32,FF,,PDF,ED-3.0x32.pdf,ED/ED-3.0x32.pdf,A,generated,generated from catalogue,2026-09-18,88820,,generated,
ED3.0X36,ED,ED 3.0 x 36,FF,,PDF,ED-3.0x36.pdf,ED/ED-3.0x36.pdf,A,generated,generated from catalogue,2026-09-18,88820,,generated,
ED3.0X40,ED,ED 3.0 x 40,FF,,PDF,ED-3.0x40.pdf,ED/ED-3.0x40.pdf,A,generated,generated from catalogue,2026-09-18,88820,,generated,
ED3.0X48,ED,ED 3.0 x 48,FF,,PDF,ED-3.0x48.pdf,ED/ED-3.0x48.pdf,A,generated,generated from catalogue,2026-09-18,88884,,generated,
ED3.0X5,ED,ED 3.0 x 5,FF,,PDF,ED-3.0x5.pdf,ED/ED-3.0x5.pdf,A,generated,generated from catalogue,2026-09-18,88852,,generated,
ED3.0X56,ED,ED 3.0 x 56,FF,,PDF,ED-3.0x56.pdf,ED/ED-3.0x56.pdf,A,generated,generated from catalogue,2026-09-18,88884,,generated,
ED3.0X60,ED,ED 3.0 x 60,FF,,PDF,ED-3.0x60.pdf,ED/ED-3.0x60.pdf,A,generated,generated from catalogue,2026-09-18,88900,,generated,
ED3.0X64,ED,ED 3.0 x 64,FF,,PDF,ED-3.0x64.pdf,ED/ED-3.0x64.pdf,A,generated,generated from catalogue,2026-09-18,88916,,generated,
ED3.0X72,ED,ED 3.0 x 72,FF,,PDF,ED-3.0x72.pdf,ED/ED-3.0x72.pdf,A,generated,generated from catalogue,2026-09-18,88900,,generated,
ED3.0X8,ED,ED 3.0 x 8,FF,,PDF,ED-3.0x8.pdf,ED/ED-3.0x8.pdf,A,generated,generated from catalogue,2026-09-18,88852,,generated,
ED3.5X10,ED,ED 3.5 x 10,FF,,PDF,ED-3.5x10.pdf,ED/ED-3.5x10.pdf,A,generated,generated from catalogue,2026-09-18,88772,,generated,
ED3.5X12,ED,ED 3.5 x 12,FF,,PDF,ED-3.5x12.pdf,ED/ED-3.5x12.pdf,A,generated,generated from catalogue,2026-09-18,88740,,generated,
ED3.5X16,ED,ED 3.5 x 16,FF,,PDF,ED-3.5x16.pdf,ED/ED-3.5x16.pdf,A,generated,generated from catalogue,2026-09-18,88852,,generated,
ED3.5X2,ED,ED 3.5 x 2,FF,,PDF,ED-3.5x2.pdf,ED/ED-3.5x2.pdf,A,generated,generated from catalogue,2026-09-18,88756,,generated,
ED3.5X20,ED,ED 3.5 x 20,FF,,PDF,ED-3.5x20.pdf,ED/ED-3.5x20.pdf,A,generated,generated from catalogue,2026-09-18,88820,,generated,
ED3.5X24,ED,ED 3.5 x 24,FF,,PDF,ED-3.5x24.pdf,ED/ED-3.5x24.pdf,A,generated,generated from catalogue,2026-09-18,88820,,generated,
ED3.5X28,ED,ED 3.5 x 28,FF,,PDF,ED-3.5x28.pdf,ED/ED-3.5x28.pdf,A,generated,generated from catalogue,2026-09-18,88804,,generated,
ED3.5X32,ED,ED 3.5 x 32,FF,,PDF,ED-3.5x32.pdf,ED/ED-3.5x32.pdf,A,generated,generated from catalogue,2026-09-18,88804,,generated,
ED3.5X36,ED,ED 3.5 x 36,FF,,PDF,ED-3.5x36.pdf,ED/ED-3.5x36.pdf,A,generated,generated from catalogue,2026-09-18,88804,,generated,
ED3.5X4,ED,ED 3.5 x 4,FF,,PDF,ED-3.5x4.pdf,ED/ED-3.5x4.pdf,A,generated,generated from catalogue,2026-09-18,88772,,generated,
ED3.5X40,ED,ED 3.5 x 40,FF,,PDF,ED-3.5x40.pdf,ED/ED-3.5x40.pdf,A,generated,generated from catalogue,2026-09-18,88804,,generated,
ED3.5X48,ED,ED 3.5 x 48,FF,,PDF,ED-3.5x48.pdf,ED/ED-3.5x48.pdf,A,generated,generated from catalogue,2026-09-18,88804,,generated,
ED3.5X56,ED,ED 3.5 x 56,FF,,PDF,ED-3.5x56.pdf,ED/ED-3.5x56.pdf,A,generated,generated from catalogue,2026-09-18,88820,,generated,
ED3.5X6,ED,ED 3.5 x 6,FF,,PDF,ED-3.5x6.pdf,ED/ED-3.5x6.pdf,A,generated,generated from catalogue,2026-09-18,88788,,generated,
ED3.5X8,ED,ED 3.5 x 8,FF,,PDF,ED-3.5x8.pdf,ED/ED-3.5x8.pdf,A,generated,generated from catalogue,2026-09-18,88788,,generated,
ED4.0X10,ED,ED 4.0 x 10,FF,,PDF,ED-4.0x10.pdf,ED/ED-4.0x10.pdf,A,generated,generated from catalogue,2026-09-18,88836,,generated,
ED4.0X12,ED,ED 4.0 x 12,FF,,PDF,ED-4.0x12.pdf,ED/ED-4.0x12.pdf,A,generated,generated from catalogue,2026-09-18,88788,,generated,
ED4.0X16,ED,ED 4.0 x 16,FF,,PDF,ED-4.0x16.pdf,ED/ED-4.0x16.pdf,A,generated,generated from catalogue,2026-09-18,88772,,generated,
ED4.0X2,ED,ED 4.0 x 2,FF,,PDF,ED-4.0x2.pdf,ED/ED-4.0x2.pdf,A,generated,generated from catalogue,2026-09-18,88804,,generated,
ED4.0X20,ED,ED 4.0 x 20,FF,,PDF,ED-4.0x20.pdf,ED/ED-4.0x20.pdf,A,generated,generated from catalogue,2026-09-18,88836,,generated,
ED4.0X24,ED,ED 4.0 x 24,FF,,PDF,ED-4.0x24.pdf,ED/ED-4.0x24.pdf,A,generated,generated from catalogue,2026-09-18,88852,,generated,
ED4.0X28,ED,ED 4.0 x 28,FF,,PDF,ED-4.0x28.pdf,ED/ED-4.0x28.pdf,A,generated,generated from catalogue,2026-09-18,88820,,generated,
ED4.0X32,ED,ED 4.0 x 32,FF,,PDF,ED-4.0x32.pdf,ED/ED-4.0x32.pdf,A,generated,generated from catalogue,2026-09-18,88868,,generated,
ED4.0X36,ED,ED 4.0 x 36,FF,,PDF,ED-4.0x36.pdf,ED/ED-4.0x36.pdf,A,generated,generated from catalogue,2026-09-18,88820,,generated,
ED4.0X4,ED,ED 4.0 x 4,FF,,PDF,ED-4.0x4.pdf,ED/ED-4.0x4.pdf,A,generated,generated from catalogue,2026-09-18,88836,,generated,
ED4.0X40,ED,ED 4.0 x 40,FF,,PDF,ED-4.0x40.pdf,ED/ED-4.0x40.pdf,A,generated,generated from catalogue,2026-09-18,88836,,generated,
ED4.0X48,ED,ED 4.0 x 48,FF,,PDF,ED-4.0x48.pdf,ED/ED-4.0x48.pdf,A,generated,generated from catalogue,2026-09-18,88852,,generated,
ED4.0X6,ED,ED 4.0 x 6,FF,,PDF,ED-4.0x6.pdf,ED/ED-4.0x6.pdf,A,generated,generated from catalogue,2026-09-18,88836,,generated,
ED4.0X8,ED,ED 4.0 x 8,FF,,PDF,ED-4.0x8.pdf,ED/ED-4.0x8.pdf,A,generated,generated from catalogue,2026-09-18,88820,,generated,
EI100X100,EI,EI 100 x 100,FF,,PDF,EI-100X100-FF.pdf,EI/EI-100X100-FF.pdf,A,generated,generated from catalogue,2026-09-18,88724,,generated,
EI100X100,EI,EI 100 x 100,FR,,PDF,EI-100X100-FR.pdf,EI/EI-100X100-FR.pdf,A,generated,generated from catalogue,2026-09-18,88580,,generated,
EI100X150,EI,EI 100 x 150,FF,,PDF,EI-100X150-FF.pdf,EI/EI-100X150-FF.pdf,A,generated,generated from catalogue,2026-09-18,88644,,generated,
EI100X150,EI,EI 100 x 150,FR,,PDF,EI-100X150-FR.pdf,EI/EI-100X150-FR.pdf,A,generated,generated from catalogue,2026-09-18,88548,,generated,
EI100X200,EI,EI 100 x 200,FF,,PDF,EI-100X200-FF.pdf,EI/EI-100X200-FF.pdf,A,generated,generated from catalogue,2026-09-18,88708,,generated,
EI100X200,EI,EI 100 x 200,FR,,PDF,EI-100X200-FR.pdf,EI/EI-100X200-FR.pdf,A,generated,generated from catalogue,2026-09-18,88612,,generated,
EI100X400,EI,EI 100 x 400,FF,,PDF,EI-100X400-FF.pdf,EI/EI-100X400-FF.pdf,A,generated,generated from catalogue,2026-09-18,88724,,generated,
EI100X400,EI,EI 100 x 400,FR,,PDF,EI-100X400-FR.pdf,EI/EI-100X400-FR.pdf,A,generated,generated from catalogue,2026-09-18,88612,,generated,
EI100X50,EI,EI 100 x 50,FF,,PDF,EI-100X50-FF.pdf,EI/EI-100X50-FF.pdf,A,generated,generated from catalogue,2026-09-18,88692,,generated,
EI100X50,EI,EI 100 x 50,FR,,PDF,EI-100X50-FR.pdf,EI/EI-100X50-FR.pdf,A,generated,generated from catalogue,2026-09-18,88580,,generated,
EI100X500,EI,EI 100 x 500,FF,,PDF,EI-100X500-FF.pdf,EI/EI-100X500-FF.pdf,A,generated,generated from catalogue,2026-09-18,88740,,generated,
EI100X600,EI,EI 100 x 600,FF,,PDF,EI-100X600-FF.pdf,EI/EI-100X600-FF.pdf,A,generated,generated from catalogue,2026-09-18,88724,,generated,
EI100X800,EI,EI 100 x 800,FF,,PDF,EI-100X800-FF.pdf,EI/EI-100X800-FF.pdf,A,generated,generated from catalogue,2026-09-18,88724,,generated,
EI120X100,EI,EI 120 x 100,FF,,PDF,EI-120X100-FF.pdf,EI/EI-120X100-FF.pdf,A,generated,generated from catalogue,2026-09-18,88676,,generated,
EI120X100,EI,EI 120 x 100,FR,,PDF,EI-120X100-FR.pdf,EI/EI-120X100-FR.pdf,A,generated,generated from catalogue,2026-09-18,88564,,generated,
EI120X1000,EI,EI 120 x 1000,FF,,PDF,EI-120X1000-FF.pdf,EI/EI-120X1000-FF.pdf,A,generated,generated from catalogue,2026-09-18,88724,,generated,
EI120X150,EI,EI 120 x 150,FF,,PDF,EI-120X150-FF.pdf,EI/EI-120X150-FF.pdf,A,generated,generated from catalogue,2026-09-18,88676,,generated,
EI120X150,EI,EI 120 x 150,FR,,PDF,EI-120X150-FR.pdf,EI/EI-120X150-FR.pdf,A,generated,generated from catalogue,2026-09-18,88564,,generated,
EI120X200,EI,EI 120 x 200,FF,,PDF,EI-120X200-FF.pdf,EI/EI-120X200-FF.pdf,A,generated,generated from catalogue,2026-09-18,88660,,generated,
EI120X200,EI,EI 120 x 200,FR,,PDF,EI-120X200-FR.pdf,EI/EI-120X200-FR.pdf,A,generated,generated from catalogue,2026-09-18,88564,,generated,
EI120X300,EI,EI 120 x 300,FF,,PDF,EI-120X300-FF.pdf,EI/EI-120X300-FF.pdf,A,generated,generated from catalogue,2026-09-18,88692,,generated,
EI120X300,EI,EI 120 x 300,FR,,PDF,EI-120X300-FR.pdf,EI/EI-120X300-FR.pdf,A,generated,generated from catalogue,2026-09-18,88596,,generated,
EI120X400,EI,EI 120 x 400,FF,,PDF,EI-120X400-FF.pdf,EI/EI-120X400-FF.pdf,A,generated,generated from catalogue,2026-09-18,88724,,generated,
EI120X400,EI,EI 120 x 400,FR,,PDF,EI-120X400-FR.pdf,EI/EI-120X400-FR.pdf,A,generated,generated from catalogue,2026-09-18,88612,,generated,
EI120X600,EI,EI 120 x 600,FF,,PDF,EI-120X600-FF.pdf,EI/EI-120X600-FF.pdf,A,generated,generated from catalogue,2026-09-18,88708,,generated,
EI120X800,EI,EI 120 x 800,FF,,PDF,EI-120X800-FF.pdf,EI/EI-120X800-FF.pdf,A,generated,generated from catalogue,2026-09-18,88676,,generated,
EI130X1000,EI,EI 130 x 1000,FF,,PDF,EI-130X1000-FF.pdf,EI/EI-130X1000-FF.pdf,A,existing,CB:EI 130X1000-FF.pdf,2025-03-06,63889,4b54b59e35844a55b4abf0b3243486a1a0852137,review,model not in products.csv
EI130X250,EI,EI 130 x 250,FF,,PDF,EI-130X250-FF.pdf,EI/EI-130X250-FF.pdf,A,generated,generated from catalogue,2026-09-18,88628,,generated,
EI130X250,EI,EI 130 x 250,FR,,PDF,EI-130X250-FR.pdf,EI/EI-130X250-FR.pdf,A,generated,generated from catalogue,2026-09-18,88516,,generated,
EI130X300,EI,EI 130 x 300,FF,,PDF,EI-130X300-FF.pdf,EI/EI-130X300-FF.pdf,A,generated,generated from catalogue,2026-09-18,88708,,generated,
EI130X300,EI,EI 130 x 300,FR,,PDF,EI-130X300-FR.pdf,EI/EI-130X300-FR.pdf,A,generated,generated from catalogue,2026-09-18,88580,,generated,
EI130X400,EI,EI 130 x 400,FF,,PDF,EI-130X400-FF.pdf,EI/EI-130X400-FF.pdf,A,generated,generated from catalogue,2026-09-18,88708,,generated,
EI130X400,EI,EI 130 x 400,FR,,PDF,EI-130X400-FR.pdf,EI/EI-130X400-FR.pdf,A,generated,generated from catalogue,2026-09-18,88580,,generated,
EI130X600,EI,EI 130 x 600,FF,,PDF,EI-130X600-FF.pdf,EI/EI-130X600-FF.pdf,A,generated,generated from catalogue,2026-09-18,88692,,generated,
EI130X800,EI,EI 130 x 800,FF,,PDF,EI-130X800-FF.pdf,EI/EI-130X800-FF.pdf,A,generated,generated from catalogue,2026-09-18,88676,,generated,
EI150X1000,EI,EI 150 x 1000,FF,,PDF,EI-150X1000-FF.pdf,EI/EI-150X1000-FF.pdf,A,generated,generated from catalogue,2026-09-18,88724,,generated,
EI150X115,EI,EI 150 x 115,FF,,PDF,EI-150X115-FF.pdf,EI/EI-150X115-FF.pdf,A,generated,generated from catalogue,2026-09-18,88660,,generated,
EI150X115,EI,EI 150 x 115,FR,,PDF,EI-150X115-FR.pdf,EI/EI-150X115-FR.pdf,A,generated,generated from catalogue,2026-09-18,88548,,generated,
EI150X150,EI,EI 150 x 150,FF,,PDF,EI-150X150-FF.pdf,EI/EI-150X150-FF.pdf,A,generated,generated from catalogue,2026-09-18,88660,,generated,
EI150X150,EI,EI 150 x 150,FR,,PDF,EI-150X150-FR.pdf,EI/EI-150X150-FR.pdf,A,generated,generated from catalogue,2026-09-18,88548,,generated,
EI150X400,EI,EI 150 x 400,FF,,PDF,EI-150X400-FF.pdf,EI/EI-150X400-FF.pdf,A,generated,generated from catalogue,2026-09-18,88708,,generated,
EI150X400,EI,EI 150 x 400,FR,,PDF,EI-150X400-FR.pdf,EI/EI-150X400-FR.pdf,A,generated,generated from catalogue,2026-09-18,88596,,generated,
EI150X500,EI,EI 150 x 500,FF,,PDF,EI-150X500-FF.pdf,EI/EI-150X500-FF.pdf,A,generated,generated from catalogue,2026-09-18,88660,,generated,
EI150X600,EI,EI 150 x 600,FF,,PDF,EI-150X600-FF.pdf,EI/EI-150X600-FF.pdf,A,generated,generated from catalogue,2026-09-18,88692,,generated,
EI150X800,EI,EI 150 x 800,FF,,PDF,EI-150X800-FF.pdf,EI/EI-150X800-FF.pdf,A,generated,generated from catalogue,2026-09-18,88692,,generated,
EI50X100,EI,EI 50 x 100,,,PDF,EI-50X100.pdf,EI/EI-50X100.pdf,A,existing,GA:Crane Buffers/EI 50/EI 50 X 100.PDF,2024-04-08,108281,480b6741b0a37611f14fabd5c15247d12da65355,ok,
EI50X100,EI,EI 50 x 100,FF,,PDF,EI-50X100-FF.pdf,EI/EI-50X100-FF.pdf,A,existing,CB:EI 50X100-FF.pdf,2025-02-27,74082,1d027dcc59a3422b6508cba6a4dee47c7e201690,ok,
EI50X100,EI,EI 50 x 100,FR,,PDF,EI-50X100-FR.pdf,EI/EI-50X100-FR.pdf,A,generated,generated from catalogue,2026-09-18,88532,,generated,
EI50X50,EI,EI 50 x 50,,,PDF,EI-50X50.pdf,EI/EI-50X50.pdf,A,existing,GA:Crane Buffers/EI 50/EI 50 X 50.PDF,2024-04-08,52732,f75ac7fefe81e8adcfdfe3c5c5a563488b3030e5,ok,
EI50X50,EI,EI 50 x 50,FF,,PDF,EI-50X50-FF.pdf,EI/EI-50X50-FF.pdf,A,existing,CB:EI 50X50-FF.pdf,2025-02-27,74184,0030e3a058eb1955aa55f29b14dcfbc979cfde58,ok,
EI50X50,EI,EI 50 x 50,FR,,PDF,EI-50X50-FR.pdf,EI/EI-50X50-FR.pdf,A,generated,generated from catalogue,2026-09-18,88564,,generated,
EI80X100,EI,EI 80 x 100,FF,,PDF,EI-80X100-FF.pdf,EI/EI-80X100-FF.pdf,A,existing,CB:EI 80-100-FF.pdf,2025-03-05,75595,b3fc5b07bbf31847b8a76a8b284a8c298a95f602,ok,
EI80X100,EI,EI 80 x 100,FR,,PDF,EI-80X100-FR.pdf,EI/EI-80X100-FR.pdf,A,generated,generated from catalogue,2026-09-18,88516,,generated,
EI80X50,EI,EI 80 x 50,FR,,PDF,EI-80X50-FR.pdf,EI/EI-80X50-FR.pdf,A,generated,generated from catalogue,2026-09-18,88516,,generated,
JHQC1,JHQC,JHQ-C-1,,,PDF,JHQ-C-1.pdf,JHQC/JHQ-C-1.pdf,A,generated,generated from catalogue,2026-09-18,88740,,generated,
JHQC10,JHQC,JHQ-C-10,,,PDF,JHQ-C-10.pdf,JHQC/JHQ-C-10.pdf,A,generated,generated from catalogue,2026-09-18,88756,,generated,
JHQC11,JHQC,JHQ-C-11,,,PDF,JHQ-C-11.pdf,JHQC/JHQ-C-11.pdf,A,generated,generated from catalogue,2026-09-18,88724,,generated,
JHQC12,JHQC,JHQ-C-12,,,PDF,JHQ-C-12.pdf,JHQC/JHQ-C-12.pdf,A,generated,generated from catalogue,2026-09-18,88708,,generated,
JHQC13,JHQC,JHQ-C-13,,,PDF,JHQ-C-13.pdf,JHQC/JHQ-C-13.pdf,A,generated,generated from catalogue,2026-09-18,88692,,generated,
JHQC14,JHQC,JHQ-C-14,,,PDF,JHQ-C-14.pdf,JHQC/JHQ-C-14.pdf,A,generated,generated from catalogue,2026-09-18,88676,,generated,
JHQC15,JHQC,JHQ-C-15,,,PDF,JHQ-C-15.pdf,JHQC/JHQ-C-15.pdf,A,generated,generated from catalogue,2026-09-18,88708,,generated,
JHQC16,JHQC,JHQ-C-16,,,PDF,JHQ-C-16.pdf,JHQC/JHQ-C-16.pdf,A,generated,generated from catalogue,2026-09-18,88772,,generated,
JHQC17,JHQC,JHQ-C-17,,,PDF,JHQ-C-17.pdf,JHQC/JHQ-C-17.pdf,A,generated,generated from catalogue,2026-09-18,88772,,generated,
JHQC18,JHQC,JHQ-C-18,,,PDF,JHQ-C-18.pdf,JHQC/JHQ-C-18.pdf,A,generated,generated from catalogue,2026-09-18,88756,,generated,
JHQC19,JHQC,JHQ-C-19,,,PDF,JHQ-C-19.pdf,JHQC/JHQ-C-19.pdf,A,generated,generated from catalogue,2026-09-18,88804,,generated,
JHQC2,JHQC,JHQ-C-2,,,PDF,JHQ-C-2.pdf,JHQC/JHQ-C-2.pdf,A,generated,generated from catalogue,2026-09-18,88740,,generated,
JHQC20,JHQC,JHQ-C-20,,,PDF,JHQ-C-20.pdf,JHQC/JHQ-C-20.pdf,A,generated,generated from catalogue,2026-09-18,88788,,generated,
JHQC21,JHQC,JHQ-C-21,,,PDF,JHQ-C-21.pdf,JHQC/JHQ-C-21.pdf,A,generated,generated from catalogue,2026-09-18,88756,,generated,
JHQC22,JHQC,JHQ-C-22,,,PDF,JHQ-C-22.pdf,JHQC/JHQ-C-22.pdf,A,generated,generated from catalogue,2026-09-18,88788,,generated,
JHQC23,JHQC,JHQ-C-23,,,PDF,JHQ-C-23.pdf,JHQC/JHQ-C-23.pdf,A,generated,generated from catalogue,2026-09-18,88804,,generated,
JHQC24,JHQC,JHQ-C-24,,,PDF,JHQ-C-24.pdf,JHQC/JHQ-C-24.pdf,A,generated,generated from catalogue,2026-09-18,88788,,generated,
JHQC3,JHQC,JHQ-C-3,,,PDF,JHQ-C-3.pdf,JHQC/JHQ-C-3.pdf,A,generated,generated from catalogue,2026-09-18,88740,,generated,
JHQC4,JHQC,JHQ-C-4,,,PDF,JHQ-C-4.pdf,JHQC/JHQ-C-4.pdf,A,generated,generated from catalogue,2026-09-18,88676,,generated,
JHQC5,JHQC,JHQ-C-5,,,PDF,JHQ-C-5.pdf,JHQC/JHQ-C-5.pdf,A,generated,generated from catalogue,2026-09-18,88676,,generated,
JHQC6,JHQC,JHQ-C-6,,,PDF,JHQ-C-6.pdf,JHQC/JHQ-C-6.pdf,A,generated,generated from catalogue,2026-09-18,88708,,generated,
JHQC7,JHQC,JHQ-C-7,,,PDF,JHQ-C-7.pdf,JHQC/JHQ-C-7.pdf,A,generated,generated from catalogue,2026-09-18,88756,,generated,
JHQC8,JHQC,JHQ-C-8,,,PDF,JHQ-C-8.pdf,JHQC/JHQ-C-8.pdf,A,generated,generated from catalogue,2026-09-18,88772,,generated,
JHQC9,JHQC,JHQ-C-9,,,PDF,JHQ-C-9.pdf,JHQC/JHQ-C-9.pdf,A,generated,generated from catalogue,2026-09-18,88756,,generated,
SB1204A,SB,SB-1204A,,,PDF,SB-1204A.pdf,SB/SB-1204A.pdf,A,generated,generated from catalogue,2026-09-18,88617,,generated,
SB1204B,SB,SB-1204B,,,PDF,SB-1204B.pdf,SB/SB-1204B.pdf,A,generated,generated from catalogue,2026-09-18,88633,,generated,
SB1204C,SB,SB-1204C,,,PDF,SB-1204C.pdf,SB/SB-1204C.pdf,A,generated,generated from catalogue,2026-09-18,88601,,generated,
SB1204D,SB,SB-1204D,,,PDF,SB-1204D.pdf,SB/SB-1204D.pdf,A,generated,generated from catalogue,2026-09-18,88681,,generated,
SB1204E,SB,SB-1204E,,,PDF,SB-1204E.pdf,SB/SB-1204E.pdf,A,generated,generated from catalogue,2026-09-18,88681,,generated,
SB1204F,SB,SB-1204F,,,PDF,SB-1204F.pdf,SB/SB-1204F.pdf,A,generated,generated from catalogue,2026-09-18,88745,,generated,
SB1204G,SB,SB-1204G,,,PDF,SB-1204G.pdf,SB/SB-1204G.pdf,A,generated,generated from catalogue,2026-09-18,88665,,generated,
SB1220A,SB,SB-1220-A,,,PDF,SB-1220-A.pdf,SB/SB-1220-A.pdf,A,generated,generated from catalogue,2026-09-18,88649,,generated,
SB1220B,SB,SB-1220-B,,,PDF,SB-1220-B.pdf,SB/SB-1220-B.pdf,A,generated,generated from catalogue,2026-09-18,88649,,generated,
SB1220C,SB,SB-1220-C,,,PDF,SB-1220-C.pdf,SB/SB-1220-C.pdf,A,generated,generated from catalogue,2026-09-18,88649,,generated,
SB1220D,SB,SB-1220-D,,,PDF,SB-1220-D.pdf,SB/SB-1220-D.pdf,A,generated,generated from catalogue,2026-09-18,88665,,generated,
SB1220E,SB,SB-1220-E,,,PDF,SB-1220-E.pdf,SB/SB-1220-E.pdf,A,generated,generated from catalogue,2026-09-18,88649,,generated,
SB1220F,SB,SB-1220-F,,,PDF,SB-1220-F.pdf,SB/SB-1220-F.pdf,A,generated,generated from catalogue,2026-09-18,88633,,generated,
SB1220G,SB,SB-1220-G,,,PDF,SB-1220-G.pdf,SB/SB-1220-G.pdf,A,generated,generated from catalogue,2026-09-18,88665,,generated,
SB1220H,SB,SB-1220-H,,,PDF,SB-1220-H.pdf,SB/SB-1220-H.pdf,A,generated,generated from catalogue,2026-09-18,88665,,generated,
SB1220J,SB,SB-1220-J,,,PDF,SB-1220-J.pdf,SB/SB-1220-J.pdf,A,generated,generated from catalogue,2026-09-18,88601,,generated,
SB1220K,SB,SB-1220-K,,,PDF,SB-1220-K.pdf,SB/SB-1220-K.pdf,A,generated,generated from catalogue,2026-09-18,88681,,generated,
SB1220L,SB,SB-1220-L,,,PDF,SB-1220-L.pdf,SB/SB-1220-L.pdf,A,generated,generated from catalogue,2026-09-18,88665,,generated,
SB1220M,SB,SB-1220-M,,,PDF,SB-1220-M.pdf,SB/SB-1220-M.pdf,A,generated,generated from catalogue,2026-09-18,88665,,generated,
SB1220N,SB,SB-1220-N,,,PDF,SB-1220-N.pdf,SB/SB-1220-N.pdf,A,generated,generated from catalogue,2026-09-18,88665,,generated,
SB1220P,SB,SB-1220-P,,,PDF,SB-1220-P.pdf,SB/SB-1220-P.pdf,A,generated,generated from catalogue,2026-09-18,88665,,generated,
