raw,model,price,source,note
AKHG 150-400 HYDRAUIIC BUFFER,AKHG-150-400,78600.0,product_list:market,Hydraulic Buffer
AKHG 150-400 HYDRAUIIC BUFFER,AKHG-150-400,78600.0,product_list:b2b,Hydraulic Buffer
PU BUFFER JHQ-C-18,JHQ-C-18,12500.0,product_list:market,Anti vibration Products
PU BUFFER JHQ-C-18,JHQ-C-18,12500.0,product_list:b2b,Anti vibration Products
SHOCK ABSORBER SCS-50-200 (2101028563),SCS-50-200,65000.0,product_list:market,nan
SHOCK ABSORBER SCS-50-200 (2101028563),SCS-50-200,62500.0,product_list:b2b,nan
SHOCK ABSORBER SCS-50-200 (2101028563),SCS-50-200,62500.0,product_list:jindal,nan
SHOCK ABSORBER MC6450-4 (2100964837),MC6450-4,50000.0,product_list:market,nan
SHOCK ABSORBER MC6450-4 (2100964837),MC6450-4,48500.0,product_list:b2b,nan
SHOCK ABSORBER SCS-64-150 (2101029808),SCS-64-150,85000.0,product_list:market,nan
SHOCK ABSORBER SCS-64-150 (2101029808),SCS-64-150,82500.0,product_list:b2b,nan
Daimond Shaped Anti Vibration Mount 530603,DAIMOND-SHAPED-ANTI-VIBRATION-MOUNT-530603,450.0,product_list:market,Anti vibration Products
Daimond Shaped Anti Vibration Mount 530603,DAIMOND-SHAPED-ANTI-VIBRATION-MOUNT-530603,300.0,product_list:b2b,Anti vibration Products
AWRI48-40-(WR 6-400) 36 X 41,AWRI-48-40-36-X-41,3800.0,product_list:market,Wire rope Isolater
AWRI48-40-(WR 6-400) 36 X 41,AWRI-48-40-36-X-41,3800.0,product_list:b2b,Wire rope Isolater
SPRING BUFFER 750kgs (AT-SB750-03) 100 mm stroke,SPRING-BUFFER-750KGS-100-MM,4000.0,product_list:market,Spring Buffer
SPRING BUFFER 750kgs (AT-SB750-03) 100 mm stroke,SPRING-BUFFER-750KGS-100-MM,24500.0,product_list:b2b,Spring Buffer
SPRING BUFFER 1500kgs (AT-SB1500-03) 100 mm stroke,SPRING-BUFFER-1500KGS-100-MM,40000.0,product_list:market,Spring Buffer
SPRING BUFFER 1500kgs (AT-SB1500-03) 100 mm stroke,SPRING-BUFFER-1500KGS-100-MM,28000.0,product_list:b2b,Spring Buffer
SPRING BUFFER 1500kgs (AT-SB1500-03) 100 mm stroke,SPRING-BUFFER-1500KGS-100-MM,28000.0,product_list:jindal,Spring Buffer
AWRI 127-90-08-C TYPE MOUNTING 8 LOOPS,AWRI-127-90-08,14200.0,product_list:market,Wire rope Isolater
AWRI 127-90-08-C TYPE MOUNTING 8 LOOPS,AWRI-127-90-08,14200.0,product_list:b2b,Wire rope Isolater
AWRI 127-90-06 - CTYPE MOUNTING 6 LOOPS,AWRI-127-90-06,14200.0,product_list:market,Wire rope Isolater
AWRI 127-90-06 - CTYPE MOUNTING 6 LOOPS,AWRI-127-90-06,14200.0,product_list:b2b,Wire rope Isolater
AWRI 127-90-04-C TYPE MOUNTING 4 LOOPS,AWRI-127-90-04,14200.0,product_list:market,Wire rope Isolater
AWRI 127-90-04-C TYPE MOUNTING 4 LOOPS,AWRI-127-90-04,14200.0,product_list:b2b,Wire rope Isolater
AC 45-50-M THREADING M 45 X1.5 STROKE 1.5,AC-45-50,7800.0,product_list:market,Industrial Shock Absorbers
AC 45-50-M THREADING M 45 X1.5 STROKE 1.5,AC-45-50,7800.0,product_list:b2b,Industrial Shock Absorbers
AC -14-12-M thredain M 14 x 1.5 Stroke 12 mm Black Finish,AC-14-12,1320.0,product_list:market,Industrial Shock Absorbers
AC -14-12-M thredain M 14 x 1.5 Stroke 12 mm Black Finish,AC-14-12,1320.0,product_list:b2b,Industrial Shock Absorbers
AC-14-12-F,AC-14-12,1320.0,product_list:market,Industrial Shock Absorbers
AC-14-12-F,AC-14-12,1320.0,product_list:b2b,Industrial Shock Absorbers
AWRI 222-90-08,AWRI-222-90,36000.0,product_list:market,Wire rope Isolater
AWRI 222-90-08,AWRI-222-90,36000.0,product_list:b2b,Wire rope Isolater
AWRI 32-20(30*38),AWRI-32-20,2500.0,product_list:market,Wire rope Isolater
AWRI 32-20(30*38),AWRI-32-20,2500.0,product_list:b2b,Wire rope Isolater
HHSS20 Half Helical Wire rope Isolater,HHSS20-HALF-HELICAL,16500.0,product_list:market,Wire rope Isolater
Anti Vibtration Mount with Bilateral Bolt Dia 20 x 15 x M8,ANTI-VIBTRATION-MOUNT-WITH-BILATERAL-BOLT-DIA-20-X-15-X-M8,450.0,product_list:market,Anti vibration Products
Anti Vibtration Mount with Bilateral Bolt Dia 20 x 15 x M8,ANTI-VIBTRATION-MOUNT-WITH-BILATERAL-BOLT-DIA-20-X-15-X-M8,300.0,product_list:b2b,Anti vibration Products
Anti Vibtration Mount with Bilateral Bolt Dia 12 x 10 x M5,ANTI-VIBTRATION-MOUNT-WITH-BILATERAL-BOLT-DIA-12-X-10-X-M5,450.0,product_list:market,Anti vibration Products
Anti Vibtration Mount with Bilateral Bolt Dia 12 x 10 x M5,ANTI-VIBTRATION-MOUNT-WITH-BILATERAL-BOLT-DIA-12-X-10-X-M5,300.0,product_list:b2b,Anti vibration Products
AWR159-60(109*135)-8 En8 Lugs,AWRI-159-60,16800.0,product_list:market,Wire rope Isolater
AWR159-60(109*135)-8 En8 Lugs,AWRI-159-60,16800.0,product_list:b2b,Wire rope Isolater
AWR159-60(109*135)-6 En8 Lugs,AWRI-159-60,16800.0,product_list:market,Wire rope Isolater
AWR159-60(109*135)-6 En8 Lugs,AWRI-159-60,16800.0,product_list:b2b,Wire rope Isolater
AWR159-60(109*135)-8,AWRI-159-60,16800.0,product_list:market,Wire rope Isolater
AWR159-60(109*135)-8,AWRI-159-60,16800.0,product_list:b2b,Wire rope Isolater
AWR159-60(109*135)-6,AWRI-159-60,16800.0,product_list:market,Wire rope Isolater
AWR159-60(109*135)-6,AWRI-159-60,16800.0,product_list:b2b,Wire rope Isolater
AD 85-125-M+CLEVIS,AD-85-125-M+CLEVIS,40000.0,product_list:market,Industrial Shock Absorbers
AD 85-125-M+CLEVIS,AD-85-125-M+CLEVIS,36500.0,product_list:b2b,Industrial Shock Absorbers
AD 85-125-M  threading M 85 x 2.0 Stroke 125 mm,AD-85-125,40000.0,product_list:market,nan
AD 85-125-M  threading M 85 x 2.0 Stroke 125 mm,AD-85-125,36500.0,product_list:b2b,nan
AD-85-125-M+CLEVIS,AD-85-125-M+CLEVIS,40000.0,product_list:market,nan
AD-85-125-M+CLEVIS,AD-85-125-M+CLEVIS,36500.0,product_list:b2b,nan
AD-85-125-M+CLEVIS,AD-85-125-M+CLEVIS,36500.0,product_list:jindal,nan
Standard cylinder short ZK-18-0370 Diameter: 18mm | Stroke: 370mm Connection: M5 front side | Total length: 485mm,STANDARD-CYLINDER-SHORT-ZK-18-0370-DIAMETER:-18MM-|,46000.0,product_list:market,Linear Motion Products
REPAIR TO MA64100,REPAIR-TO-MA64100,12500.0,product_list:market,nan
REPAIR TO MA64100,REPAIR-TO-MA64100,12500.0,product_list:b2b,nan
AWRI95-60(89*108),AWRI-95-60,10300.0,product_list:market,Wire rope Isolater
AWRI95-60(89*108),AWRI-95-60,10300.0,product_list:b2b,Wire rope Isolater
TSC-50 /TSC 60,TSC-50-/TSC-60,9840.0,product_list:market,Industrial Shock Absorbers
TSC-50 /TSC 60,TSC-50-/TSC-60,9840.0,product_list:b2b,Industrial Shock Absorbers
TSC-25 /TSC 30,TSC-25-/TSC-30,6240.0,product_list:market,Industrial Shock Absorbers
TSC-25 /TSC 30,TSC-25-/TSC-30,6240.0,product_list:b2b,Industrial Shock Absorbers
AWR127-76(108*133),AWRI-127-76,13400.0,product_list:market,Wire rope Isolater
AWR127-76(108*133),AWRI-127-76,13400.0,product_list:b2b,Wire rope Isolater
REPAIRS TO KP 125-800,REPAIRS-TO-KP-125-800,69400.0,product_list:market,Hydraulic Buffer
REPAIRS TO KP 125-800,REPAIRS-TO-KP-125-800,69400.0,product_list:b2b,Hydraulic Buffer
KP 125-800,KP-125-800,69400.0,product_list:market,Hydraulic Buffer
KP 125-800,KP-125-800,69400.0,product_list:b2b,Hydraulic Buffer
TSC-100,TSC-100,13440.0,product_list:market,Industrial Shock Absorbers
TSC-100,TSC-100,13440.0,product_list:b2b,Industrial Shock Absorbers
AWR318-40(216*248),AWRI-318-40,58000.0,product_list:market,Wire rope Isolater
AWR318-40(216*248),AWRI-318-40,58000.0,product_list:b2b,Wire rope Isolater
Vibration Damper GCC16002F000,VIBRATION-DAMPER-GCC16002F000,56043.0,product_list:market,Hydraulic Buffer
Vibration Damper GCC16002F000,VIBRATION-DAMPER-GCC16002F000,5643.0,product_list:b2b,Hydraulic Buffer
Rubber Damper GWP30007F001,RUBBER-DAMPER-GWP30007F001,3413.0,product_list:market,Hydraulic Buffer
Rubber Damper GWP30007F001,RUBBER-DAMPER-GWP30007F001,3413.0,product_list:b2b,Hydraulic Buffer
Foundation Pad GJC16002F003,FOUNDATION-PAD-GJC16002F003,10429.0,product_list:market,Hydraulic Buffer
Foundation Pad GJC16002F003,FOUNDATION-PAD-GJC16002F003,10429.0,product_list:b2b,Hydraulic Buffer
Vibration Damper GVS16002F000,VIBRATION-DAMPER-GVS16002F000,3567.0,product_list:market,Hydraulic Buffer
Vibration Damper GVS16002F000,VIBRATION-DAMPER-GVS16002F000,3567.0,product_list:b2b,Hydraulic Buffer
ZS -40-100  RODLESS CYLINDER BORE 40 MM STROKE 1000 MM  ZS 1400-0000-1000,ZS-40-100-RODLESS-CYLINDER-BORE-40-MM,65000.0,product_list:market,Linear Motion Products
ZS -40-100  RODLESS CYLINDER BORE 40 MM STROKE 1000 MM  ZS 1400-0000-1000,ZS-40-100-RODLESS-CYLINDER-BORE-40-MM,51460.0,product_list:b2b,Linear Motion Products
SB-1204D (Stroke-125) MSB 4,SB-1204D-MSB-4,7650.0,product_list:market,Spring Buffer
SB-1204D (Stroke-125) MSB 4,SB-1204D-MSB-4,7650.0,product_list:b2b,Spring Buffer
SB-1204C (Stroke-100) MSB 3,SB-1204C-MSB-3,4800.0,product_list:market,Spring Buffer
SB-1204C (Stroke-100) MSB 3,SB-1204C-MSB-3,4800.0,product_list:b2b,Spring Buffer
SB-1204B (Stroke-75) MSB 2,SB-1204B-MSB-2,3800.0,product_list:market,Spring Buffer
SB-1204B (Stroke-75) MSB 2,SB-1204B-MSB-2,3800.0,product_list:b2b,Spring Buffer
AC 25-40-1.5,AC-25-40,5184.0,product_list:market,Industrial Shock Absorbers
AC 25-40-1.5,AC-25-40,5184.0,product_list:b2b,Industrial Shock Absorbers
AWRI64-40(54*64),AWRI-64-40,4520.0,product_list:market,Wire rope Isolater
AWRI64-40(54*64),AWRI-64-40,4520.0,product_list:b2b,Wire rope Isolater
EI 50-100 FR FLANGE REAR MODIFIED HEAD DIA 100,EI-50X100,21000.0,product_list:market,Hydraulic Buffer
EI 50-100 FR FLANGE REAR MODIFIED HEAD DIA 100,EI-50X100,22000.0,product_list:b2b,Hydraulic Buffer
Vibsol 45 W,VIBSOL-45-W,30000.0,product_list:market,Anti vibration Products
Vibsol 45 W,VIBSOL-45-W,15500.0,product_list:b2b,Anti vibration Products
AC-8-6F,AC-8-6F,1680.0,product_list:market,Industrial Shock Absorbers
AC-8-6F,AC-8-6F,1680.0,product_list:b2b,Industrial Shock Absorbers
AKHG100-250,AKHG-100-250,42500.0,product_list:market,Hydraulic Buffer
AKHG100-250,AKHG-100-250,42500.0,product_list:b2b,Hydraulic Buffer
AKHG100-200,AKHG-100-200,48000.0,product_list:market,Hydraulic Buffer
AKHG100-200,AKHG-100-200,47000.0,product_list:b2b,Hydraulic Buffer
AKHG100-200,AKHG-100-200,45000.0,product_list:jindal,Hydraulic Buffer
AKHG 85-250,AKHG-85-250,30400.0,product_list:market,Hydraulic Buffer
AKHG 85-250,AKHG-85-250,30400.0,product_list:b2b,Hydraulic Buffer
PU BUFFER JHQ-C-10,JHQ-C-10,3500.0,product_list:market,Anti vibration Products
PU BUFFER JHQ-C-10,JHQ-C-10,3500.0,product_list:b2b,Anti vibration Products
ACWRI 40-10,ACWRI-40-10,3100.0,product_list:market,Wire rope Isolater
ACWRI 40-10,ACWRI-40-10,3100.0,product_list:b2b,Wire rope Isolater
AD 27-25-M THREADING M 25 X 1.5,AD-27-25,5200.0,product_list:market,Industrial Shock Absorbers
AD 27-25-M THREADING M 25 X 1.5,AD-27-25,5200.0,product_list:b2b,Industrial Shock Absorbers
PAULSTRA EVIDGOM (810773)  Shape 2 A-140-B 120- M 16,PAULSTRA-EVIDGOM-SHAPE-2-A-140-B-120-M-16,40000.0,product_list:market,Anti vibration Products
PAULSTRA EVIDGOM (810773)  Shape 2 A-140-B 120- M 16,PAULSTRA-EVIDGOM-SHAPE-2-A-140-B-120-M-16,36250.0,product_list:b2b,Anti vibration Products
AWRI 48-80(51X58),AWRI-48-80,4200.0,product_list:market,Wire rope Isolater
AWRI 48-80(51X58),AWRI-48-80,4200.0,product_list:b2b,Wire rope Isolater
BUFFER ASSLY.FOR BUFFER TYPE-b	MUK3385P,BUFFER-ASSLY.FOR-BUFFER-TYPE-B-MUK3385P,9600.0,product_list:market,Spring Buffer
BUFFER ASSLY.FOR BUFFER TYPE-b	MUK3385P,BUFFER-ASSLY.FOR-BUFFER-TYPE-B-MUK3385P,9600.0,product_list:b2b,Spring Buffer
BUFFER ASSLY.FOR BUFFER TYPE-C	MUK3389P,BUFFER-ASSLY.FOR-BUFFER-TYPE-C-MUK3389P,13600.0,product_list:market,Spring Buffer
BUFFER ASSLY.FOR BUFFER TYPE-C	MUK3389P,BUFFER-ASSLY.FOR-BUFFER-TYPE-C-MUK3389P,13600.0,product_list:b2b,Spring Buffer
SPRING BUFFER	M18035,SPRING-BUFFER-M18035,86933.0,product_list:market,Spring Buffer
SPRING BUFFER	M18035,SPRING-BUFFER-M18035,86933.0,product_list:b2b,Spring Buffer
AC 27-25-M ( M 27 X 3) NON ADJUSTABLE,AC-27-25,4700.0,product_list:market,Industrial Shock Absorbers
AC 27-25-M ( M 27 X 3) NON ADJUSTABLE,AC-27-25,4700.0,product_list:b2b,Industrial Shock Absorbers
Hydraulic Buffer AKHS 130-70,AKHS-130-70,28500.0,product_list:market,Hydraulic Buffer
Hydraulic Buffer AKHS 130-70,AKHS-130-70,28500.0,product_list:b2b,Hydraulic Buffer
PU BUFFER JHQ-C-17,JHQ-C-17,12500.0,product_list:market,Anti vibration Products
PU BUFFER JHQ-C-17,JHQ-C-17,12500.0,product_list:b2b,Anti vibration Products
AC 10-08-F,AC-10-8,1500.0,product_list:market,Industrial Shock Absorbers
AC 10-08-F,AC-10-8,960.0,product_list:b2b,Industrial Shock Absorbers
AKHG 65-50,AKHG-65-50,16500.0,product_list:market,Hydraulic Buffer
AKHG 65-50,AKHG-65-50,16500.0,product_list:b2b,Hydraulic Buffer
AKHG 65-50,AKHG-65-50,13500.0,product_list:jindal,Hydraulic Buffer
AD 45-50-M THREADING M 45 X 1.5 STROKE 50 MM EQUIVALENT TO MA4550,AD-45-50,22500.0,product_list:market,Industrial Shock Absorbers
AD 45-50-M THREADING M 45 X 1.5 STROKE 50 MM EQUIVALENT TO MA4550,AD-45-50,16250.0,product_list:b2b,Industrial Shock Absorbers
AWR159-70(119*152),AWRI-159-70,17000.0,product_list:market,Wire rope Isolater
AWR159-70(119*152),AWRI-159-70,17000.0,product_list:b2b,Wire rope Isolater
AWR159-80(127*165),AWRI-159-80,17200.0,product_list:market,Wire rope Isolater
AWR159-80(127*165),AWRI-159-80,17200.0,product_list:b2b,Wire rope Isolater
AWR159-90(135*178),AWRI-159-90,19200.0,product_list:market,Wire rope Isolater
AWR159-90(135*178),AWRI-159-90,19200.0,product_list:b2b,Wire rope Isolater
AWR222-20(133*140),AWRI-222-20,26000.0,product_list:market,Wire rope Isolater
AWR222-20(133*140),AWRI-222-20,26000.0,product_list:b2b,Wire rope Isolater
AWR222-40(152*165),AWRI-222-40,26500.0,product_list:market,Wire rope Isolater
AWR222-40(152*165),AWRI-222-40,26500.0,product_list:b2b,Wire rope Isolater
AWR222-60(159*175),AWRI-222-60,27000.0,product_list:market,Wire rope Isolater
AWR222-60(159*175),AWRI-222-60,27000.0,product_list:b2b,Wire rope Isolater
AWR222-80(191*210),AWRI-222-80,27500.0,product_list:market,Wire rope Isolater
AWR222-80(191*210),AWRI-222-80,27500.0,product_list:b2b,Wire rope Isolater
AWR222-90(216*235),AWRI-222-90,27900.0,product_list:market,Wire rope Isolater
AWR222-90(216*235),AWRI-222-90,27900.0,product_list:b2b,Wire rope Isolater
AWR222-95(216*286),AWRI-222-95,28000.0,product_list:market,Wire rope Isolater
AWR222-95(216*286),AWRI-222-95,28000.0,product_list:b2b,Wire rope Isolater
AWR286-20(178*216),AWRI-286-20,35200.0,product_list:market,Wire rope Isolater
AWR286-20(178*216),AWRI-286-20,35200.0,product_list:b2b,Wire rope Isolater
AWR286-40(216*241),AWRI-286-40,36500.0,product_list:market,Wire rope Isolater
AWR286-40(216*241),AWRI-286-40,36500.0,product_list:b2b,Wire rope Isolater
AWR286-60(235*260),AWRI-286-60,38500.0,product_list:market,Wire rope Isolater
AWR286-60(235*260),AWRI-286-60,38500.0,product_list:b2b,Wire rope Isolater
AWR318-20(178*210),AWRI-318-20,54200.0,product_list:market,Wire rope Isolater
AWR318-20(178*210),AWRI-318-20,54200.0,product_list:b2b,Wire rope Isolater
AWRI48-90(62*88),AWRI-48-90,4400.0,product_list:market,Wire rope Isolater
AWRI48-90(62*88),AWRI-48-90,4400.0,product_list:b2b,Wire rope Isolater
AWRI48-95(81*107),AWRI-48-95,4500.0,product_list:market,Wire rope Isolater
AWRI48-95(81*107),AWRI-48-95,4500.0,product_list:b2b,Wire rope Isolater
AWRI64-20(48*56),AWRI-64-20,4230.0,product_list:market,Wire rope Isolater
AWRI64-20(48*56),AWRI-64-20,4230.0,product_list:b2b,Wire rope Isolater
AWRI64-50(59*71),AWRI-64-50,4742.0,product_list:market,Wire rope Isolater
AWRI64-50(59*71),AWRI-64-50,4742.0,product_list:b2b,Wire rope Isolater
AWRI64-60(64*80),AWRI-64-60,4800.0,product_list:market,Wire rope Isolater
AWRI64-60(64*80),AWRI-64-60,4800.0,product_list:b2b,Wire rope Isolater
AWRI64-70(64*89),AWRI-64-70,4850.0,product_list:market,Wire rope Isolater
AWRI64-70(64*89),AWRI-64-70,4850.0,product_list:b2b,Wire rope Isolater
AWRI64-80(67*95),AWRI-64-80,4950.0,product_list:market,Wire rope Isolater
AWRI64-80(67*95),AWRI-64-80,4950.0,product_list:b2b,Wire rope Isolater
AWRI64-85(67*100),AWRI-64-85,5200.0,product_list:market,Wire rope Isolater
AWRI64-85(67*100),AWRI-64-85,5200.0,product_list:b2b,Wire rope Isolater
AWRI64-90(83*108),AWRI-64-90,6200.0,product_list:market,Wire rope Isolater
AWRI64-90(83*108),AWRI-64-90,6200.0,product_list:b2b,Wire rope Isolater
AWRI95-26(71*84),AWRI-95-26,9200.0,product_list:market,Wire rope Isolater
AWRI95-26(71*84),AWRI-95-26,9200.0,product_list:b2b,Wire rope Isolater
AWRI95-36(74*89),AWRI-95-36,9260.0,product_list:market,Wire rope Isolater
AWRI95-36(74*89),AWRI-95-36,9260.0,product_list:b2b,Wire rope Isolater
AWRI95-46(76*105),AWRI-95-46,9660.0,product_list:market,Wire rope Isolater
AWRI95-46(76*105),AWRI-95-46,9660.0,product_list:b2b,Wire rope Isolater
AWRI95-56(83*108),AWRI-95-56,9900.0,product_list:market,Wire rope Isolater
AWRI95-56(83*108),AWRI-95-56,9900.0,product_list:b2b,Wire rope Isolater
AWRI95-66(89*108),AWRI-95-66,10100.0,product_list:market,Wire rope Isolater
AWRI95-66(89*108),AWRI-95-66,10100.0,product_list:b2b,Wire rope Isolater
AWRI95-76(105*121),AWRI-95-76,10200.0,product_list:market,Wire rope Isolater
AWRI95-76(105*121),AWRI-95-76,10200.0,product_list:b2b,Wire rope Isolater
AWRI95-86(108*140),AWRI-95-86,10600.0,product_list:market,Wire rope Isolater
AWRI95-86(108*140),AWRI-95-86,10600.0,product_list:b2b,Wire rope Isolater
AWRI95-20(71*84),AWRI-95-20,9300.0,product_list:market,Wire rope Isolater
AWRI95-20(71*84),AWRI-95-20,9300.0,product_list:b2b,Wire rope Isolater
AWRI95-30(74*89),AWRI-95-30,9460.0,product_list:market,Wire rope Isolater
AWRI95-30(74*89),AWRI-95-30,9460.0,product_list:b2b,Wire rope Isolater
AWRI95-40(76*105),AWRI-95-40,9850.0,product_list:market,Wire rope Isolater
AWRI95-40(76*105),AWRI-95-40,9850.0,product_list:b2b,Wire rope Isolater
AWRI95-50(83*108),AWRI-95-50,10200.0,product_list:market,Wire rope Isolater
AWRI95-50(83*108),AWRI-95-50,10200.0,product_list:b2b,Wire rope Isolater
AWRI95-70(105*121),AWRI-95-70,10500.0,product_list:market,Wire rope Isolater
AWRI95-70(105*121),AWRI-95-70,10500.0,product_list:b2b,Wire rope Isolater
AWRI95-80(108*140),AWRI-95-80,10800.0,product_list:market,Wire rope Isolater
AWRI95-80(108*140),AWRI-95-80,10800.0,product_list:b2b,Wire rope Isolater
AWR127-26(76*92),AWRI-127-26,12600.0,product_list:market,Wire rope Isolater
AWR127-26(76*92),AWRI-127-26,12600.0,product_list:b2b,Wire rope Isolater
AWR127-36(83*102),AWRI-127-36,13000.0,product_list:market,Wire rope Isolater
AWR127-36(83*102),AWRI-127-36,13000.0,product_list:b2b,Wire rope Isolater
AWR127-46(89*105),AWRI-127-46,13100.0,product_list:market,Wire rope Isolater
AWR127-46(89*105),AWRI-127-46,13100.0,product_list:b2b,Wire rope Isolater
AWR127-66(95*121),AWRI-127-66,13200.0,product_list:market,Wire rope Isolater
AWR127-66(95*121),AWRI-127-66,13200.0,product_list:b2b,Wire rope Isolater
AWR127-86(124*144),AWRI-127-86,13750.0,product_list:market,Wire rope Isolater
AWR127-86(124*144),AWRI-127-86,13750.0,product_list:b2b,Wire rope Isolater
AWR127-89(137*156),AWRI-127-89,13900.0,product_list:market,Wire rope Isolater
AWR127-89(137*156),AWRI-127-89,13900.0,product_list:b2b,Wire rope Isolater
AWR127-96(155*180),AWRI-127-96,14000.0,product_list:market,Wire rope Isolater
AWR127-96(155*180),AWRI-127-96,14000.0,product_list:b2b,Wire rope Isolater
AWR127-20(76*92),AWRI-127-20,12800.0,product_list:market,Wire rope Isolater
AWR127-20(76*92),AWRI-127-20,12800.0,product_list:b2b,Wire rope Isolater
AWR127-30(83*102),AWRI-127-30,13200.0,product_list:market,Wire rope Isolater
AWR127-30(83*102),AWRI-127-30,13200.0,product_list:b2b,Wire rope Isolater
AWR127-40(89*105),AWRI-127-40,13300.0,product_list:market,Wire rope Isolater
AWR127-40(89*105),AWRI-127-40,13300.0,product_list:b2b,Wire rope Isolater
AWR127-60(95*121),AWRI-127-60,13500.0,product_list:market,Wire rope Isolater
AWR127-60(95*121),AWRI-127-60,13500.0,product_list:b2b,Wire rope Isolater
AWR127-70(108*133),AWRI-127-70,13700.0,product_list:market,Wire rope Isolater
AWR127-70(108*133),AWRI-127-70,13700.0,product_list:b2b,Wire rope Isolater
AWR127-80(124*144),AWRI-127-80,13800.0,product_list:market,Wire rope Isolater
AWR127-80(124*144),AWRI-127-80,13800.0,product_list:b2b,Wire rope Isolater
AWR127-85(137*156),AWRI-127-85,14000.0,product_list:market,Wire rope Isolater
AWR127-85(137*156),AWRI-127-85,14000.0,product_list:b2b,Wire rope Isolater
AWR127-90(155*180),AWRI-127-90,14200.0,product_list:market,Wire rope Isolater
AWR127-90(155*180),AWRI-127-90,14200.0,product_list:b2b,Wire rope Isolater
AWR159-20(89*102),AWRI-159-20,16200.0,product_list:market,Wire rope Isolater
AWR159-20(89*102),AWRI-159-20,16200.0,product_list:b2b,Wire rope Isolater
AWR159-30(99*112),AWRI-159-30,16400.0,product_list:market,Wire rope Isolater
AWR159-30(99*112),AWRI-159-30,16400.0,product_list:b2b,Wire rope Isolater
AWR159-40(102*121),AWRI-159-40,16600.0,product_list:market,Wire rope Isolater
AWR159-40(102*121),AWRI-159-40,16600.0,product_list:b2b,Wire rope Isolater
AWRI 16-10(18*25),AWRI-16-10,1500.0,product_list:market,Wire rope Isolater
AWRI 16-10(18*25),AWRI-16-10,1500.0,product_list:b2b,Wire rope Isolater
AWRI 16-20(20*28),AWRI-16-20,1550.0,product_list:market,Wire rope Isolater
AWRI 16-20(20*28),AWRI-16-20,1550.0,product_list:b2b,Wire rope Isolater
AWRI 16-40(25*30),AWRI-16-40,1650.0,product_list:market,Wire rope Isolater
AWRI 16-40(25*30),AWRI-16-40,1650.0,product_list:b2b,Wire rope Isolater
AWRI 16-60(28*33),AWRI-16-60,1700.0,product_list:market,Wire rope Isolater
AWRI 16-60(28*33),AWRI-16-60,1700.0,product_list:b2b,Wire rope Isolater
AWRI 16-80(30*36),AWRI-16-80,1750.0,product_list:market,Wire rope Isolater
AWRI 16-80(30*36),AWRI-16-80,1750.0,product_list:b2b,Wire rope Isolater
AWRI 16-71(33*38),AWRI-16-71,1780.0,product_list:market,Wire rope Isolater
AWRI 16-71(33*38),AWRI-16-71,1780.0,product_list:b2b,Wire rope Isolater
AWRI 24-10(23*28),AWRI-24-10,1800.0,product_list:market,Wire rope Isolater
AWRI 24-10(23*28),AWRI-24-10,1800.0,product_list:b2b,Wire rope Isolater
AWRI 24-20(25*30),AWRI-24-20,1900.0,product_list:market,Wire rope Isolater
AWRI 24-20(25*30),AWRI-24-20,1900.0,product_list:b2b,Wire rope Isolater
AWRI 24-40(28*33),AWRI-24-40,2000.0,product_list:market,Wire rope Isolater
AWRI 24-40(28*33),AWRI-24-40,2000.0,product_list:b2b,Wire rope Isolater
AWRI 24-60(33*38),AWRI-24-60,2100.0,product_list:market,Wire rope Isolater
AWRI 24-60(33*38),AWRI-24-60,2100.0,product_list:b2b,Wire rope Isolater
AWRI 24-70(36*41),AWRI-24-70,2200.0,product_list:market,Wire rope Isolater
AWRI 24-70(36*41),AWRI-24-70,2200.0,product_list:b2b,Wire rope Isolater
AWRI 24-80(38*43),AWRI-24-80,2300.0,product_list:market,Wire rope Isolater
AWRI 24-80(38*43),AWRI-24-80,2300.0,product_list:b2b,Wire rope Isolater
AWRI 32-10(28*36),AWRI-32-10,2400.0,product_list:market,Wire rope Isolater
AWRI 32-10(28*36),AWRI-32-10,2400.0,product_list:b2b,Wire rope Isolater
AWRI 32-40(33*41),AWRI-32-40,2600.0,product_list:market,Wire rope Isolater
AWRI 32-40(33*41),AWRI-32-40,2600.0,product_list:b2b,Wire rope Isolater
AWRI 32-50(36*43),AWRI-32-50,2700.0,product_list:market,Wire rope Isolater
AWRI 32-50(36*43),AWRI-32-50,2700.0,product_list:b2b,Wire rope Isolater
AWRI 32-60(38*46),AWRI-32-60,2800.0,product_list:market,Wire rope Isolater
AWRI 32-60(38*46),AWRI-32-60,2800.0,product_list:b2b,Wire rope Isolater
AWRI 32-70(41*48),AWRI-32-70,2900.0,product_list:market,Wire rope Isolater
AWRI 32-70(41*48),AWRI-32-70,2900.0,product_list:b2b,Wire rope Isolater
AWRI 32-80(43*51),AWRI-32-80,3000.0,product_list:market,Wire rope Isolater
AWRI 32-80(43*51),AWRI-32-80,3000.0,product_list:b2b,Wire rope Isolater
AWRI 40-20(30*41),AWRI-40-20,3100.0,product_list:market,Wire rope Isolater
AWRI 40-20(30*41),AWRI-40-20,3100.0,product_list:b2b,Wire rope Isolater
AWRI 40-40(33*43),AWRI-40-40,3200.0,product_list:market,Wire rope Isolater
AWRI 40-40(33*43),AWRI-40-40,3200.0,product_list:b2b,Wire rope Isolater
AWRI 40-60(38*48),AWRI-40-60,3300.0,product_list:market,Wire rope Isolater
AWRI 40-60(38*48),AWRI-40-60,3300.0,product_list:b2b,Wire rope Isolater
AWRI 40-80(46*53),AWRI-40-80,3400.0,product_list:market,Wire rope Isolater
AWRI 40-80(46*53),AWRI-40-80,3400.0,product_list:b2b,Wire rope Isolater
AWRI 40-90(53*64),AWRI-40-90,3500.0,product_list:market,Wire rope Isolater
AWRI 40-90(53*64),AWRI-40-90,3500.0,product_list:b2b,Wire rope Isolater
AWRI48-20(30*36),AWRI-48-20,3600.0,product_list:market,Wire rope Isolater
AWRI48-20(30*36),AWRI-48-20,3600.0,product_list:b2b,Wire rope Isolater
AWRI48-30(33*38),AWRI-48-30,3700.0,product_list:market,Wire rope Isolater
AWRI48-30(33*38),AWRI-48-30,3700.0,product_list:b2b,Wire rope Isolater
AWRI48-50(38*43),AWRI-48-50,3900.0,product_list:market,Wire rope Isolater
AWRI48-50(38*43),AWRI-48-50,3900.0,product_list:b2b,Wire rope Isolater
AWRI48-60(41*46),AWRI-48-60,4000.0,product_list:market,Wire rope Isolater
AWRI48-60(41*46),AWRI-48-60,4000.0,product_list:b2b,Wire rope Isolater
AWRI48-70(43*48),AWRI-48-70,4100.0,product_list:market,Wire rope Isolater
AWRI48-70(43*48),AWRI-48-70,4100.0,product_list:b2b,Wire rope Isolater
AWRI48-80(51*58),AWRI-48-80,4200.0,product_list:market,Wire rope Isolater
AWRI48-80(51*58),AWRI-48-80,4200.0,product_list:b2b,Wire rope Isolater
AWRI48-85(54*75),AWRI-48-85,4300.0,product_list:market,Wire rope Isolater
AWRI48-85(54*75),AWRI-48-85,4300.0,product_list:b2b,Wire rope Isolater
SB-1204A (Stroke-55),SB-1204A,2800.0,product_list:market,Spring Buffer
SB-1204A (Stroke-55),SB-1204A,2800.0,product_list:b2b,Spring Buffer
SB-1204B (Stroke-75),SB-1204B,3800.0,product_list:market,Spring Buffer
SB-1204B (Stroke-75),SB-1204B,3800.0,product_list:b2b,Spring Buffer
SB-1204C (Stroke-100),SB-1204C,4800.0,product_list:market,Spring Buffer
SB-1204C (Stroke-100),SB-1204C,4800.0,product_list:b2b,Spring Buffer
SB-1204D (Stroke-125),SB-1204D,7650.0,product_list:market,Spring Buffer
SB-1204D (Stroke-125),SB-1204D,7650.0,product_list:b2b,Spring Buffer
SB-1204E (Stroke-150),SB-1204E,15500.0,product_list:market,Spring Buffer
SB-1204E (Stroke-150),SB-1204E,15500.0,product_list:b2b,Spring Buffer
SB-1204F (Stroke-110),SB-1204F,16500.0,product_list:market,Spring Buffer
SB-1204F (Stroke-110),SB-1204F,16500.0,product_list:b2b,Spring Buffer
SB-1204G (Stroke-150),SB-1204G,15800.0,product_list:market,Spring Buffer
SB-1204G (Stroke-150),SB-1204G,15800.0,product_list:b2b,Spring Buffer
SB-1220-A (Stroke-170),SB-1220-A,22000.0,product_list:market,Spring Buffer
SB-1220-A (Stroke-170),SB-1220-A,22000.0,product_list:b2b,Spring Buffer
SB-1220-B (Stroke-250),SB-1220-B,23200.0,product_list:market,Spring Buffer
SB-1220-B (Stroke-250),SB-1220-B,23200.0,product_list:b2b,Spring Buffer
SB-1220-C (Stroke-170),SB-1220-C,22000.0,product_list:market,Spring Buffer
SB-1220-C (Stroke-170),SB-1220-C,22000.0,product_list:b2b,Spring Buffer
SB-1220-D (Stroke-200),SB-1220-D,23000.0,product_list:market,Spring Buffer
SB-1220-D (Stroke-200),SB-1220-D,23000.0,product_list:b2b,Spring Buffer
SB-1220-E (Stroke-200),SB-1220-E,22000.0,product_list:market,Spring Buffer
SB-1220-E (Stroke-200),SB-1220-E,22000.0,product_list:b2b,Spring Buffer
SB-1220-F (Stroke-240),SB-1220-F,26500.0,product_list:market,Spring Buffer
SB-1220-F (Stroke-240),SB-1220-F,26500.0,product_list:b2b,Spring Buffer
SB-1220-G (Stroke-250),SB-1220-G,25200.0,product_list:market,Spring Buffer
SB-1220-G (Stroke-250),SB-1220-G,25200.0,product_list:b2b,Spring Buffer
SB-1220-H (Stroke-250),SB-1220-H,24000.0,product_list:market,Spring Buffer
SB-1220-H (Stroke-250),SB-1220-H,24000.0,product_list:b2b,Spring Buffer
SB-1220-J (Stroke-260),SB-1220-J,28000.0,product_list:market,Spring Buffer
SB-1220-J (Stroke-260),SB-1220-J,28000.0,product_list:b2b,Spring Buffer
SB-1220-K (Stroke-150),SB-1220-K,19800.0,product_list:market,Spring Buffer
SB-1220-K (Stroke-150),SB-1220-K,19800.0,product_list:b2b,Spring Buffer
SB-1220-L (Stroke-200),SB-1220-L,21800.0,product_list:market,Spring Buffer
SB-1220-L (Stroke-200),SB-1220-L,21800.0,product_list:b2b,Spring Buffer
SB-1220-M (Stroke-200),SB-1220-M,22800.0,product_list:market,Spring Buffer
SB-1220-M (Stroke-200),SB-1220-M,22800.0,product_list:b2b,Spring Buffer
SB-1220-N (Stroke-150),SB-1220-N,21800.0,product_list:market,Spring Buffer
SB-1220-N (Stroke-150),SB-1220-N,21800.0,product_list:b2b,Spring Buffer
SB-1220-P (Stroke-150),SB-1220-P,21800.0,product_list:market,Spring Buffer
SB-1220-P (Stroke-150),SB-1220-P,21800.0,product_list:b2b,Spring Buffer
SB-1220-A (Stroke-170),SB-1220-A,22000.0,product_list:market,Spring Buffer
SB-1220-A (Stroke-170),SB-1220-A,22000.0,product_list:b2b,Spring Buffer
SB-1220-B (Stroke-250),SB-1220-B,23200.0,product_list:market,Spring Buffer
SB-1220-B (Stroke-250),SB-1220-B,23200.0,product_list:b2b,Spring Buffer
SB-1220-C (Stroke-170),SB-1220-C,22000.0,product_list:market,Spring Buffer
SB-1220-C (Stroke-170),SB-1220-C,22000.0,product_list:b2b,Spring Buffer
SB-1220-D (Stroke-200),SB-1220-D,23000.0,product_list:market,Spring Buffer
SB-1220-D (Stroke-200),SB-1220-D,23000.0,product_list:b2b,Spring Buffer
SB-1220-E (Stroke-200),SB-1220-E,22000.0,product_list:market,Spring Buffer
SB-1220-E (Stroke-200),SB-1220-E,22000.0,product_list:b2b,Spring Buffer
SB-1220-F (Stroke-240),SB-1220-F,26500.0,product_list:market,Spring Buffer
SB-1220-F (Stroke-240),SB-1220-F,26500.0,product_list:b2b,Spring Buffer
SB-1220-G (Stroke-250),SB-1220-G,25200.0,product_list:market,Spring Buffer
SB-1220-G (Stroke-250),SB-1220-G,25200.0,product_list:b2b,Spring Buffer
SB-1220-H (Stroke-250),SB-1220-H,24000.0,product_list:market,Spring Buffer
SB-1220-H (Stroke-250),SB-1220-H,24000.0,product_list:b2b,Spring Buffer
SB-1220-J (Stroke-260),SB-1220-J,28000.0,product_list:market,Spring Buffer
SB-1220-J (Stroke-260),SB-1220-J,28000.0,product_list:b2b,Spring Buffer
SB-1220-K (Stroke-150),SB-1220-K,19800.0,product_list:market,Spring Buffer
SB-1220-K (Stroke-150),SB-1220-K,19800.0,product_list:b2b,Spring Buffer
SB-1220-L (Stroke-200),SB-1220-L,21800.0,product_list:market,Spring Buffer
SB-1220-L (Stroke-200),SB-1220-L,21800.0,product_list:b2b,Spring Buffer
SB-1220-M (Stroke-200),SB-1220-M,22800.0,product_list:market,Spring Buffer
SB-1220-M (Stroke-200),SB-1220-M,22800.0,product_list:b2b,Spring Buffer
SB-1220-N (Stroke-150),SB-1220-N,21800.0,product_list:market,Spring Buffer
SB-1220-N (Stroke-150),SB-1220-N,21800.0,product_list:b2b,Spring Buffer
SB-1220-P (Stroke-150),SB-1220-P,21800.0,product_list:market,Spring Buffer
SB-1220-P (Stroke-150),SB-1220-P,21800.0,product_list:b2b,Spring Buffer
SB-1204A (Stroke-55),SB-1204A,2800.0,product_list:market,Spring Buffer
SB-1204A (Stroke-55),SB-1204A,2800.0,product_list:b2b,Spring Buffer
SB-1204E (Stroke-150),SB-1204E,15500.0,product_list:market,Spring Buffer
SB-1204E (Stroke-150),SB-1204E,15500.0,product_list:b2b,Spring Buffer
SB-1204F (Stroke-110),SB-1204F,16500.0,product_list:market,Spring Buffer
SB-1204F (Stroke-110),SB-1204F,16500.0,product_list:b2b,Spring Buffer
SB-1204G (Stroke-150),SB-1204G,15800.0,product_list:market,Spring Buffer
SB-1204G (Stroke-150),SB-1204G,15800.0,product_list:b2b,Spring Buffer
AKHG 85-300,AKHG-85-300,31700.0,product_list:market,Hydraulic Buffer
AKHG 85-300,AKHG-85-300,31700.0,product_list:b2b,Hydraulic Buffer
AKHG 85-400,AKHG-85-400,33000.0,product_list:market,Hydraulic Buffer
AKHG 85-400,AKHG-85-400,33000.0,product_list:b2b,Hydraulic Buffer
AKHG 85-500,AKHG-85-500,34500.0,product_list:market,Hydraulic Buffer
AKHG 85-500,AKHG-85-500,34500.0,product_list:b2b,Hydraulic Buffer
AKHG100-50,AKHG-100-50,37700.0,product_list:market,Hydraulic Buffer
AKHG100-50,AKHG-100-50,37700.0,product_list:b2b,Hydraulic Buffer
AKHG100-80,AKHG-100-80,38600.0,product_list:market,Hydraulic Buffer
AKHG100-80,AKHG-100-80,38600.0,product_list:b2b,Hydraulic Buffer
AKHG100-100,AKHG-100-100,38700.0,product_list:market,Hydraulic Buffer
AKHG100-100,AKHG-100-100,38700.0,product_list:b2b,Hydraulic Buffer
AKHG100-120,AKHG-100-120,39500.0,product_list:market,Hydraulic Buffer
AKHG100-120,AKHG-100-120,39500.0,product_list:b2b,Hydraulic Buffer
AKHG100-150,AKHG-100-150,39800.0,product_list:market,Hydraulic Buffer
AKHG100-150,AKHG-100-150,39800.0,product_list:b2b,Hydraulic Buffer
AKHG100-300,AKHG-100-300,43800.0,product_list:market,Hydraulic Buffer
AKHG100-300,AKHG-100-300,43800.0,product_list:b2b,Hydraulic Buffer
AKHG100-400,AKHG-100-400,47300.0,product_list:market,Hydraulic Buffer
AKHG100-400,AKHG-100-400,47300.0,product_list:b2b,Hydraulic Buffer
AKHG100-500,AKHG-100-500,50000.0,product_list:market,Hydraulic Buffer
AKHG100-500,AKHG-100-500,50000.0,product_list:b2b,Hydraulic Buffer
AKHG100-600,AKHG-100-600,52400.0,product_list:market,Hydraulic Buffer
AKHG100-600,AKHG-100-600,52400.0,product_list:b2b,Hydraulic Buffer
AKHG100-800,AKHG-100-800,57300.0,product_list:market,Hydraulic Buffer
AKHG100-800,AKHG-100-800,57300.0,product_list:b2b,Hydraulic Buffer
AKHG 120-100,AKHG-120-100,48200.0,product_list:market,Hydraulic Buffer
AKHG 120-100,AKHG-120-100,48200.0,product_list:b2b,Hydraulic Buffer
AKHG 120-200,AKHG-120-200,54200.0,product_list:market,Hydraulic Buffer
AKHG 120-200,AKHG-120-200,54200.0,product_list:b2b,Hydraulic Buffer
AKHG 120-300,AKHG-120-300,54300.0,product_list:market,Hydraulic Buffer
AKHG 120-300,AKHG-120-300,54300.0,product_list:b2b,Hydraulic Buffer
AKHG 120-400,AKHG-120-400,56700.0,product_list:market,Hydraulic Buffer
AKHG 120-400,AKHG-120-400,56700.0,product_list:b2b,Hydraulic Buffer
AKHG 120-500,AKHG-120-500,59900.0,product_list:market,Hydraulic Buffer
AKHG 120-500,AKHG-120-500,59900.0,product_list:b2b,Hydraulic Buffer
AKHG 120-600,AKHG-120-600,63800.0,product_list:market,Hydraulic Buffer
AKHG 120-600,AKHG-120-600,63800.0,product_list:b2b,Hydraulic Buffer
AKHG 120-800,AKHG-120-800,69400.0,product_list:market,Hydraulic Buffer
AKHG 120-800,AKHG-120-800,69400.0,product_list:b2b,Hydraulic Buffer
AKHG 120-1000,AKHG-120-1000,75300.0,product_list:market,Hydraulic Buffer
AKHG 120-1000,AKHG-120-1000,75300.0,product_list:b2b,Hydraulic Buffer
AKHG 130--100,AKHG-130-100,57500.0,product_list:market,Hydraulic Buffer
AKHG 130--100,AKHG-130-100,57500.0,product_list:b2b,Hydraulic Buffer
AKHG 130--150,AKHG-130-150,57400.0,product_list:market,Hydraulic Buffer
AKHG 130--150,AKHG-130-150,57400.0,product_list:b2b,Hydraulic Buffer
AKHG 130--200,AKHG-130-200,61600.0,product_list:market,Hydraulic Buffer
AKHG 130--200,AKHG-130-200,61600.0,product_list:b2b,Hydraulic Buffer
AKHG 130--300,AKHG-130-300,67200.0,product_list:market,Hydraulic Buffer
AKHG 130--300,AKHG-130-300,67200.0,product_list:b2b,Hydraulic Buffer
AKHG 130--400,AKHG-130-400,73000.0,product_list:market,Hydraulic Buffer
AKHG 130--400,AKHG-130-400,73000.0,product_list:b2b,Hydraulic Buffer
AKHG 130--500,AKHG-130-500,77900.0,product_list:market,Hydraulic Buffer
AKHG 130--500,AKHG-130-500,77900.0,product_list:b2b,Hydraulic Buffer
AKHG 130--600,AKHG-130-600,81200.0,product_list:market,Hydraulic Buffer
AKHG 130--600,AKHG-130-600,81200.0,product_list:b2b,Hydraulic Buffer
AKHG 130--800,AKHG-130-800,95300.0,product_list:market,Hydraulic Buffer
AKHG 130--800,AKHG-130-800,95300.0,product_list:b2b,Hydraulic Buffer
AKHG 130--1000,AKHG-130-1000,105200.0,product_list:market,Hydraulic Buffer
AKHG 130--1000,AKHG-130-1000,105200.0,product_list:b2b,Hydraulic Buffer
AKHG 140--100,AKHG-140-100,58900.0,product_list:market,Hydraulic Buffer
AKHG 140--100,AKHG-140-100,58900.0,product_list:b2b,Hydraulic Buffer
AKHG 140--150,AKHG-140-150,61200.0,product_list:market,Hydraulic Buffer
AKHG 140--150,AKHG-140-150,61200.0,product_list:b2b,Hydraulic Buffer
AKHG 140--200,AKHG-140-200,65800.0,product_list:market,Hydraulic Buffer
AKHG 140--200,AKHG-140-200,65800.0,product_list:b2b,Hydraulic Buffer
AKHG 140--300,AKHG-140-300,72100.0,product_list:market,Hydraulic Buffer
AKHG 140--300,AKHG-140-300,72100.0,product_list:b2b,Hydraulic Buffer
AKHG 140--400,AKHG-140-400,78600.0,product_list:market,Hydraulic Buffer
AKHG 140--400,AKHG-140-400,78600.0,product_list:b2b,Hydraulic Buffer
AKHG 140--500,AKHG-140-500,84200.0,product_list:market,Hydraulic Buffer
AKHG 140--500,AKHG-140-500,84200.0,product_list:b2b,Hydraulic Buffer
AKHG 140--600,AKHG-140-600,90000.0,product_list:market,Hydraulic Buffer
AKHG 140--600,AKHG-140-600,90000.0,product_list:b2b,Hydraulic Buffer
AKHG 140--800,AKHG-140-800,97800.0,product_list:market,Hydraulic Buffer
AKHG 140--800,AKHG-140-800,97800.0,product_list:b2b,Hydraulic Buffer
AKHG 140--1000,AKHG-140-1000,109100.0,product_list:market,Hydraulic Buffer
AKHG 140--1000,AKHG-140-1000,109100.0,product_list:b2b,Hydraulic Buffer
AKHG 65-25,AKHG-65-25,15600.0,product_list:market,Hydraulic Buffer
AKHG 65-25,AKHG-65-25,15600.0,product_list:b2b,Hydraulic Buffer
AKHG 65-75,AKHG-65-75,19800.0,product_list:market,Hydraulic Buffer
AKHG 65-75,AKHG-65-75,19800.0,product_list:b2b,Hydraulic Buffer
AKHG 65-100,AKHG-65-100,21000.0,product_list:market,Hydraulic Buffer
AKHG 65-100,AKHG-65-100,21000.0,product_list:b2b,Hydraulic Buffer
AKHG 65-125,AKHG-65-125,22000.0,product_list:market,Hydraulic Buffer
AKHG 65-125,AKHG-65-125,22000.0,product_list:b2b,Hydraulic Buffer
AKHG 65-150,AKHG-65-150,23100.0,product_list:market,Hydraulic Buffer
AKHG 65-150,AKHG-65-150,23100.0,product_list:b2b,Hydraulic Buffer
AKHG 65-200,AKHG-65-200,24400.0,product_list:market,Hydraulic Buffer
AKHG 65-200,AKHG-65-200,24400.0,product_list:b2b,Hydraulic Buffer
AKHG 85-100,AKHG-85-100,29000.0,product_list:market,Hydraulic Buffer
AKHG 85-100,AKHG-85-100,29000.0,product_list:b2b,Hydraulic Buffer
AKHG 85-200,AKHG-85-200,30400.0,product_list:market,Hydraulic Buffer
AKHG 85-200,AKHG-85-200,30400.0,product_list:b2b,Hydraulic Buffer
AWRI 127-60-8DM WIRE ROPE ISOLATER,AWRI-127-60,25000.0,product_list:market,Wire rope Isolater
AWRI 127-60-8DM WIRE ROPE ISOLATER,AWRI-127-60,7500.0,product_list:b2b,Wire rope Isolater
EM125140M  EVIDGOM,EM125140M-EVIDGOM,16200.0,product_list:market,Anti vibration Products
EM125140M  EVIDGOM,EM125140M-EVIDGOM,14200.0,product_list:b2b,Anti vibration Products
AD 20-15-M THREADING M 20X1.5 STROKE 15MM METALLIC CAP,AD-20-15,2900.0,product_list:market,Industrial Shock Absorbers
AD 20-15-M THREADING M 20X1.5 STROKE 15MM METALLIC CAP,AD-20-15,2900.0,product_list:b2b,Industrial Shock Absorbers
SH 500 RUBBER VIBRATION ISOLATER,SH-500-RUBBER-VIBRATION-ISOLATER,25000.0,product_list:market,Wire rope Isolater
SH 500 RUBBER VIBRATION ISOLATER,SH-500-RUBBER-VIBRATION-ISOLATER,16120.0,product_list:b2b,Wire rope Isolater
AC 20-15-M THREADING M 20 X 1.5 STROKE 17 MM,AC-20-15,2200.0,product_list:market,Industrial Shock Absorbers
AC 20-15-M THREADING M 20 X 1.5 STROKE 17 MM,AC-20-15,1400.0,product_list:b2b,Industrial Shock Absorbers
AC 37-75 M,AC-37-75,6900.0,product_list:market,Industrial Shock Absorbers
AC 37-75 M,AC-37-75,6900.0,product_list:b2b,Industrial Shock Absorbers
AC-42-25,AC-42-25,6600.0,product_list:market,Industrial Shock Absorbers
AC-42-25,AC-42-25,6600.0,product_list:b2b,Industrial Shock Absorbers
AC-42-50,AC-42-50,7800.0,product_list:market,Industrial Shock Absorbers
AC-42-50,AC-42-50,7800.0,product_list:b2b,Industrial Shock Absorbers
AC-42-75,AC-42-75,9000.0,product_list:market,Industrial Shock Absorbers
AC-42-75,AC-42-75,9000.0,product_list:b2b,Industrial Shock Absorbers
TSC-75,TSC-75,11640.0,product_list:market,Industrial Shock Absorbers
TSC-75,TSC-75,11640.0,product_list:b2b,Industrial Shock Absorbers
AD 30-25 M,AD-30-25,4800.0,product_list:market,Industrial Shock Absorbers
AD 30-25 M,AD-30-25,4800.0,product_list:b2b,Industrial Shock Absorbers
AD 33-25 M,AD-33-25,5040.0,product_list:market,Industrial Shock Absorbers
AD 33-25 M,AD-33-25,5040.0,product_list:b2b,Industrial Shock Absorbers
AD 33-25 U,AD-33-25,5280.0,product_list:market,Industrial Shock Absorbers
AD 33-25 U,AD-33-25,5280.0,product_list:b2b,Industrial Shock Absorbers
AD 36-25 M,AD-36-25,5040.0,product_list:market,Industrial Shock Absorbers
AD 36-25 M,AD-36-25,5040.0,product_list:b2b,Industrial Shock Absorbers
AD 37-25 M,AD-37-25,5400.0,product_list:market,Industrial Shock Absorbers
AD 37-25 M,AD-37-25,5400.0,product_list:b2b,Industrial Shock Absorbers
AD 30-50 M,AD-30-50,5400.0,product_list:market,Industrial Shock Absorbers
AD 30-50 M,AD-30-50,5400.0,product_list:b2b,Industrial Shock Absorbers
AD 33-50 M,AD-33-50,5400.0,product_list:market,Industrial Shock Absorbers
AD 33-50 M,AD-33-50,5400.0,product_list:b2b,Industrial Shock Absorbers
AD 36-50 M,AD-36-50,6360.0,product_list:market,Industrial Shock Absorbers
AD 36-50 M,AD-36-50,6360.0,product_list:b2b,Industrial Shock Absorbers
AD 37-50 M,AD-37-50,6960.0,product_list:market,Industrial Shock Absorbers
AD 37-50 M,AD-37-50,6960.0,product_list:b2b,Industrial Shock Absorbers
AD 37-75 M,AD-37-75,7200.0,product_list:market,Industrial Shock Absorbers
AD 37-75 M,AD-37-75,7200.0,product_list:b2b,Industrial Shock Absorbers
YSR-08-08,YSR-08-08,1500.0,product_list:market,Industrial Shock Absorbers
YSR-08-08,YSR-08-08,1500.0,product_list:b2b,Industrial Shock Absorbers
YSR -12-12,YSR-12-12,1800.0,product_list:market,Industrial Shock Absorbers
YSR -12-12,YSR-12-12,1800.0,product_list:b2b,Industrial Shock Absorbers
YSR 16-20,YSR-16-20,2800.0,product_list:market,Industrial Shock Absorbers
YSR 16-20,YSR-16-20,2800.0,product_list:b2b,Industrial Shock Absorbers
YSR 20-25,YSR-20-25,3800.0,product_list:market,Industrial Shock Absorbers
YSR 20-25,YSR-20-25,3800.0,product_list:b2b,Industrial Shock Absorbers
YSR 25-40,YSR-25-40,5500.0,product_list:market,Industrial Shock Absorbers
YSR 25-40,YSR-25-40,5500.0,product_list:b2b,Industrial Shock Absorbers
YSR 32 40,YSR-32-40,6900.0,product_list:market,Industrial Shock Absorbers
YSR 32 40,YSR-32-40,6900.0,product_list:b2b,Industrial Shock Absorbers
AC-10-5-F,AC-10-5,1440.0,product_list:market,Industrial Shock Absorbers
AC-10-5-F,AC-10-5,1440.0,product_list:b2b,Industrial Shock Absorbers
AC-10-8-F,AC-10-8,1440.0,product_list:market,Industrial Shock Absorbers
AC-10-8-F,AC-10-8,1440.0,product_list:b2b,Industrial Shock Absorbers
AC-12-10-F,AC-12-10,1320.0,product_list:market,Industrial Shock Absorbers
AC-12-10-F,AC-12-10,1320.0,product_list:b2b,Industrial Shock Absorbers
AC 14-10-F,AC-14-10,960.0,product_list:market,Industrial Shock Absorbers
AC 14-10-F,AC-14-10,960.0,product_list:b2b,Industrial Shock Absorbers
AC 14-10-M,AC-14-10,960.0,product_list:market,Industrial Shock Absorbers
AC 14-10-M,AC-14-10,960.0,product_list:b2b,Industrial Shock Absorbers
AC 14-10-U,AC-14-10,980.0,product_list:market,Industrial Shock Absorbers
AC 14-10-U,AC-14-10,980.0,product_list:b2b,Industrial Shock Absorbers
AC 16-13 F,AC-16-13,1800.0,product_list:market,Industrial Shock Absorbers
AC 16-13 F,AC-16-13,1800.0,product_list:b2b,Industrial Shock Absorbers
AC 16-13 M,AC-16-13,1600.0,product_list:market,Industrial Shock Absorbers
AC 16-13 M,AC-16-13,1600.0,product_list:b2b,Industrial Shock Absorbers
AC 20-20-M,AC-20-20,2900.0,product_list:market,Industrial Shock Absorbers
AC 20-20-M,AC-20-20,2900.0,product_list:b2b,Industrial Shock Absorbers
AC 20-20 U,AC-20-20,3456.0,product_list:market,Industrial Shock Absorbers
AC 20-20 U,AC-20-20,3456.0,product_list:b2b,Industrial Shock Absorbers
AC 22-20-M,AC-22-20,2765.0,product_list:market,Industrial Shock Absorbers
AC 22-20-M,AC-22-20,2765.0,product_list:b2b,Industrial Shock Absorbers
AC 25-25-M,AC-25-25,3800.0,product_list:market,Industrial Shock Absorbers
AC 25-25-M,AC-25-25,3800.0,product_list:b2b,Industrial Shock Absorbers
AC 25-25 U,AC-25-25,4300.0,product_list:market,Industrial Shock Absorbers
AC 25-25 U,AC-25-25,4300.0,product_list:b2b,Industrial Shock Absorbers
AC 26-25-1.5,AC-26-25,4700.0,product_list:market,Industrial Shock Absorbers
AC 26-25-1.5,AC-26-25,4700.0,product_list:b2b,Industrial Shock Absorbers
AC 25-40 U,AC-25-40,5500.0,product_list:market,Industrial Shock Absorbers
AC 25-40 U,AC-25-40,5500.0,product_list:b2b,Industrial Shock Absorbers
AC 30-25 M,AC-30-25,4600.0,product_list:market,Industrial Shock Absorbers
AC 30-25 M,AC-30-25,4600.0,product_list:b2b,Industrial Shock Absorbers
AC 30-25 M,AC-30-25,4600.0,product_list:market,Industrial Shock Absorbers
AC 30-25 M,AC-30-25,4600.0,product_list:b2b,Industrial Shock Absorbers
AC 33-25 M,AC-33-25,4800.0,product_list:market,Industrial Shock Absorbers
AC 33-25 M,AC-33-25,4800.0,product_list:b2b,Industrial Shock Absorbers
AC 33-25 U,AC-33-25,5000.0,product_list:market,Industrial Shock Absorbers
AC 33-25 U,AC-33-25,5000.0,product_list:b2b,Industrial Shock Absorbers
AC 36-25 M,AC-36-25,4800.0,product_list:market,Industrial Shock Absorbers
AC 36-25 M,AC-36-25,4800.0,product_list:b2b,Industrial Shock Absorbers
AC 37-25 M,AC-37-25,5200.0,product_list:market,Industrial Shock Absorbers
AC 37-25 M,AC-37-25,5200.0,product_list:b2b,Industrial Shock Absorbers
AC 30-50 M,AC-30-50,5200.0,product_list:market,Industrial Shock Absorbers
AC 30-50 M,AC-30-50,5200.0,product_list:b2b,Industrial Shock Absorbers
AC 33-50 M,AC-33-50,5200.0,product_list:market,Industrial Shock Absorbers
AC 33-50 M,AC-33-50,5200.0,product_list:b2b,Industrial Shock Absorbers
AC 36-50 M,AC-36-50,6100.0,product_list:market,Industrial Shock Absorbers
AC 36-50 M,AC-36-50,6100.0,product_list:b2b,Industrial Shock Absorbers
AC 37-50 M,AC-37-50,6600.0,product_list:market,Industrial Shock Absorbers
AC 37-50 M,AC-37-50,6600.0,product_list:b2b,Industrial Shock Absorbers
AD 14-10-F,AD-14-10,1300.0,product_list:market,Industrial Shock Absorbers
AD 14-10-F,AD-14-10,1300.0,product_list:b2b,Industrial Shock Absorbers
AD 14-10-M,AD-14-10,1200.0,product_list:market,Industrial Shock Absorbers
AD 14-10-M,AD-14-10,1200.0,product_list:b2b,Industrial Shock Absorbers
AD 14-10-U,AD-14-10,1200.0,product_list:market,Industrial Shock Absorbers
AD 14-10-U,AD-14-10,1200.0,product_list:b2b,Industrial Shock Absorbers
AD 16-13 F,AD-16-13,2200.0,product_list:market,Industrial Shock Absorbers
AD 16-13 F,AD-16-13,2200.0,product_list:b2b,Industrial Shock Absorbers
AD 16-13 M,AD-16-13,2000.0,product_list:market,Industrial Shock Absorbers
AD 16-13 M,AD-16-13,2000.0,product_list:b2b,Industrial Shock Absorbers
AD 20-20-M,AD-20-20,3100.0,product_list:market,Industrial Shock Absorbers
AD 20-20-M,AD-20-20,3100.0,product_list:b2b,Industrial Shock Absorbers
AD 20-20 U,AD-20-20,3600.0,product_list:market,Industrial Shock Absorbers
AD 20-20 U,AD-20-20,3600.0,product_list:b2b,Industrial Shock Absorbers
AD 22-20-M,AD-22-20,2880.0,product_list:market,Industrial Shock Absorbers
AD 22-20-M,AD-22-20,2880.0,product_list:b2b,Industrial Shock Absorbers
AD 25-25-M,AD-25-25,3960.0,product_list:market,Industrial Shock Absorbers
AD 25-25-M,AD-25-25,3960.0,product_list:b2b,Industrial Shock Absorbers
AD 25-25 U,AD-25-25,4560.0,product_list:market,Industrial Shock Absorbers
AD 25-25 U,AD-25-25,4560.0,product_list:b2b,Industrial Shock Absorbers
AD 26-25-1.5,AD-26-25,4920.0,product_list:market,Industrial Shock Absorbers
AD 26-25-1.5,AD-26-25,4920.0,product_list:b2b,Industrial Shock Absorbers
AD 25-40-1.5,AD-25-40,5400.0,product_list:market,Industrial Shock Absorbers
AD 25-40-1.5,AD-25-40,5400.0,product_list:b2b,Industrial Shock Absorbers
AD 25-40 U,AD-25-40,5760.0,product_list:market,Industrial Shock Absorbers
AD 25-40 U,AD-25-40,5760.0,product_list:b2b,Industrial Shock Absorbers
AD 30-25 M,AD-30-25,4800.0,product_list:market,Industrial Shock Absorbers
AD 30-25 M,AD-30-25,4800.0,product_list:b2b,Industrial Shock Absorbers
JCQ-C-1,JHQ-C-1,739.2,pu_pricelist:inr,
JCQ-C-1,JHQ-C-1,3.5,pu_pricelist:usd,USD
JCQ-C-2,JHQ-C-2,802.56,pu_pricelist:inr,
JCQ-C-2,JHQ-C-2,3.8,pu_pricelist:usd,USD
JCQ-C-3,JHQ-C-3,887.0400000000002,pu_pricelist:inr,
JCQ-C-3,JHQ-C-3,4.2,pu_pricelist:usd,USD
JCQ-C-4,JHQ-C-4,950.4000000000001,pu_pricelist:inr,
JCQ-C-4,JHQ-C-4,4.5,pu_pricelist:usd,USD
JCQ-C-5,JHQ-C-5,992.6400000000002,pu_pricelist:inr,
JCQ-C-5,JHQ-C-5,4.7,pu_pricelist:usd,USD
JCQ-C-6,JHQ-C-6,1056.0,pu_pricelist:inr,
JCQ-C-6,JHQ-C-6,5.0,pu_pricelist:usd,USD
JCQ-C-7,JHQ-C-7,1161.6000000000001,pu_pricelist:inr,
JCQ-C-7,JHQ-C-7,5.5,pu_pricelist:usd,USD
JCQ-C-8,JHQ-C-8,1267.2,pu_pricelist:inr,
JCQ-C-8,JHQ-C-8,6.0,pu_pricelist:usd,USD
JCQ-C-9,JHQ-C-9,1372.8000000000002,pu_pricelist:inr,
JCQ-C-9,JHQ-C-9,6.5,pu_pricelist:usd,USD
",IHO-C-10",JHQ-C-10,1837.44,pu_pricelist:inr,
",IHO-C-10",JHQ-C-10,8.7,pu_pricelist:usd,USD
JCQ-C-11,JHQ-C-11,2027.52,pu_pricelist:inr,
JCQ-C-11,JHQ-C-11,9.6,pu_pricelist:usd,USD
JCQ-C-12,JHQ-C-12,2280.9600000000005,pu_pricelist:inr,
JCQ-C-12,JHQ-C-12,10.8,pu_pricelist:usd,USD
JCQ-C-13,JHQ-C-13,2724.4800000000005,pu_pricelist:inr,
JCQ-C-13,JHQ-C-13,12.9,pu_pricelist:usd,USD
JCQ-C-14,JHQ-C-14,3379.2000000000003,pu_pricelist:inr,
JCQ-C-14,JHQ-C-14,16.0,pu_pricelist:usd,USD
JCQ-C-15,JHQ-C-15,3886.08,pu_pricelist:inr,
JCQ-C-15,JHQ-C-15,18.4,pu_pricelist:usd,USD
JCQ-C-16,JHQ-C-16,6547.200000000001,pu_pricelist:inr,
JCQ-C-16,JHQ-C-16,31.0,pu_pricelist:usd,USD
JCQ-C-17,JHQ-C-17,6969.6,pu_pricelist:inr,
JCQ-C-17,JHQ-C-17,33.0,pu_pricelist:usd,USD
JCQ-C-18,JHQ-C-18,9292.800000000001,pu_pricelist:inr,
JCQ-C-18,JHQ-C-18,44.0,pu_pricelist:usd,USD
JCQ-C-19,JHQ-C-19,10876.800000000001,pu_pricelist:inr,
JCQ-C-19,JHQ-C-19,51.5,pu_pricelist:usd,USD
JCQ-C-20,JHQ-C-20,15523.2,pu_pricelist:inr,
JCQ-C-20,JHQ-C-20,73.5,pu_pricelist:usd,USD
JCQ-C-21,JHQ-C-21,17698.56,pu_pricelist:inr,
JCQ-C-21,JHQ-C-21,83.8,pu_pricelist:usd,USD
JCQ-C-22,JHQ-C-22,24921.600000000002,pu_pricelist:inr,
JCQ-C-22,JHQ-C-22,118.0,pu_pricelist:usd,USD
JCQ-C-23,JHQ-C-23,25600.0,pu_pricelist:inr,
JCQ-C-24,JHQ-C-24,28000.0,pu_pricelist:inr,
SB-1204A,SB-1204A,2800.0,spring_pricelist,
SB-1204B,SB-1204B,3800.0,spring_pricelist,
SB-1204C,SB-1204C,4800.0,spring_pricelist,
SB-1204D,SB-1204D,7650.0,spring_pricelist,
SB-1204E,SB-1204E,15500.0,spring_pricelist,
SB-1204F,SB-1204F,16500.0,spring_pricelist,
SB-1204G,SB-1204G,15800.0,spring_pricelist,
SB-1220-A,SB-1220-A,22000.0,spring_pricelist,
SB-1220-B,SB-1220-B,23200.0,spring_pricelist,
SB-1220-C,SB-1220-C,22000.0,spring_pricelist,
SB-1220-D,SB-1220-D,23000.0,spring_pricelist,
SB-1220-E,SB-1220-E,22000.0,spring_pricelist,
SB-1220-F,SB-1220-F,26500.0,spring_pricelist,
SB-1220-G,SB-1220-G,25200.0,spring_pricelist,
SB-1220-H,SB-1220-H,24000.0,spring_pricelist,
SB-1220-J,SB-1220-J,28000.0,spring_pricelist,
SB-1220-K,SB-1220-K,19800.0,spring_pricelist,
SB-1220-L,SB-1220-L,21800.0,spring_pricelist,
SB-1220-M,SB-1220-M,22800.0,spring_pricelist,
SB-1220-N,SB-1220-N,21800.0,spring_pricelist,
SB-1220-P,SB-1220-P,21800.0,spring_pricelist,
AKHG 65-25,AKHG-65-25,15600.0,hydraulic_pricelist,
AKHG 65-50,AKHG-65-50,16500.0,hydraulic_pricelist,
AKHG 65-75,AKHG-65-75,19800.0,hydraulic_pricelist,
AKHG 65-100,AKHG-65-100,21000.0,hydraulic_pricelist,
AKHG 65-125,AKHG-65-125,22000.0,hydraulic_pricelist,
AKHG 65-150,AKHG-65-150,23100.0,hydraulic_pricelist,
AKHG 65-200,AKHG-65-200,24400.0,hydraulic_pricelist,
AKHG 85-100,AKHG-85-100,29000.0,hydraulic_pricelist,
AKHG 85-200,AKHG-85-200,30400.0,hydraulic_pricelist,
AKHG 85-300,AKHG-85-300,31700.0,hydraulic_pricelist,
AKHG 85-400,AKHG-85-400,33000.0,hydraulic_pricelist,
AKHG 85-500,AKHG-85-500,34500.0,hydraulic_pricelist,
AKHG100-50,AKHG-100-50,37700.0,hydraulic_pricelist,
AKHG100-80,AKHG-100-80,38600.0,hydraulic_pricelist,
AKHG100-100,AKHG-100-100,38700.0,hydraulic_pricelist,
AKHG100-120,AKHG-100-120,39500.0,hydraulic_pricelist,
AKHG100-150,AKHG-100-150,39800.0,hydraulic_pricelist,
AKHG100-200,AKHG-100-200,41100.0,hydraulic_pricelist,
AKHG100-250,AKHG-100-250,42500.0,hydraulic_pricelist,
AKHG100-300,AKHG-100-300,43800.0,hydraulic_pricelist,
AKHG100-400,AKHG-100-400,47300.0,hydraulic_pricelist,
AKHG100-500,AKHG-100-500,50000.0,hydraulic_pricelist,
AKHG100-600,AKHG-100-600,52400.0,hydraulic_pricelist,
AKHG100-800,AKHG-100-800,57300.0,hydraulic_pricelist,
AKHG 120-100,AKHG-120-100,48200.0,hydraulic_pricelist,
AKHG 120-200,AKHG-120-200,54200.0,hydraulic_pricelist,
AKHG 120-300,AKHG-120-300,54300.0,hydraulic_pricelist,
AKHG 120-400,AKHG-120-400,56700.0,hydraulic_pricelist,
AKHG 120-500,AKHG-120-500,59900.0,hydraulic_pricelist,
AKHG 120-600,AKHG-120-600,63800.0,hydraulic_pricelist,
AKHG 120-800,AKHG-120-800,69400.0,hydraulic_pricelist,
AKHG 120-1000,AKHG-120-1000,75300.0,hydraulic_pricelist,
AKHG 130--100,AKHG-130-100,57500.0,hydraulic_pricelist,
AKHG 130--150,AKHG-130-150,57400.0,hydraulic_pricelist,
AKHG 130--200,AKHG-130-200,61600.0,hydraulic_pricelist,
AKHG 130--300,AKHG-130-300,67200.0,hydraulic_pricelist,
AKHG 130--400,AKHG-130-400,73000.0,hydraulic_pricelist,
AKHG 130--500,AKHG-130-500,77900.0,hydraulic_pricelist,
AKHG 130--600,AKHG-130-600,81200.0,hydraulic_pricelist,
AKHG 130--800,AKHG-130-800,95300.0,hydraulic_pricelist,
AKHG 130--1000,AKHG-130-1000,105200.0,hydraulic_pricelist,
AKHG 140--100,AKHG-140-100,58900.0,hydraulic_pricelist,
AKHG 140--150,AKHG-140-150,61200.0,hydraulic_pricelist,
AKHG 140--200,AKHG-140-200,65800.0,hydraulic_pricelist,
AKHG 140--300,AKHG-140-300,72100.0,hydraulic_pricelist,
AKHG 140--400,AKHG-140-400,78600.0,hydraulic_pricelist,
AKHG 140--500,AKHG-140-500,84200.0,hydraulic_pricelist,
AKHG 140--600,AKHG-140-600,90000.0,hydraulic_pricelist,
AKHG 140--800,AKHG-140-800,97800.0,hydraulic_pricelist,
AKHG 140--1000,AKHG-140-1000,109100.0,hydraulic_pricelist,
AKHG 65-25,AKHG-65-25,18000.0,akhg_pricelist,
AKHG 65-50,AKHG-65-50,18900.0,akhg_pricelist,
AKHG 65-75,AKHG-65-75,19800.0,akhg_pricelist,
AKHG 65-100,AKHG-65-100,21000.0,akhg_pricelist,
AKHG 65-125,AKHG-65-125,22000.0,akhg_pricelist,
AKHG 65-150,AKHG-65-150,23100.0,akhg_pricelist,
AKHG 65-200,AKHG-65-200,24400.0,akhg_pricelist,
AKHG 85-100,AKHG-85-100,29000.0,akhg_pricelist,
AKHG 85-200,AKHG-85-200,30400.0,akhg_pricelist,
AKHG 85-300,AKHG-85-300,31700.0,akhg_pricelist,
AKHG 85-400,AKHG-85-400,33000.0,akhg_pricelist,
AKHG 85-500,AKHG-85-500,34500.0,akhg_pricelist,
AKHG100-50,AKHG-100-50,37700.0,akhg_pricelist,
AKHG100-80,AKHG-100-80,38600.0,akhg_pricelist,
AKHG100-100,AKHG-100-100,38700.0,akhg_pricelist,
AKHG100-120,AKHG-100-120,39500.0,akhg_pricelist,
AKHG100-150,AKHG-100-150,39800.0,akhg_pricelist,
AKHG100-200,AKHG-100-200,41100.0,akhg_pricelist,
AKHG100-250,AKHG-100-250,42500.0,akhg_pricelist,
AKHG100-300,AKHG-100-300,43800.0,akhg_pricelist,
AKHG100-400,AKHG-100-400,47300.0,akhg_pricelist,
AKHG100-500,AKHG-100-500,50000.0,akhg_pricelist,
AKHG100-600,AKHG-100-600,52400.0,akhg_pricelist,
AKHG100-800,AKHG-100-800,57300.0,akhg_pricelist,
AKHG 120-100,AKHG-120-100,48200.0,akhg_pricelist,
AKHG 120-200,AKHG-120-200,54200.0,akhg_pricelist,
AKHG 120-300,AKHG-120-300,54300.0,akhg_pricelist,
AKHG 120-400,AKHG-120-400,56700.0,akhg_pricelist,
AKHG 120-500,AKHG-120-500,59900.0,akhg_pricelist,
AKHG 120-600,AKHG-120-600,63800.0,akhg_pricelist,
AKHG 120-800,AKHG-120-800,69400.0,akhg_pricelist,
AKHG 120-1000,AKHG-120-1000,75300.0,akhg_pricelist,
AKHG 130-100,AKHG-130-100,57500.0,akhg_pricelist,
AKHG 130-150,AKHG-130-150,57400.0,akhg_pricelist,
AKHG 130-200,AKHG-130-200,61600.0,akhg_pricelist,
AKHG 130-300,AKHG-130-300,67200.0,akhg_pricelist,
AKHG 130-400,AKHG-130-400,73000.0,akhg_pricelist,
AKHG 130-500,AKHG-130-500,77900.0,akhg_pricelist,
AKHG 130-600,AKHG-130-600,81200.0,akhg_pricelist,
AKHG 130-800,AKHG-130-800,95300.0,akhg_pricelist,
AKHG 130-1000,AKHG-130-1000,105200.0,akhg_pricelist,
AKHG 140-100,AKHG-140-100,58900.0,akhg_pricelist,
AKHG 140-150,AKHG-140-150,61200.0,akhg_pricelist,
AKHG 140-200,AKHG-140-200,65800.0,akhg_pricelist,
AKHG 140-300,AKHG-140-300,72100.0,akhg_pricelist,
AKHG 140-400,AKHG-140-400,78600.0,akhg_pricelist,
AKHG 140-500,AKHG-140-500,84200.0,akhg_pricelist,
AKHG 140-600,AKHG-140-600,90000.0,akhg_pricelist,
AKHG 140-800,AKHG-140-800,97800.0,akhg_pricelist,
AKHG 140-1000,AKHG-140-1000,109100.0,akhg_pricelist,
TSC-15,TSC-15,6150.0,tsc_pdf_2022,
TSC-25,TSC-25,6600.0,tsc_pdf_2022,
TSC-50,TSC-50,9840.0,tsc_pdf_2022,
TSC-75,TSC-75,14400.0,tsc_pdf_2022,
TSC-100,TSC-100,16625.0,tsc_pdf_2022,
