model,family,type,mount_style,load_min_kg,load_max_kg,natural_freq_hz,stiffness_n_mm,static_deflection_mm,height_mm,dia_mm,length_mm,width_mm,thread,material,hardness_shore,temp_min_c,temp_max_c,hsn,gst_rate,uom,price_inr,lead_time_days,status,image,ga_pdf,source,note
AT-OVTN10-20,OVTN rubber-coated anti-impact isolator,elastomer + wire rope hybrid,,,20.0,10~18,105,28,76,111,127,,,Natural rubber / steel,,-30,80,40169990,18,NOS,1200,21,reference,img/mounts/OVTN.svg,,EKD catalogue equivalent - replace with Adoni Tech catalogue data,"cat p.54-57; rated loads printed in kg, converted x9.81: vertical 20 kg, lateral 15 kg (=147.2 N), longitudinal 35 kg (="
AT-OVTN10-15,OVTN rubber-coated anti-impact isolator,elastomer + wire rope hybrid,,,15.0,10~18,78,28,76,111,127,,,Natural rubber / steel,,-30,80,40169990,18,NOS,1200,21,reference,img/mounts/OVTN.svg,,EKD catalogue equivalent - replace with Adoni Tech catalogue data,"cat p.54-57; rated loads printed in kg, converted x9.81: vertical 15 kg, lateral 10 kg (=98.1 N), longitudinal 24 kg (=2"
AT-OVTN10-10,OVTN rubber-coated anti-impact isolator,elastomer + wire rope hybrid,,,10.0,10~18,52,28,76,111,127,,,Natural rubber / steel,,-30,80,40169990,18,NOS,1200,21,reference,img/mounts/OVTN.svg,,EKD catalogue equivalent - replace with Adoni Tech catalogue data,"cat p.54-57; rated loads printed in kg, converted x9.81: vertical 10 kg, lateral 8 kg (=78.5 N), longitudinal 15 kg (=14"
AT-OVTN20-150,OVTN rubber-coated anti-impact isolator,elastomer + wire rope hybrid,,,150.0,10~18,785,89,140,165,203,,,Natural rubber / steel,,-30,80,40169990,18,NOS,4600,21,reference,img/mounts/OVTN.svg,,EKD catalogue equivalent - replace with Adoni Tech catalogue data,"cat p.54-57; rated loads printed in kg, converted x9.81: vertical 150 kg, lateral 105 kg (=1030 N), longitudinal 265 kg "
AT-OVTN20-100,OVTN rubber-coated anti-impact isolator,elastomer + wire rope hybrid,,,100.0,10~18,523,89,140,165,203,,,Natural rubber / steel,,-30,80,40169990,18,NOS,4600,21,reference,img/mounts/OVTN.svg,,EKD catalogue equivalent - replace with Adoni Tech catalogue data,"cat p.54-57; rated loads printed in kg, converted x9.81: vertical 100 kg, lateral 60 kg (=588.6 N), longitudinal 155 kg "
AT-OVTN20-50,OVTN rubber-coated anti-impact isolator,elastomer + wire rope hybrid,,,50.0,10~18,262,89,140,165,203,,,Natural rubber / steel,,-30,80,40169990,18,NOS,4600,21,reference,img/mounts/OVTN.svg,,EKD catalogue equivalent - replace with Adoni Tech catalogue data,"cat p.54-57; rated loads printed in kg, converted x9.81: vertical 50 kg, lateral 25 kg (=245.2 N), longitudinal 65 kg (="
AT-OVTN30-250,OVTN rubber-coated anti-impact isolator,elastomer + wire rope hybrid,,,250.0,10~18,1308,89,140,165,241,,,Natural rubber / steel,,-30,80,40169990,18,NOS,4700,21,reference,img/mounts/OVTN.svg,,EKD catalogue equivalent - replace with Adoni Tech catalogue data,"cat p.54-57; rated loads printed in kg, converted x9.81: vertical 250 kg, lateral 170 kg (=1667.7 N), longitudinal 440 k"
AT-OVTN30-125,OVTN rubber-coated anti-impact isolator,elastomer + wire rope hybrid,,,125.0,10~18,654,89,140,165,241,,,Natural rubber / steel,,-30,80,40169990,18,NOS,4700,21,reference,img/mounts/OVTN.svg,,EKD catalogue equivalent - replace with Adoni Tech catalogue data,"cat p.54-57; rated loads printed in kg, converted x9.81: vertical 125 kg, lateral 75 kg (=735.8 N), longitudinal 195 kg "
AT-OVTN30-60,OVTN rubber-coated anti-impact isolator,elastomer + wire rope hybrid,,,60.0,10~18,314,89,140,165,241,,,Natural rubber / steel,,-30,80,40169990,18,NOS,4700,21,reference,img/mounts/OVTN.svg,,EKD catalogue equivalent - replace with Adoni Tech catalogue data,"cat p.54-57; rated loads printed in kg, converted x9.81: vertical 60 kg, lateral 30 kg (=294.3 N), longitudinal 80 kg (="
AT-OVTN40-300,OVTN rubber-coated anti-impact isolator,elastomer + wire rope hybrid,,,300.0,10~18,1569,102,165,235,279,,,Natural rubber / steel,,-30,80,40169990,18,NOS,7000,21,reference,img/mounts/OVTN.svg,,EKD catalogue equivalent - replace with Adoni Tech catalogue data,"cat p.54-57; rated loads printed in kg, converted x9.81: vertical 300 kg, lateral 155 kg (=1520.6 N), longitudinal 395 k"
AT-OVTN40-200,OVTN rubber-coated anti-impact isolator,elastomer + wire rope hybrid,,,200.0,10~18,1046,102,165,235,279,,,Natural rubber / steel,,-30,80,40169990,18,NOS,7000,21,reference,img/mounts/OVTN.svg,,EKD catalogue equivalent - replace with Adoni Tech catalogue data,"cat p.54-57; rated loads printed in kg, converted x9.81: vertical 200 kg, lateral 105 kg (=1030 N), longitudinal 295 kg "
AT-OVTN40-80,OVTN rubber-coated anti-impact isolator,elastomer + wire rope hybrid,,,80.0,10~18,418,102,165,235,279,,,Natural rubber / steel,,-30,80,40169990,18,NOS,7000,21,reference,img/mounts/OVTN.svg,,EKD catalogue equivalent - replace with Adoni Tech catalogue data,"cat p.54-57; rated loads printed in kg, converted x9.81: vertical 80 kg, lateral 45 kg (=441.5 N), longitudinal 110 kg ("
AT-OVTN50-1800,OVTN rubber-coated anti-impact isolator,elastomer + wire rope hybrid,,,1800.0,10~18,9416,95,184,240,375,,,Natural rubber / steel,,-30,80,40169990,18,NOS,7950,21,reference,img/mounts/OVTN.svg,,EKD catalogue equivalent - replace with Adoni Tech catalogue data,"cat p.54-57; rated loads printed in kg, converted x9.81: vertical 1800 kg, lateral 500 kg (=4905 N), longitudinal 1340 k"
AT-OVTN50-1000,OVTN rubber-coated anti-impact isolator,elastomer + wire rope hybrid,,,1000.0,10~18,5231,95,184,240,375,,,Natural rubber / steel,,-30,80,40169990,18,NOS,7950,21,reference,img/mounts/OVTN.svg,,EKD catalogue equivalent - replace with Adoni Tech catalogue data,"cat p.54-57; rated loads printed in kg, converted x9.81: vertical 1000 kg, lateral 280 kg (=2746.8 N), longitudinal 755 "
AT-OVTN50-400,OVTN rubber-coated anti-impact isolator,elastomer + wire rope hybrid,,,400.0,10~18,2092,95,184,240,375,,,Natural rubber / steel,,-30,80,40169990,18,NOS,7950,21,reference,img/mounts/OVTN.svg,,EKD catalogue equivalent - replace with Adoni Tech catalogue data,"cat p.54-57; rated loads printed in kg, converted x9.81: vertical 400 kg, lateral 115 kg (=1128.2 N), longitudinal 300 k"
AT-OVTN60-2400,OVTN rubber-coated anti-impact isolator,elastomer + wire rope hybrid,,,2400.0,10~18,12555,121,229,305,546,,,Natural rubber / steel,,-30,80,40169990,18,NOS,13000,21,reference,img/mounts/OVTN.svg,,EKD catalogue equivalent - replace with Adoni Tech catalogue data,"cat p.54-57; rated loads printed in kg, converted x9.81: vertical 2400 kg, lateral 900 kg (=8829 N), longitudinal 980 kg"
AT-OVTN60-1200,OVTN rubber-coated anti-impact isolator,elastomer + wire rope hybrid,,,1200.0,10~18,6277,121,229,305,546,,,Natural rubber / steel,,-30,80,40169990,18,NOS,13000,21,reference,img/mounts/OVTN.svg,,EKD catalogue equivalent - replace with Adoni Tech catalogue data,"cat p.54-57; rated loads printed in kg, converted x9.81: vertical 1200 kg, lateral 450 kg (=4414.5 N), longitudinal 490 "
AT-OVTN60-600,OVTN rubber-coated anti-impact isolator,elastomer + wire rope hybrid,,,600.0,10~18,3139,121,229,305,546,,,Natural rubber / steel,,-30,80,40169990,18,NOS,13000,21,reference,img/mounts/OVTN.svg,,EKD catalogue equivalent - replace with Adoni Tech catalogue data,"cat p.54-57; rated loads printed in kg, converted x9.81: vertical 600 kg, lateral 225 kg (=2207.2 N), longitudinal 245 k"
AT-OVTX-25-8,OVTX all-metal (metal rubber) isolator,"metal-mesh cushion, 3-way equal stiffness",,,25.0,8±1,,,125,125,125,,,Natural rubber / steel,,-30,80,40169990,18,NOS,2250,21,reference,img/mounts/OVTX.svg,,EKD catalogue equivalent - replace with Adoni Tech catalogue data,"cat p.62-63; rated load printed 25 kg, converted x9.81; deformation at rated 5±1.5 mm; damping 0.1~0.24; round body ∅A=1"
AT-OVTX-40-6,OVTX all-metal (metal rubber) isolator,"metal-mesh cushion, 3-way equal stiffness",,,40.0,6±1,,,125,125,125,,,Natural rubber / steel,,-30,80,40169990,18,NOS,2250,21,reference,img/mounts/OVTX.svg,,EKD catalogue equivalent - replace with Adoni Tech catalogue data,"cat p.62-63; rated load printed 40 kg, converted x9.81; deformation at rated 8±1.5 mm; damping 0.1~0.24; round body ∅A=1"
AT-OVTX-60-8,OVTX all-metal (metal rubber) isolator,"metal-mesh cushion, 3-way equal stiffness",,,60.0,8±1,,,125,125,125,,,Natural rubber / steel,,-30,80,40169990,18,NOS,2250,21,reference,img/mounts/OVTX.svg,,EKD catalogue equivalent - replace with Adoni Tech catalogue data,"cat p.62-63; rated load printed 60 kg, converted x9.81; deformation at rated 5±1.5 mm; damping 0.1~0.24; round body ∅A=1"
AT-OVTX-85-8,OVTX all-metal (metal rubber) isolator,"metal-mesh cushion, 3-way equal stiffness",,,85.0,8±1,,,145.5,150,150,,,Natural rubber / steel,,-30,80,40169990,18,NOS,3100,21,reference,img/mounts/OVTX.svg,,EKD catalogue equivalent - replace with Adoni Tech catalogue data,"cat p.62-63; rated load printed 85 kg, converted x9.81; deformation at rated 5±1.5 mm; damping 0.1~0.24; round body ∅A=1"
AT-OVTX-100-8,OVTX all-metal (metal rubber) isolator,"metal-mesh cushion, 3-way equal stiffness",,,100.0,8±1,,,145.5,150,150,,,Natural rubber / steel,,-30,80,40169990,18,NOS,3100,21,reference,img/mounts/OVTX.svg,,EKD catalogue equivalent - replace with Adoni Tech catalogue data,"cat p.62-63; rated load printed 100 kg, converted x9.81; deformation at rated 5±1.5 mm; damping 0.1~0.24; round body ∅A="
AT-OVTX-100-20,OVTX all-metal (metal rubber) isolator,"metal-mesh cushion, 3-way equal stiffness",,,100.0,20±2,,,154.5,150,150,,,Natural rubber / steel,,-30,80,40169990,18,NOS,3150,21,reference,img/mounts/OVTX.svg,,EKD catalogue equivalent - replace with Adoni Tech catalogue data,"cat p.62-63; rated load printed 100 kg, converted x9.81; deformation at rated 0.6±0.3 mm; damping 0.1~0.24; round body ∅"
AT-OVTX-150-8,OVTX all-metal (metal rubber) isolator,"metal-mesh cushion, 3-way equal stiffness",,,150.0,8±1,,,145.5,150,150,,,Natural rubber / steel,,-30,80,40169990,18,NOS,3100,21,reference,img/mounts/OVTX.svg,,EKD catalogue equivalent - replace with Adoni Tech catalogue data,"cat p.62-63; rated load printed 150 kg, converted x9.81; deformation at rated 5±1.5 mm; damping 0.1~0.24; round body ∅A="
AT-BE3,Rubber BE shock absorber,"rubber mount, anti-shedding (E/EA interchangeable)",,,3.1,10±1.5,12.1,,40,36,70,,,Natural rubber / steel,,-30,80,40169990,18,NOS,500,21,reference,img/mounts/BE.svg,,EKD catalogue equivalent - replace with Adoni Tech catalogue data,"cat p.64-65; nominal load Z forward (pedestal)=30 N, Z backward (hanging)=20 N, Y=40 N, X=15 N; dynamic stiffness Z fwd/"
AT-BE5,Rubber BE shock absorber,"rubber mount, anti-shedding (E/EA interchangeable)",,,5.1,10±1.5,20,,40,36,70,,,Natural rubber / steel,,-30,80,40169990,18,NOS,500,21,reference,img/mounts/BE.svg,,EKD catalogue equivalent - replace with Adoni Tech catalogue data,"cat p.64-65; nominal load Z forward (pedestal)=50 N, Z backward (hanging)=35 N, Y=60 N, X=25 N; dynamic stiffness Z fwd/"
AT-BE10,Rubber BE shock absorber,"rubber mount, anti-shedding (E/EA interchangeable)",,,10.2,10±1.5,40,,40,36,70,,,Natural rubber / steel,,-30,80,40169990,18,NOS,500,21,reference,img/mounts/BE.svg,,EKD catalogue equivalent - replace with Adoni Tech catalogue data,"cat p.64-65; nominal load Z forward (pedestal)=100 N, Z backward (hanging)=70 N, Y=120 N, X=50 N; dynamic stiffness Z fw"
AT-BE15,Rubber BE shock absorber,"rubber mount, anti-shedding (E/EA interchangeable)",,,15.3,10±1.5,60,,40,36,70,,,Natural rubber / steel,,-30,80,40169990,18,NOS,500,21,reference,img/mounts/BE.svg,,EKD catalogue equivalent - replace with Adoni Tech catalogue data,"cat p.64-65; nominal load Z forward (pedestal)=150 N, Z backward (hanging)=100 N, Y=170 N, X=70 N; dynamic stiffness Z f"
AT-BE25,Rubber BE shock absorber,"rubber mount, anti-shedding (E/EA interchangeable)",,,25.5,10±1.5,100,,40,40,70,,,Natural rubber / steel,,-30,80,40169990,18,NOS,500,21,reference,img/mounts/BE.svg,,EKD catalogue equivalent - replace with Adoni Tech catalogue data,"cat p.64-65; nominal load Z forward (pedestal)=250 N, Z backward (hanging)=170 N, Y=300 N, X=150 N; dynamic stiffness Z "
AT-BE40,Rubber BE shock absorber,"rubber mount, anti-shedding (E/EA interchangeable)",,,40.8,10±1.5,161,,46,55,85,,,Natural rubber / steel,,-30,80,40169990,18,NOS,550,21,reference,img/mounts/BE.svg,,EKD catalogue equivalent - replace with Adoni Tech catalogue data,"cat p.64-65; nominal load Z forward (pedestal)=400 N, Z backward (hanging)=280 N, Y=450 N, X=200 N; dynamic stiffness Z "
AT-BE60,Rubber BE shock absorber,"rubber mount, anti-shedding (E/EA interchangeable)",,,61.2,10±1.5,242,,50,65,100,,,Natural rubber / steel,,-30,80,40169990,18,NOS,600,21,reference,img/mounts/BE.svg,,EKD catalogue equivalent - replace with Adoni Tech catalogue data,"cat p.64-65; nominal load Z forward (pedestal)=600 N, Z backward (hanging)=400 N, Y=700 N, X=300 N; dynamic stiffness Z "
AT-BE85,Rubber BE shock absorber,"rubber mount, anti-shedding (E/EA interchangeable)",,,86.6,10±1.5,342,,60,70,120,,,Natural rubber / steel,,-30,80,40169990,18,NOS,700,21,reference,img/mounts/BE.svg,,EKD catalogue equivalent - replace with Adoni Tech catalogue data,"cat p.64-65; nominal load Z forward (pedestal)=850 N, Z backward (hanging)=600 N, Y=1000 N, X=400 N; dynamic stiffness Z"
AT-BE120,Rubber BE shock absorber,"rubber mount, anti-shedding (E/EA interchangeable)",,,122.3,10±1.5,483,,60,85,140,,,Natural rubber / steel,,-30,80,40169990,18,NOS,1050,21,reference,img/mounts/BE.svg,,EKD catalogue equivalent - replace with Adoni Tech catalogue data,"cat p.64-65; nominal load Z forward (pedestal)=1200 N, Z backward (hanging)=800 N, Y=1350 N, X=600 N; dynamic stiffness "
AT-BE160,Rubber BE shock absorber,"rubber mount, anti-shedding (E/EA interchangeable)",,,163.1,10±1.5,644,,62,90,145,,,Natural rubber / steel,,-30,80,40169990,18,NOS,1100,21,reference,img/mounts/BE.svg,,EKD catalogue equivalent - replace with Adoni Tech catalogue data,"cat p.64-65; nominal load Z forward (pedestal)=1600 N, Z backward (hanging)=1100 N, Y=1800 N, X=800 N; dynamic stiffness"
AT-BE220,Rubber BE shock absorber,"rubber mount, anti-shedding (E/EA interchangeable)",,,224.3,10±1.5,880,,70,105,150,,,Natural rubber / steel,,-30,80,40169990,18,NOS,1300,21,reference,img/mounts/BE.svg,,EKD catalogue equivalent - replace with Adoni Tech catalogue data,"cat p.64-65; nominal load Z forward (pedestal)=2200 N, Z backward (hanging)=1500 N, Y=2400 N, X=1100 N; dynamic stiffnes"
AT-BE300,Rubber BE shock absorber,"rubber mount, anti-shedding (E/EA interchangeable)",,,305.8,10±1.5,1210,,75,115,155,,,Natural rubber / steel,,-30,80,40169990,18,NOS,1450,21,reference,img/mounts/BE.svg,,EKD catalogue equivalent - replace with Adoni Tech catalogue data,"cat p.64-65; nominal load Z forward (pedestal)=3000 N, Z backward (hanging)=2000 N, Y=3300 N, X=1500 N; dynamic stiffnes"
AT-BE400,Rubber BE shock absorber,"rubber mount, anti-shedding (E/EA interchangeable)",,,407.7,10±1.5,1610,,80,120,175,,,Natural rubber / steel,,-30,80,40169990,18,NOS,1550,21,reference,img/mounts/BE.svg,,EKD catalogue equivalent - replace with Adoni Tech catalogue data,"cat p.64-65; nominal load Z forward (pedestal)=4000 N, Z backward (hanging)=2800 N, Y=4300 N, X=1800 N; dynamic stiffnes"
AT-B1-1,Rubber B reinforced shock absorber,"small rubber mount (instruments, lamps)",,,0.5,15±2,,,62.2,32,32,,,Natural rubber / steel,,-30,80,40169990,18,NOS,500,21,reference,img/mounts/B.svg,,EKD catalogue equivalent - replace with Adoni Tech catalogue data,"cat p.66; nominal load Z=4.5 N; static deformation at rated: ambient 1.2~2.0, low temp 0.9~2.0, high temp 1.2~2.3 mm; da"
AT-B1-2,Rubber B reinforced shock absorber,"small rubber mount (instruments, lamps)",,,0.9,15±2,,,62.2,32,32,,,Natural rubber / steel,,-30,80,40169990,18,NOS,500,21,reference,img/mounts/B.svg,,EKD catalogue equivalent - replace with Adoni Tech catalogue data,"cat p.66; nominal load Z=9 N; static deformation at rated: ambient 1.2~2.0, low temp 0.9~2.0, high temp 1.2~2.3 mm; damp"
AT-B1-3,Rubber B reinforced shock absorber,"small rubber mount (instruments, lamps)",,,1.4,15±2,,,62.2,32,32,,,Natural rubber / steel,,-30,80,40169990,18,NOS,500,21,reference,img/mounts/B.svg,,EKD catalogue equivalent - replace with Adoni Tech catalogue data,"cat p.66; nominal load Z=13.5 N; static deformation at rated: ambient 1.2~2.0, low temp 0.9~2.0, high temp 1.2~2.3 mm; d"
AT-B1-4,Rubber B reinforced shock absorber,"small rubber mount (instruments, lamps)",,,1.8,15±2,,,62.2,32,32,,,Natural rubber / steel,,-30,80,40169990,18,NOS,500,21,reference,img/mounts/B.svg,,EKD catalogue equivalent - replace with Adoni Tech catalogue data,"cat p.66; nominal load Z=18 N; static deformation at rated: ambient 1.2~2.0, low temp 0.9~2.0, high temp 1.2~2.3 mm; dam"
AT-B1-5,Rubber B reinforced shock absorber,"small rubber mount (instruments, lamps)",,,2.3,15±2,,,62.2,32,32,,,Natural rubber / steel,,-30,80,40169990,18,NOS,500,21,reference,img/mounts/B.svg,,EKD catalogue equivalent - replace with Adoni Tech catalogue data,"cat p.66; nominal load Z=22.5 N; static deformation at rated: ambient 1.2~2.0, low temp 0.9~2.0, high temp 1.2~2.3 mm; d"
AT-B2-4,Rubber B reinforced shock absorber,"small rubber mount (instruments, lamps)",,,1.8,15±2,,,89.5,45,45,,,Natural rubber / steel,,-30,80,40169990,18,NOS,550,21,reference,img/mounts/B.svg,,EKD catalogue equivalent - replace with Adoni Tech catalogue data,"cat p.66; nominal load Z=18 N; static deformation at rated: ambient 1.2~2.0, low temp 0.9~2.0, high temp 1.2~2.3 mm; dam"
AT-B2-5,Rubber B reinforced shock absorber,"small rubber mount (instruments, lamps)",,,2.8,15±2,,,89.5,45,45,,,Natural rubber / steel,,-30,80,40169990,18,NOS,550,21,reference,img/mounts/B.svg,,EKD catalogue equivalent - replace with Adoni Tech catalogue data,"cat p.66; nominal load Z=27 N; static deformation at rated: ambient 1.2~2.0, low temp 0.9~2.0, high temp 1.2~2.3 mm; dam"
AT-B2-6,Rubber B reinforced shock absorber,"small rubber mount (instruments, lamps)",,,3.7,15±2,,,89.5,45,45,,,Natural rubber / steel,,-30,80,40169990,18,NOS,550,21,reference,img/mounts/B.svg,,EKD catalogue equivalent - replace with Adoni Tech catalogue data,"cat p.66; nominal load Z=36 N; static deformation at rated: ambient 1.2~2.0, low temp 0.9~2.0, high temp 1.2~2.3 mm; dam"
AT-B2-10,Rubber B reinforced shock absorber,"small rubber mount (instruments, lamps)",,,4.6,15±2,,,89.5,45,45,,,Natural rubber / steel,,-30,80,40169990,18,NOS,550,21,reference,img/mounts/B.svg,,EKD catalogue equivalent - replace with Adoni Tech catalogue data,"cat p.66; nominal load Z=45 N; static deformation at rated: ambient 1.2~2.0, low temp 0.9~2.0, high temp 1.2~2.3 mm; dam"
AT-B2-12,Rubber B reinforced shock absorber,"small rubber mount (instruments, lamps)",,,5.5,15±2,,,89.5,45,45,,,Natural rubber / steel,,-30,80,40169990,18,NOS,550,21,reference,img/mounts/B.svg,,EKD catalogue equivalent - replace with Adoni Tech catalogue data,"cat p.66; nominal load Z=54 N; static deformation at rated: ambient 1.2~2.0, low temp 0.9~2.0, high temp 1.2~2.3 mm; dam"
AT-B3-15,Rubber B reinforced shock absorber,"small rubber mount (instruments, lamps)",,,6.9,15±2,,,121,57,57,,,Natural rubber / steel,,-30,80,40169990,18,NOS,650,21,reference,img/mounts/B.svg,,EKD catalogue equivalent - replace with Adoni Tech catalogue data,"cat p.66; nominal load Z=67.5 N; static deformation at rated: ambient 1.2~2.0, low temp 0.9~2.0, high temp 1.2~2.3 mm; d"
AT-B3-20,Rubber B reinforced shock absorber,"small rubber mount (instruments, lamps)",,,9.2,15±2,,,121,57,57,,,Natural rubber / steel,,-30,80,40169990,18,NOS,650,21,reference,img/mounts/B.svg,,EKD catalogue equivalent - replace with Adoni Tech catalogue data,"cat p.66; nominal load Z=90 N; static deformation at rated: ambient 1.2~2.0, low temp 0.9~2.0, high temp 1.2~2.3 mm; dam"
AT-B3-25,Rubber B reinforced shock absorber,"small rubber mount (instruments, lamps)",,,11.5,15±2,,,121,57,57,,,Natural rubber / steel,,-30,80,40169990,18,NOS,650,21,reference,img/mounts/B.svg,,EKD catalogue equivalent - replace with Adoni Tech catalogue data,"cat p.66; nominal load Z=112.5 N; static deformation at rated: ambient 1.2~2.0, low temp 0.9~2.0, high temp 1.2~2.3 mm; "
AT-B3-35,Rubber B reinforced shock absorber,"small rubber mount (instruments, lamps)",,,16.1,15±2,,,121,57,57,,,Natural rubber / steel,,-30,80,40169990,18,NOS,650,21,reference,img/mounts/B.svg,,EKD catalogue equivalent - replace with Adoni Tech catalogue data,"cat p.66; nominal load Z=157.5 N; static deformation at rated: ambient 1.2~2.0, low temp 0.9~2.0, high temp 1.2~2.3 mm; "
AT-E10,Rubber E/EA shock absorber,"rubber mount, anti-shedding",,,10.2,28.5,330,,40,35,70,,,Natural rubber / steel,,-30,80,40169990,18,NOS,500,21,reference,img/mounts/E.svg,,EKD catalogue equivalent - replace with Adoni Tech catalogue data,cat p.67-68; nominal load Z=100 X=50 Y=100 N; static deformation 0.6±0.3 mm; dynamic stiffness Z/X/Y=330/350/500 N/mm; i
AT-E15,Rubber E/EA shock absorber,"rubber mount, anti-shedding",,,15.3,27,450,,40,40,70,,,Natural rubber / steel,,-30,80,40169990,18,NOS,500,21,reference,img/mounts/E.svg,,EKD catalogue equivalent - replace with Adoni Tech catalogue data,cat p.67-68; nominal load Z=150 X=100 Y=150 N; static deformation 0.7±0.3 mm; dynamic stiffness Z/X/Y=450/430/660 N/mm; 
AT-E25,Rubber E/EA shock absorber,"rubber mount, anti-shedding",,,25.5,27,750,,40,40,70,,,Natural rubber / steel,,-30,80,40169990,18,NOS,500,21,reference,img/mounts/E.svg,,EKD catalogue equivalent - replace with Adoni Tech catalogue data,cat p.67-68; nominal load Z=250 X=100 Y=250 N; static deformation 0.9±0.3 mm; dynamic stiffness Z/X/Y=750/690/880 N/mm; 
AT-EA25,Rubber E/EA shock absorber,"rubber mount, anti-shedding (EA: softer)",,,25.5,22,500,,40,48,70,,,Natural rubber / steel,,-30,80,40169990,18,NOS,500,21,reference,img/mounts/E.svg,,EKD catalogue equivalent - replace with Adoni Tech catalogue data,cat p.67-68; nominal load Z=250 X=100 Y=250 N; static deformation 1.0±0.4 mm; dynamic stiffness Z/X/Y=500/560/950 N/mm; 
AT-E40,Rubber E/EA shock absorber,"rubber mount, anti-shedding",,,40.8,28.5,1300,,46,55,85,,,Natural rubber / steel,,-30,80,40169990,18,NOS,550,21,reference,img/mounts/E.svg,,EKD catalogue equivalent - replace with Adoni Tech catalogue data,cat p.67-68; nominal load Z=400 X=150 Y=400 N; static deformation 0.7±0.3 mm; dynamic stiffness Z/X/Y=1300/740/1100 N/mm
AT-EA40,Rubber E/EA shock absorber,"rubber mount, anti-shedding (EA: softer)",,,40.8,23,870,,46,63,85,,,Natural rubber / steel,,-30,80,40169990,18,NOS,600,21,reference,img/mounts/E.svg,,EKD catalogue equivalent - replace with Adoni Tech catalogue data,cat p.67-68; nominal load Z=400 X=150 Y=400 N; static deformation 1.2±0.4 mm; dynamic stiffness Z/X/Y=870/800/1000 N/mm;
AT-E60,Rubber E/EA shock absorber,"rubber mount, anti-shedding",,,61.2,25.5,1600,,50,65,100,,,Natural rubber / steel,,-30,80,40169990,18,NOS,600,21,reference,img/mounts/E.svg,,EKD catalogue equivalent - replace with Adoni Tech catalogue data,cat p.67-68; nominal load Z=600 X=250 Y=600 N; static deformation 0.7±0.3 mm; dynamic stiffness Z/X/Y=1600/900/1400 N/mm
AT-EA60,Rubber E/EA shock absorber,"rubber mount, anti-shedding (EA: softer)",,,61.2,25,1500,,50,73,100,,,Natural rubber / steel,,-30,80,40169990,18,NOS,650,21,reference,img/mounts/E.svg,,EKD catalogue equivalent - replace with Adoni Tech catalogue data,cat p.67-68; nominal load Z=600 X=250 Y=600 N; static deformation 1.2±0.4 mm; dynamic stiffness Z/X/Y=1500/900/1900 N/mm
AT-E85,Rubber E/EA shock absorber,"rubber mount, anti-shedding",,,86.6,24,2000,,60,70,120,,,Natural rubber / steel,,-30,80,40169990,18,NOS,700,21,reference,img/mounts/E.svg,,EKD catalogue equivalent - replace with Adoni Tech catalogue data,cat p.67-68; nominal load Z=850 X=350 Y=850 N; static deformation 0.6±0.3 mm; dynamic stiffness Z/X/Y=2000/1000/1900 N/m
AT-EA85,Rubber E/EA shock absorber,"rubber mount, anti-shedding (EA: softer)",,,86.6,23,1850,,60,80,120,,,Natural rubber / steel,,-30,80,40169990,18,NOS,750,21,reference,img/mounts/E.svg,,EKD catalogue equivalent - replace with Adoni Tech catalogue data,cat p.67-68; nominal load Z=850 X=350 Y=850 N; static deformation 1.0±0.4 mm; dynamic stiffness Z/X/Y=1850/1000/2100 N/m
AT-E120,Rubber E/EA shock absorber,"rubber mount, anti-shedding",,,122.3,23,2500,,60,85,140,,,Natural rubber / steel,,-30,80,40169990,18,NOS,1050,21,reference,img/mounts/E.svg,,EKD catalogue equivalent - replace with Adoni Tech catalogue data,cat p.67-68; nominal load Z=1200 X=500 Y=1100 N; static deformation 0.9±0.3 mm; dynamic stiffness Z/X/Y=2500/1100/2100 N
AT-EA120,Rubber E/EA shock absorber,"rubber mount, anti-shedding (EA: softer)",,,122.3,18,1530,,60,101,140,,,Natural rubber / steel,,-30,80,40169990,18,NOS,1200,21,reference,img/mounts/E.svg,,EKD catalogue equivalent - replace with Adoni Tech catalogue data,cat p.67-68; nominal load Z=1200 X=500 Y=1100 N; static deformation 1.5±0.4 mm; dynamic stiffness Z/X/Y=1530/800/1700 N/
AT-E160,Rubber E/EA shock absorber,"rubber mount, anti-shedding",,,163.1,29,5500,,60,108,145,,,Natural rubber / steel,,-30,80,40169990,18,NOS,1250,21,reference,img/mounts/E.svg,,EKD catalogue equivalent - replace with Adoni Tech catalogue data,cat p.67-68; nominal load Z=1600 X=700 Y=1500 N; static deformation 0.6±0.3 mm; dynamic stiffness Z/X/Y=5500/1400/2800 N
AT-EA160,Rubber E/EA shock absorber,"rubber mount, anti-shedding (EA: softer)",,,163.1,25,4000,,60,108,145,,,Natural rubber / steel,,-30,80,40169990,18,NOS,1250,21,reference,img/mounts/E.svg,,EKD catalogue equivalent - replace with Adoni Tech catalogue data,cat p.67-68; nominal load Z=1600 X=700 Y=1500 N; static deformation 1.0±0.4 mm; dynamic stiffness Z/X/Y=4000/1150/2450 N
AT-E220,Rubber E/EA shock absorber,"rubber mount, anti-shedding",,,224.3,28,7000,,60,118,150,,,Natural rubber / steel,,-30,80,40169990,18,NOS,1350,21,reference,img/mounts/E.svg,,EKD catalogue equivalent - replace with Adoni Tech catalogue data,cat p.67-68; nominal load Z=2200 X=800 Y=1900 N; static deformation 0.6±0.3 mm; dynamic stiffness Z/X/Y=7000/1500/3500 N
AT-EA220,Rubber E/EA shock absorber,"rubber mount, anti-shedding (EA: softer)",,,224.3,22.5,4500,,60,118,150,,,Natural rubber / steel,,-30,80,40169990,18,NOS,1350,21,reference,img/mounts/E.svg,,EKD catalogue equivalent - replace with Adoni Tech catalogue data,cat p.67-68; nominal load Z=2200 X=800 Y=1900 N; static deformation 1.1±0.4 mm; dynamic stiffness Z/X/Y=4500/1400/2800 N
AT-E300,Rubber E/EA shock absorber,"rubber mount, anti-shedding",,,305.8,30,11000,,65,125,155,,,Natural rubber / steel,,-30,80,40169990,18,NOS,1450,21,reference,img/mounts/E.svg,,EKD catalogue equivalent - replace with Adoni Tech catalogue data,cat p.67-68; nominal load Z=3000 X=900 Y=2100 N; static deformation 0.6±0.3 mm; dynamic stiffness Z/X/Y=11000/2260/5500 
AT-EA300,Rubber E/EA shock absorber,"rubber mount, anti-shedding (EA: softer)",,,305.8,21.5,5600,,65,125,155,,,Natural rubber / steel,,-30,80,40169990,18,NOS,1450,21,reference,img/mounts/E.svg,,EKD catalogue equivalent - replace with Adoni Tech catalogue data,cat p.67-68; nominal load Z=3000 X=900 Y=2100 N; static deformation 1.1±0.4 mm; dynamic stiffness Z/X/Y=5600/1500/3350 N
AT-E400,Rubber E/EA shock absorber,"rubber mount, anti-shedding",,,407.7,28.5,13000,,65,130,175,,,Natural rubber / steel,,-30,80,40169990,18,NOS,1550,21,reference,img/mounts/E.svg,,EKD catalogue equivalent - replace with Adoni Tech catalogue data,cat p.67-68; nominal load Z=4000 X=1000 Y=2600 N; static deformation 0.7±0.3 mm; dynamic stiffness Z/X/Y=13000/2400/6200
AT-EA400,Rubber E/EA shock absorber,"rubber mount, anti-shedding (EA: softer)",,,407.7,20,6500,,65,130,175,,,Natural rubber / steel,,-30,80,40169990,18,NOS,1550,21,reference,img/mounts/E.svg,,EKD catalogue equivalent - replace with Adoni Tech catalogue data,cat p.67-68; nominal load Z=4000 X=1000 Y=2600 N; static deformation 1.4±0.4 mm; dynamic stiffness Z/X/Y=6500/1700/5000 
AT-6JX-25N,Rubber 6JX shock absorber,"closed-structure rubber mount, axial (Z) load",,20.0,25.0,8±1.5,,,60,70,126,,,Natural rubber / steel,,-30,80,40169990,18,NOS,700,21,reference,img/mounts/6JX.svg,,EKD catalogue equivalent - replace with Adoni Tech catalogue data,"cat p.69; rated vertical load 25 kg, application range 20~25 kg, converted x9.81; deformation at rated 7±1.5 mm; damping"
AT-6JX-25,Rubber 6JX shock absorber,"closed-structure rubber mount, axial (Z) load",,20.0,25.0,7±1.5,,,60,70,126,,,Natural rubber / steel,,-30,80,40169990,18,NOS,700,21,reference,img/mounts/6JX.svg,,EKD catalogue equivalent - replace with Adoni Tech catalogue data,"cat p.69; rated vertical load 25 kg, application range 20~25 kg, converted x9.81; deformation at rated 7±1.5 mm; damping"
AT-6JX-45N,Rubber 6JX shock absorber,"closed-structure rubber mount, axial (Z) load",,25.0,45.0,8±1.5,,,66,76,150,,,Natural rubber / steel,,-30,80,40169990,18,NOS,800,21,reference,img/mounts/6JX.svg,,EKD catalogue equivalent - replace with Adoni Tech catalogue data,"cat p.69; rated vertical load 45 kg, application range 25~45 kg, converted x9.81; deformation at rated 7±1.5 mm; damping"
AT-6JX-45,Rubber 6JX shock absorber,"closed-structure rubber mount, axial (Z) load",,25.0,45.0,7±1.5,,,66,76,150,,,Natural rubber / steel,,-30,80,40169990,18,NOS,800,21,reference,img/mounts/6JX.svg,,EKD catalogue equivalent - replace with Adoni Tech catalogue data,"cat p.69; rated vertical load 45 kg, application range 25~45 kg, converted x9.81; deformation at rated 7±1.5 mm; damping"
AT-6JX-70N,Rubber 6JX shock absorber,"closed-structure rubber mount, axial (Z) load",,45.0,70.0,8±1.5,,,68,82,168,,,Natural rubber / steel,,-30,80,40169990,18,NOS,1100,21,reference,img/mounts/6JX.svg,,EKD catalogue equivalent - replace with Adoni Tech catalogue data,"cat p.69; rated vertical load 70 kg, application range 45~70 kg, converted x9.81; deformation at rated 8±1.5 mm; damping"
AT-6JX-70,Rubber 6JX shock absorber,"closed-structure rubber mount, axial (Z) load",,45.0,70.0,7±1.5,,,68,82,168,,,Natural rubber / steel,,-30,80,40169990,18,NOS,1100,21,reference,img/mounts/6JX.svg,,EKD catalogue equivalent - replace with Adoni Tech catalogue data,"cat p.69; rated vertical load 70 kg, application range 45~70 kg, converted x9.81; deformation at rated 8±1.5 mm; damping"
AT-6JX-100N,Rubber 6JX shock absorber,"closed-structure rubber mount, axial (Z) load",,70.0,100.0,8±1.5,,,70,82,168,,,Natural rubber / steel,,-30,80,40169990,18,NOS,1100,21,reference,img/mounts/6JX.svg,,EKD catalogue equivalent - replace with Adoni Tech catalogue data,"cat p.69; rated vertical load 100 kg, application range 70~100 kg, converted x9.81; deformation at rated 8±1.5 mm; dampi"
AT-6JX-100,Rubber 6JX shock absorber,"closed-structure rubber mount, axial (Z) load",,70.0,100.0,7±1.5,,,70,82,168,,,Natural rubber / steel,,-30,80,40169990,18,NOS,1100,21,reference,img/mounts/6JX.svg,,EKD catalogue equivalent - replace with Adoni Tech catalogue data,"cat p.69; rated vertical load 100 kg, application range 70~100 kg, converted x9.81; deformation at rated 8±1.5 mm; dampi"
AT-6JX-200N,Rubber 6JX shock absorber,"closed-structure rubber mount, axial (Z) load",,100.0,200.0,8±1.5,,,80,88,172,,,Natural rubber / steel,,-30,80,40169990,18,NOS,1200,21,reference,img/mounts/6JX.svg,,EKD catalogue equivalent - replace with Adoni Tech catalogue data,"cat p.69; rated vertical load 200 kg, application range 100~200 kg, converted x9.81; deformation at rated 10±2 mm; dampi"
AT-6JX-200,Rubber 6JX shock absorber,"closed-structure rubber mount, axial (Z) load",,100.0,200.0,7±1.5,,,80,88,172,,,Natural rubber / steel,,-30,80,40169990,18,NOS,1200,21,reference,img/mounts/6JX.svg,,EKD catalogue equivalent - replace with Adoni Tech catalogue data,"cat p.69; rated vertical load 200 kg, application range 100~200 kg, converted x9.81; deformation at rated 10±2 mm; dampi"
AT-6JX-400N,Rubber 6JX shock absorber,"closed-structure rubber mount, axial (Z) load",,200.0,400.0,8±1.5,,,108,140,248,,,Natural rubber / steel,,-30,80,40169990,18,NOS,2300,21,reference,img/mounts/6JX.svg,,EKD catalogue equivalent - replace with Adoni Tech catalogue data,"cat p.69; rated vertical load 400 kg, application range 200~400 kg, converted x9.81; deformation at rated 14±2 mm; dampi"
AT-6JX-400,Rubber 6JX shock absorber,"closed-structure rubber mount, axial (Z) load",,200.0,400.0,7±1.5,,,108,140,248,,,Natural rubber / steel,,-30,80,40169990,18,NOS,2300,21,reference,img/mounts/6JX.svg,,EKD catalogue equivalent - replace with Adoni Tech catalogue data,"cat p.69; rated vertical load 400 kg, application range 200~400 kg, converted x9.81; deformation at rated 14±2 mm; dampi"
AT-6JX-600N,Rubber 6JX shock absorber,"closed-structure rubber mount, axial (Z) load",,400.0,600.0,8±1.5,,,112,150,260,,,Natural rubber / steel,,-30,80,40169990,18,NOS,2550,21,reference,img/mounts/6JX.svg,,EKD catalogue equivalent - replace with Adoni Tech catalogue data,"cat p.69; rated vertical load 600 kg, application range 400~600 kg, converted x9.81; deformation at rated 16±2 mm; dampi"
AT-6JX-600,Rubber 6JX shock absorber,"closed-structure rubber mount, axial (Z) load",,400.0,600.0,7±1.5,,,112,150,260,,,Natural rubber / steel,,-30,80,40169990,18,NOS,2550,21,reference,img/mounts/6JX.svg,,EKD catalogue equivalent - replace with Adoni Tech catalogue data,"cat p.69; rated vertical load 600 kg, application range 400~600 kg, converted x9.81; deformation at rated 16±2 mm; dampi"
AT-6JX-900N,Rubber 6JX shock absorber,"closed-structure rubber mount, axial (Z) load",,400.0,900.0,8±1,,,115,165,290,,,Natural rubber / steel,,-30,80,40169990,18,NOS,5100,21,reference,img/mounts/6JX.svg,,EKD catalogue equivalent - replace with Adoni Tech catalogue data,"cat p.69; rated vertical load 900 kg, application range 400~900 kg, converted x9.81; deformation at rated 18±3 mm; dampi"
AT-6JX-900,Rubber 6JX shock absorber,"closed-structure rubber mount, axial (Z) load",,400.0,900.0,6±1.5,,,115,165,290,,,Natural rubber / steel,,-30,80,40169990,18,NOS,5100,21,reference,img/mounts/6JX.svg,,EKD catalogue equivalent - replace with Adoni Tech catalogue data,"cat p.69; rated vertical load 900 kg, application range 400~900 kg, converted x9.81; deformation at rated 18±3 mm; dampi"
AT-6JX-1200N,Rubber 6JX shock absorber,"closed-structure rubber mount, axial (Z) load",,600.0,1200.0,8±1,,,135,193,340,,,Natural rubber / steel,,-30,80,40169990,18,NOS,6350,21,reference,img/mounts/6JX.svg,,EKD catalogue equivalent - replace with Adoni Tech catalogue data,"cat p.69; rated vertical load 1200 kg, application range 600~1200 kg, converted x9.81; deformation at rated 22±4 mm; dam"
AT-6JX-1200,Rubber 6JX shock absorber,"closed-structure rubber mount, axial (Z) load",,600.0,1200.0,6±1.5,,,135,193,340,,,Natural rubber / steel,,-30,80,40169990,18,NOS,6350,21,reference,img/mounts/6JX.svg,,EKD catalogue equivalent - replace with Adoni Tech catalogue data,"cat p.69; rated vertical load 1200 kg, application range 600~1200 kg, converted x9.81; deformation at rated 22±4 mm; dam"
AT-SH-500,Rubber SH isolator,marine machinery rubber isolator,,,500.0,,,,68,90,230,,,Natural rubber / steel,,-30,80,40169990,18,NOS,25000,21,reference,img/mounts/SH.svg,,EKD catalogue equivalent - replace with Adoni Tech catalogue data,"cat p.70-71; nominal load 500 kg, converted x9.81; deformation 0.6~1.1 mm; operating temp -5~+70 C; L1=160 L2=198 L3=100"
AT-SH-750,Rubber SH isolator,marine machinery rubber isolator,,,750.0,,,,68,110,280,,,Natural rubber / steel,,-30,80,40169990,18,NOS,33300,21,reference,img/mounts/SH.svg,,EKD catalogue equivalent - replace with Adoni Tech catalogue data,"cat p.70-71; nominal load 750 kg, converted x9.81; deformation 0.6~1.1 mm; operating temp -5~+70 C; L1=200 L2=238 L3=100"
AT-SH-1150,Rubber SH isolator,marine machinery rubber isolator,,,1150.0,,,,,,,,,Natural rubber / steel,,-30,80,40169990,18,NOS,44800,21,reference,img/mounts/SH.svg,,EKD catalogue equivalent - replace with Adoni Tech catalogue data,"cat p.70-71; nominal load 1150 kg, converted x9.81; deformation 0.4~0.9 mm; operating temp -5~+70 C; dimensions only as "
AT-SH-1750,Rubber SH isolator,marine machinery rubber isolator,,,1750.0,,,,,,,,,Natural rubber / steel,,-30,80,40169990,18,NOS,60100,21,reference,img/mounts/SH.svg,,EKD catalogue equivalent - replace with Adoni Tech catalogue data,"cat p.70-71; nominal load 1750 kg, converted x9.81; deformation 0.4~0.9 mm; operating temp -5~+70 C; dimensions only as "
AT-SH-2200A,Rubber SH isolator,marine machinery rubber isolator,,,2200.0,,,,,,,,,Natural rubber / steel,,-30,80,40169990,18,NOS,70600,21,reference,img/mounts/SH.svg,,EKD catalogue equivalent - replace with Adoni Tech catalogue data,"cat p.70-71; nominal load 2200 kg, converted x9.81; deformation 0.3~0.9 mm; operating temp -5~+70 C; L4=150 L5=145 only;"
AT-SH-2200B,Rubber SH isolator,marine machinery rubber isolator,,,2200.0,,,,,,,,,Natural rubber / steel,,-30,80,40169990,18,NOS,70600,21,reference,img/mounts/SH.svg,,EKD catalogue equivalent - replace with Adoni Tech catalogue data,"cat p.70-71; nominal load 2200 kg, converted x9.81; deformation 0.3~0.9 mm; operating temp -5~+70 C; L4=140 L5=180 only;"
AT-WH-150,Rubber WH/WHG isolator,"low-frequency rubber isolator, horizontal mounting",,,152.9,6±1,,,80,127,185,,,Natural rubber / steel,,-30,80,40169990,18,NOS,1700,21,reference,img/mounts/WH.svg,,EKD catalogue equivalent - replace with Adoni Tech catalogue data,cat p.72-73; rated load Z=1500 N; static deformation 12±2 mm; L1=150 W1=65; 4 x ∅15 holes; 1 x M18 studs; oil/seawater/s
AT-WH-250,Rubber WH/WHG isolator,"low-frequency rubber isolator, horizontal mounting",,,254.8,6±1,,,80,127,185,,,Natural rubber / steel,,-30,80,40169990,18,NOS,1700,21,reference,img/mounts/WH.svg,,EKD catalogue equivalent - replace with Adoni Tech catalogue data,cat p.72-73; rated load Z=2500 N; static deformation 12±2 mm; L1=150 W1=65; 4 x ∅17 holes; 1 x M22 studs; oil/seawater/s
AT-WH-400,Rubber WH/WHG isolator,"low-frequency rubber isolator, horizontal mounting",,,407.7,6±1,,,80,127,185,,,Natural rubber / steel,,-30,80,40169990,18,NOS,1700,21,reference,img/mounts/WH.svg,,EKD catalogue equivalent - replace with Adoni Tech catalogue data,cat p.72-73; rated load Z=4000 N; static deformation 12±2 mm; L1=150 W1=65; 4 x ∅19 holes; 1 x M24 studs; oil/seawater/s
AT-WHG-600,Rubber WH/WHG isolator,"low-frequency rubber isolator, horizontal mounting",,,611.6,6±1.5,,,100,144,280,,,Natural rubber / steel,,-30,80,40169990,18,NOS,2350,21,reference,img/mounts/WH.svg,,EKD catalogue equivalent - replace with Adoni Tech catalogue data,cat p.72-73; rated load Z=6000 N; static deformation 12±2 mm; L1=243 L2=140 W1=112 A=110; 4 x ∅14 holes; 2 x M16 studs; 
AT-WHG-800,Rubber WH/WHG isolator,"low-frequency rubber isolator, horizontal mounting",,,815.5,6±1.5,,,100,144,334,,,Natural rubber / steel,,-30,80,40169990,18,NOS,2500,21,reference,img/mounts/WH.svg,,EKD catalogue equivalent - replace with Adoni Tech catalogue data,cat p.72-73; rated load Z=8000 N; static deformation 12±2 mm; L1=297 L2=194 W1=112 A=110; 4 x ∅14 holes; 3 x M16 studs; 
AT-WHG-1200,Rubber WH/WHG isolator,"low-frequency rubber isolator, horizontal mounting",,,1223.2,6±1.5,,,130,204,340,,,Natural rubber / steel,,-30,80,40169990,18,NOS,6600,21,reference,img/mounts/WH.svg,,EKD catalogue equivalent - replace with Adoni Tech catalogue data,cat p.72-73; rated load Z=12000 N; static deformation 12±2 mm; L1=296 L2=200 W1=115 A=168; 4 x ∅20 holes; 3 x M24 studs;
AT-WHG-1750,Rubber WH/WHG isolator,"low-frequency rubber isolator, horizontal mounting",,,1783.9,6±1.5,,,130,204,460,,,Natural rubber / steel,,-30,80,40169990,18,NOS,7000,21,reference,img/mounts/WH.svg,,EKD catalogue equivalent - replace with Adoni Tech catalogue data,cat p.72-73; rated load Z=17500 N; static deformation 12±2 mm; L1=403 L2=240 W1=115 A=168; 4 x ∅20 holes; 3 x M24 studs;
