bk,series,model,group,technology,eta,stroke_mm,nm_per_cycle,nm_per_hour,me_min_kg,me_max_kg,fs_max_N,damping_codes,side_angle_deg,max_cycles_per_hour,temp_min_c,temp_max_c,confidence,source_energy,variants,hsn,gst_rate,uom,price_inr,lead_time_days,status,image,ga_pdf,note
AC86,AC,AC-8-6,industrial,hydraulic,0.8,6.0,2.0,8800.0,0.4,21.0,417.0,"1,2,3",,,-10,80,high,AC catalogue 2026,AC 8-6 -F -H; AC 8-6 -F -S; AC 8-6 -F -VS,84798999,18,NOS,,21,active,img/series/AC.svg,AC/AC-8-6.pdf,
AC105,AC,AC-10-5,industrial,hydraulic,0.8,5.0,3.0,10800.0,0.7,31.0,750.0,"1,2,3",,,-10,80,high,AC catalogue 2026,AC 10-5-F-H; AC 10-5-F-S; AC 10-5-F-VS,84798999,18,NOS,,21,active,img/series/AC.svg,AC/AC-10-5.pdf,
AC108,AC,AC-10-8,industrial,hydraulic,0.8,8.0,4.0,15200.0,0.9,41.0,625.0,"1,2,3",,,-10,80,high,AC catalogue 2026,AC 10-8-F-H; AC 10-8-F-S; AC 10-8-F-VS,84798999,18,NOS,,21,active,img/series/AC.svg,AC/AC-10-8.pdf,
AC1210,AC,AC-12-10,industrial,hydraulic,0.8,10.0,5.0,17640.0,1.1,51.0,625.0,"1,2,3",,,-10,80,high,AC catalogue 2026,AC 12-10-H; AC 12-10-S; AC 12-10-VS,84798999,18,NOS,,21,active,img/series/AC.svg,AC/AC-12-10.pdf,
AC1410,AC,AC-14-10,industrial,hydraulic,0.8,10.0,5.0,15000.0,0.3,42.0,625.0,"1,2,3,4",,,-10,80,high,AC catalogue 2026,,84798999,18,NOS,,21,active,img/series/AC.svg,AC/AC-14-10.pdf,
AC1412,AC,AC-14-12,industrial,hydraulic,0.8,12.0,15.0,30000.0,7.9,366.0,1562.0,"1,2,3",,,-10,80,high,AC catalogue 2026,AC 14-12-H; AC 14-12-S; AC 14-12-VS,84798999,18,NOS,,21,active,img/series/AC.svg,AC/AC-14-12.pdf,
AC1613,AC,AC-16-13,industrial,hydraulic,0.8,13.0,17.0,25000.0,0.9,144.0,1635.0,"1,2,3,4",,,-10,80,high,AC catalogue 2026,AC 16-13-F; AC 16-13-M,84798999,18,NOS,,21,active,img/series/AC.svg,AC/AC-16-13.pdf,
AC2020,AC,AC-20-20,industrial,hydraulic,0.8,20.0,25.0,35000.0,0.3,212.0,1562.0,"0,1,2,3,4",,,-10,80,high,AC catalogue 2026,AC 20-20-M; AC 20-20-U,84798999,18,NOS,,21,active,img/series/AC.svg,AC/AC-20-20.pdf,
AC2220,AC,AC-22-20,industrial,hydraulic,0.8,20.0,25.0,35000.0,0.3,212.0,1562.0,"0,1,2,3,4",,,-10,80,high,AC catalogue 2026,AC 22-20-M,84798999,18,NOS,,21,active,img/series/AC.svg,AC/AC-22-20.pdf,
AC2050,AC,AC-20-50,industrial,hydraulic,0.8,50.0,60.0,60000.0,0.8,509.0,1500.0,"0,1,2,3,4",,,-10,80,high,AC catalogue 2026,AC 20-50-M; AC 20-50-U,84798999,18,NOS,,21,active,img/series/AC.svg,AC/AC-20-50.pdf,
AC2525,AC,AC-25-25,industrial,hydraulic,0.8,25.0,85.0,70000.0,1.1,721.0,4250.0,"0,1,2,3,4",,,-10,80,high,AC catalogue 2026,AC 25-25-M; AC 25-25-U,84798999,18,NOS,,21,active,img/series/AC.svg,AC/AC-25-25.pdf,
AC2625,AC,AC-26-25,industrial,hydraulic,0.8,25.0,85.0,70000.0,1.1,721.0,4250.0,"0,1,2,3,4",,,-10,80,high,AC catalogue 2026,,84798999,18,NOS,,21,active,img/series/AC.svg,AC/AC-26-25.pdf,
AC3025,AC,AC-30-25,industrial,hydraulic,0.8,25.0,120.0,82000.0,1.8,1130.0,6000.0,"0,1,2,3,4",,,-10,80,high,AC catalogue 2026,,84798999,18,NOS,,21,active,img/series/AC.svg,AC/AC-30-25.pdf,
AC3325,AC,AC-33-25,industrial,hydraulic,0.8,25.0,120.0,82000.0,1.8,1130.0,6000.0,"0,1,2,3,4",,,-10,80,high,AC catalogue 2026,,84798999,18,NOS,,21,active,img/series/AC.svg,AC/AC-33-25.pdf,
AC3625,AC,AC-36-25,industrial,hydraulic,0.8,25.0,120.0,82000.0,1.8,1130.0,6000.0,"0,1,2,3,4",,,-10,80,high,AC catalogue 2026,,84798999,18,NOS,,21,active,img/series/AC.svg,AC/AC-36-25.pdf,
AC3725,AC,AC-37-25,industrial,hydraulic,0.8,25.0,120.0,82000.0,1.8,1130.0,6000.0,"0,1,2,3,4",,,-10,80,high,AC catalogue 2026,,84798999,18,NOS,,21,active,img/series/AC.svg,AC/AC-37-25.pdf,
AC2540,AC,AC-25-40,industrial,hydraulic,0.8,40.0,130.0,117000.0,1.7,1100.0,4062.0,"0,1,2,3,4",,,-10,80,high,AC catalogue 2026,,84798999,18,NOS,,21,active,img/series/AC.svg,AC/AC-25-40.pdf,
AC4225,AC,AC-42-25,industrial,hydraulic,0.8,25.0,250.0,132000.0,4.1,2610.0,12500.0,"0,1,2,3,4",,,-10,80,high,AC catalogue 2026,AC 42-25 M-H; AC 42-25 M-S; AC 42-25 U-H; AC 42-25 U-S,84798999,18,NOS,,21,active,img/series/AC.svg,AC/AC-42-25.pdf,
AC3050,AC,AC-30-50,industrial,hydraulic,0.8,50.0,250.0,97000.0,3.7,2350.0,6250.0,"0,1,2,3,4",,,-10,80,high,AC catalogue 2026,AC 30-50 M ,84798999,18,NOS,,21,active,img/series/AC.svg,AC/AC-30-50.pdf,
AC3350,AC,AC-33-50,industrial,hydraulic,0.8,50.0,250.0,97000.0,3.7,2350.0,6250.0,"0,1,2,3,4",,,-10,80,high,AC catalogue 2026,AC 33-50 M ,84798999,18,NOS,,21,active,img/series/AC.svg,AC/AC-33-50.pdf,
AC3650,AC,AC-36-50,industrial,hydraulic,0.8,50.0,250.0,97000.0,3.7,2350.0,6250.0,"0,1,2,3,4",,,-10,80,high,AC catalogue 2026,AC 36-50 M ,84798999,18,NOS,,21,active,img/series/AC.svg,AC/AC-36-50.pdf,
AC3750,AC,AC-37-50,industrial,hydraulic,0.8,50.0,250.0,97000.0,3.7,2350.0,6250.0,"0,1,2,3,4",,,-10,80,high,AC catalogue 2026,AC 37-50 M ,84798999,18,NOS,,21,active,img/series/AC.svg,AC/AC-37-50.pdf,
AC3775,AC,AC-37-75,industrial,hydraulic,0.8,75.0,380.0,120000.0,5.6,3560.0,6333.0,"0,1,2,3,4",,,-10,80,high,AC catalogue 2026,AC 37-75 M ,84798999,18,NOS,,21,active,img/series/AC.svg,AC/AC-37-75.pdf,
AC4250,AC,AC-42-50,industrial,hydraulic,0.8,50.0,500.0,150000.0,8.3,5220.0,12500.0,"0,1,2,3,4",,,-10,80,high,AC catalogue 2026,AC 42-50 M-H; AC 42-50 M-S; AC 42-50 U-H; AC 42-50 U-S,84798999,18,NOS,,21,active,img/series/AC.svg,AC/AC-42-50.pdf,
AC4275,AC,AC-42-75,industrial,hydraulic,0.8,75.0,750.0,190000.0,12.0,7820.0,12500.0,"0,1,2,3,4",,,-10,80,high,AC catalogue 2026,AC 42-75 M-H; AC 42-75 M-S; AC 42-75 U-H; AC 42-75 U-S,84798999,18,NOS,,21,active,img/series/AC.svg,AC/AC-42-75.pdf,
AC6450,AC,AC-64-50,industrial,hydraulic,0.8,50.0,1200.0,174000.0,22.0,14000.0,30000.0,"0,1,2,3,4",,,-10,80,high,AC catalogue 2026,AC 64-50 M-H; AC 64-50 M-S; AC 64-50 U-H; AC 64-50 U-S,84798999,18,NOS,,21,active,img/series/AC.svg,AC/AC-64-50.pdf,
AC64100,AC,AC-64-100,industrial,hydraulic,0.8,100.0,2300.0,235000.0,43.0,26840.0,28750.0,"0,1,2,3,4",,,-10,80,high,AC catalogue 2026,AC 64-100 M-H; AC 64-100 M-S; AC 64-100 U-H; AC 64-100 U-S,84798999,18,NOS,,21,active,img/series/AC.svg,AC/AC-64-100.pdf,
AC85125,AC,AC-85-125,industrial,hydraulic,0.8,125.0,5500.0,935000.0,520.0,82020.0,55000.0,"1,2,3,4",,,-10,80,high,AC catalogue 2026,AC 85-125 M-H; AC 85-125 M-S,84798999,18,NOS,,21,active,img/series/AC.svg,AC/AC-85-125.pdf,
AC85150,AC,AC-85-150,industrial,hydraulic,0.8,150.0,6000.0,1500000.0,567.0,89480.0,50000.0,"1,2,3,4",,,-10,80,high,AC catalogue 2026,AC 85-150 M; AC 85-150 M-s,84798999,18,NOS,,21,active,img/series/AC.svg,AC/AC-85-150.pdf,
AC115150,AC,AC-115-150,industrial,hydraulic,0.8,150.0,11000.0,2090000.0,1250.0,57810.0,91667.0,"1,2,3",,,-10,80,high,AC catalogue 2026,AC 115-150 M -H; AC 115-150 M -S,84798999,18,NOS,,21,active,img/series/AC.svg,AC/AC-115-150.pdf,
AC115200,AC,AC-115-200,industrial,hydraulic,0.8,200.0,14500.0,2320000.0,1640.0,76200.0,90625.0,"1,2,3",,,-10,80,high,AC catalogue 2026,AC 115-200 M-S,84798999,18,NOS,,21,active,img/series/AC.svg,AC/AC-115-200.pdf,
AC115250,AC,AC-115-250,industrial,hydraulic,0.8,250.0,18500.0,2683000.0,2100.0,97220.0,92500.0,"1,2,3",,,-10,80,high,AC catalogue 2026,,84798999,18,NOS,,21,active,img/series/AC.svg,AC/AC-115-250.pdf,
ACX3325,ACX,ACX-33-25,industrial,hydraulic,0.8,23.0,180.0,90000.0,2.7,1690.0,9783.0,"0,1,2,3,4",,,-10,80,high,AC catalogue 2026,,84798999,18,NOS,,21,active,img/series/ACX.svg,ACX/ACX-33-25.pdf,
ACX3625,ACX,ACX-36-25,industrial,hydraulic,0.8,23.0,180.0,90000.0,2.7,1690.0,9783.0,"0,1,2,3,4",,,-10,80,high,AC catalogue 2026,,84798999,18,NOS,,21,active,img/series/ACX.svg,ACX/ACX-36-25.pdf,
ACX4525,ACX,ACX-45-25,industrial,hydraulic,0.8,23.0,370.0,111000.0,6.2,3900.0,20109.0,"0,1,2,3,4",,,-10,80,high,AC catalogue 2026,ACX4525-0; ACX4525-1; ACX4525-2; ACX4525-3; ACX4525-4,84798999,18,NOS,,21,active,img/series/ACX.svg,ACX/ACX-45-25.pdf,
ACX4550,ACX,ACX-45-50,industrial,hydraulic,0.8,50.0,740.0,222000.0,12.0,7800.0,18500.0,"0,1,2,3,4",,,-10,80,high,AC catalogue 2026,ACX4550-0; ACX4550-1; ACX4550-2; ACX4550-3; ACX4550-4,84798999,18,NOS,,21,active,img/series/ACX.svg,ACX/ACX-45-50.pdf,
ACX4575,ACX,ACX-45-75,industrial,hydraulic,0.8,75.0,1130.0,339000.0,19.0,11920.0,18833.0,"0,1,2,3,4",,,-10,80,high,AC catalogue 2026,ACX4575-0; ACX4575-1; ACX4575-2; ACX4575-3; ACX4575-4,84798999,18,NOS,,21,active,img/series/ACX.svg,ACX/ACX-45-75.pdf,
ACX6450,ACX,ACX-64-50,industrial,hydraulic,0.8,50.0,1870.0,374000.0,35.0,21820.0,46750.0,"0,1,2,3,4",,,-10,80,high,AC catalogue 2026,ACX64-50-1; ACX64-50-2; ACX64-50-3; ACX64-50-4; ACX6450-0; ACX6450-1; ACX6450-2; ACX6450-3; ACX6450-4,84798999,18,NOS,,21,active,img/series/ACX.svg,ACX/ACX-64-50.pdf,
ACX64100,ACX,ACX-64-100,industrial,hydraulic,0.8,100.0,3730.0,746000.0,69.0,43530.0,46625.0,"0,1,2,3,4",,,-10,80,high,AC catalogue 2026,ACX64100-0; ACX64100-1; ACX64100-2; ACX64100-3; ACX64100-4,84798999,18,NOS,,21,active,img/series/ACX.svg,ACX/ACX-64-100.pdf,
ACX64150,ACX,ACX-64-150,industrial,hydraulic,0.8,150.0,5650.0,1130000.0,104.0,65930.0,47083.0,"0,1,2,3,4",,,-10,80,high,AC catalogue 2026,ACX64150-0; ACX64150-1; ACX64150-2; ACX64150-3; ACX64150-4,84798999,18,NOS,,21,active,img/series/ACX.svg,ACX/ACX-64-150.pdf,
AD1410,AD,AD 14-10,industrial,hydraulic,0.8,10.0,5.0,15000.0,0.7,55.0,625.0,,,,-10,80,high,catalogue,AD 14-10-F; AD 14-10-M; AD 14-10-U,84798999,18,NOS,,28,active,img/series/AD.svg,AD/AD-14-10.pdf,
AD1613,AD,AD 16-13,industrial,hydraulic,0.8,13.0,17.0,25000.0,1.5,160.0,1635.0,,,,-10,80,high,catalogue,AD 16-13-F; AD 16-13-M,84798999,18,NOS,,28,active,img/series/AD.svg,AD/AD-16-13.pdf,
AD2020,AD,AD 20-20,industrial,hydraulic,0.8,20.0,25.0,35000.0,2.0,220.0,1562.0,,,,-10,80,high,catalogue,AD 20-20-M; AD 20-20-U,84798999,18,NOS,,28,active,img/series/AD.svg,AD/AD-20-20.pdf,
AD2220,AD,AD 22-20,industrial,hydraulic,0.8,20.0,25.0,35000.0,2.0,220.0,1562.0,,,,-10,80,high,catalogue,AD 22-20-M,84798999,18,NOS,,28,active,img/series/AD.svg,AD/AD-22-20.pdf,
AD2050,AD,AD 20-50,industrial,hydraulic,0.8,50.0,60.0,60000.0,10.0,400.0,1500.0,,,,-10,80,high,catalogue,AD 20-50-M; AD 20-50-U,84798999,18,NOS,,28,active,img/series/AD.svg,AD/AD-20-50.pdf,
AD2525,AD,AD 25-25,industrial,hydraulic,0.8,25.0,85.0,70000.0,10.0,1500.0,4250.0,,,,-10,80,high,catalogue,AD 25-25-M; AD 25-25-U,84798999,18,NOS,,28,active,img/series/AD.svg,AD/AD-25-25.pdf,
AD2625,AD,AD 26-25,industrial,hydraulic,0.8,25.0,85.0,70000.0,10.0,1500.0,4250.0,,,,-10,80,high,catalogue,AD 26-25-M,84798999,18,NOS,,28,active,img/series/AD.svg,AD/AD-26-25.pdf,
AD3025,AD,AD 30-25,industrial,hydraulic,0.8,25.0,120.0,82000.0,10.0,1800.0,6000.0,,,,-10,80,high,catalogue,AD 30-25 M,84798999,18,NOS,,28,active,img/series/AD.svg,AD/AD-30-25.pdf,
AD3325,AD,AD 33-25,industrial,hydraulic,0.8,25.0,120.0,82000.0,10.0,1800.0,6000.0,,,,-10,80,high,catalogue,AD 33-25  U,84798999,18,NOS,,28,active,img/series/AD.svg,AD/AD-33-25.pdf,
AD3625,AD,AD 36-25,industrial,hydraulic,0.8,25.0,120.0,82000.0,10.0,1800.0,6000.0,,,,-10,80,high,catalogue,AD 36-25 M,84798999,18,NOS,,28,active,img/series/AD.svg,AD/AD-36-25.pdf,
AD3725,AD,AD 37-25,industrial,hydraulic,0.8,25.0,120.0,82000.0,10.0,1800.0,6000.0,,,,-10,80,high,catalogue,AD 37-25 M ,84798999,18,NOS,,28,active,img/series/AD.svg,AD/AD-37-25.pdf,
AD2540,AD,AD 25-40,industrial,hydraulic,0.8,40.0,130.0,117000.0,10.0,2100.0,4062.0,,,,-10,80,high,catalogue,AD 25-40 M,84798999,18,NOS,,28,active,img/series/AD.svg,AD/AD-25-40.pdf,
AD3050,AD,AD 30-50,industrial,hydraulic,0.8,50.0,250.0,97000.0,13.0,2700.0,6250.0,,,,-10,80,high,catalogue,AD 30-50 M ,84798999,18,NOS,,28,active,img/series/AD.svg,AD/AD-30-50.pdf,
AD3350,AD,AD 33-50,industrial,hydraulic,0.8,50.0,250.0,97000.0,13.0,2700.0,6250.0,,,,-10,80,high,catalogue,AD 33-50 M ,84798999,18,NOS,,28,active,img/series/AD.svg,AD/AD-33-50.pdf,
AD3650,AD,AD 36-50,industrial,hydraulic,0.8,50.0,250.0,97000.0,13.0,2700.0,6250.0,,,,-10,80,high,catalogue,AD 36-50 M ,84798999,18,NOS,,28,active,img/series/AD.svg,AD/AD-36-50.pdf,
AD3750,AD,AD 37-50,industrial,hydraulic,0.8,50.0,250.0,97000.0,13.0,2700.0,6250.0,,,,-10,80,high,catalogue,AD 37-50 M ,84798999,18,NOS,,28,active,img/series/AD.svg,AD/AD-37-50.pdf,
AD4225,AD,AD 42-25,industrial,hydraulic,0.8,25.0,250.0,132000.0,16.5,2363.0,12500.0,,,,-10,80,medium,catalogue,AD 42-25 M-H; AD 42-25 M-S; AD 42-25 U-H; AD 42-25 U-S,84798999,18,NOS,,28,active,img/series/AD.svg,AD/AD-42-25.pdf,
AD3775,AD,AD 37-75,industrial,hydraulic,0.8,75.0,380.0,120000.0,13.0,2700.0,6333.0,,,,-10,80,high,catalogue,AD 37-75 M ,84798999,18,NOS,,28,active,img/series/AD.svg,AD/AD-37-75.pdf,
AD4250,AD,AD 42-50,industrial,hydraulic,0.8,50.0,500.0,150000.0,33.1,4726.0,12500.0,,,,-10,80,medium,catalogue,AD 42-50 M-H; AD 42-50 M-S; AD 42-50 U-H; AD 42-50 U-S,84798999,18,NOS,,28,active,img/series/AD.svg,AD/AD-42-50.pdf,
AD4275,AD,AD 42-75,industrial,hydraulic,0.8,75.0,750.0,190000.0,49.6,7089.0,12500.0,,,,-10,80,medium,catalogue,AD 42-75 M-H; AD 42-75 M-S; AD 42-75 U-H; AD 42-75 U-S,84798999,18,NOS,,28,active,img/series/AD.svg,AD/AD-42-75.pdf,
AD6450,AD,AD 64-50,industrial,hydraulic,0.8,50.0,1200.0,174000.0,70.0,11342.0,30000.0,,,,-10,80,medium,catalogue,AD 64-50 M-H; AD 64-50 M-S; AD 64-50 U-H; AD 64-50 U-S,84798999,18,NOS,,28,active,img/series/AD.svg,AD/AD-64-50.pdf,
AD64100,AD,AD 64-100,industrial,hydraulic,0.8,100.0,2300.0,235000.0,150.0,21739.0,28750.0,,,,-10,80,medium,catalogue,AD 64-100 M-H; AD 64-100 M-S; AD 64-100 U-H; AD 64-100 U-S,84798999,18,NOS,,28,active,img/series/AD.svg,AD/AD-64-100.pdf,
AD85125,AD,AD 85-125,industrial,hydraulic,0.8,125.0,5500.0,935000.0,300.0,50000.0,55000.0,,,,-10,80,high,catalogue,AD 85-125 M-H; AD 85-125 M-S,84798999,18,NOS,,28,active,img/series/AD.svg,AD/AD-85-125.pdf,
AD85150,AD,AD 85-150,industrial,hydraulic,0.8,150.0,6000.0,1500000.0,320.0,56711.0,50000.0,,,,-10,80,medium,catalogue,,84798999,18,NOS,,28,active,img/series/AD.svg,AD/AD-85-150.pdf,
AD115150,AD,AD 115-150,industrial,hydraulic,0.8,150.0,11000.0,2090000.0,355.0,88000.0,91667.0,,,,-10,80,high,catalogue,AD 115-150 M -H,84798999,18,NOS,,28,active,img/series/AD.svg,AD/AD-115-150.pdf,
AD115200,AD,AD 115-200,industrial,hydraulic,0.8,200.0,14500.0,2320000.0,390.0,116000.0,90625.0,,,,-10,80,high,catalogue,,84798999,18,NOS,,28,active,img/series/AD.svg,AD/AD-115-200.pdf,
AD115250,AD,AD 115-250,industrial,hydraulic,0.8,250.0,18500.0,2683000.0,450.0,148000.0,92500.0,,,,-10,80,high,catalogue,,84798999,18,NOS,,28,active,img/series/AD.svg,AD/AD-115-250.pdf,
AKHG6525,AKHG,AKHG 65-25,crane,hydraulic,0.8,25.0,2000.0,100000.0,,,100000.0,,,,-10,80,high,catalogue,AKHG65-25,84314990,18,NOS,,42,active,img/series/AKHG.svg,AKHG/AKHG-65-25-FS.pdf,
AKHG6550,AKHG,AKHG 65-50,crane,hydraulic,0.8,50.0,4000.0,200000.0,,,100000.0,,,,-10,80,high,catalogue,AKHG65-50,84314990,18,NOS,,42,active,img/series/AKHG.svg,AKHG/AKHG-65-50-FS.pdf,
AKHG6575,AKHG,AKHG 65-75,crane,hydraulic,0.8,75.0,6000.0,300000.0,,,100000.0,,,,-10,80,high,catalogue,AKHG65-75,84314990,18,NOS,,42,active,img/series/AKHG.svg,AKHG/AKHG-65-75-FS.pdf,
AKHG65100,AKHG,AKHG 65-100,crane,hydraulic,0.8,100.0,8000.0,400000.0,,,100000.0,,,,-10,80,high,catalogue,AKHG65-100,84314990,18,NOS,,42,active,img/series/AKHG.svg,AKHG/AKHG-65-100-FS.pdf,
AKHG8550,AKHG,AKHG 85-50,crane,hydraulic,0.8,50.0,8000.0,600000.0,,,200000.0,,,,-10,80,high,catalogue,AKHG85-50,84314990,18,NOS,,42,active,img/series/AKHG.svg,AKHG/AKHG-85-50-FS.pdf,
AKHG65125,AKHG,AKHG 65-125,crane,hydraulic,0.8,125.0,10000.0,500000.0,,,100000.0,,,,-10,80,high,catalogue,AKHG65-125,84314990,18,NOS,,42,active,img/series/AKHG.svg,AKHG/AKHG-65-125-FS.pdf,
AKHG10050,AKHG,AKHG 100-50,crane,hydraulic,0.8,50.0,11000.0,750000.0,,,275000.0,,,,-10,80,high,catalogue,AKHG100-50,84314990,18,NOS,,42,active,img/series/AKHG.svg,AKHG/AKHG-100-50-FS.pdf,
AKHG65150,AKHG,AKHG 65-150,crane,hydraulic,0.8,150.0,12000.0,600000.0,,,100000.0,,,,-10,80,high,catalogue,AKHG65-150,84314990,18,NOS,,42,active,img/series/AKHG.svg,AKHG/AKHG-65-150-FS.pdf,
AKHG65200,AKHG,AKHG 65-200,crane,hydraulic,0.8,200.0,16000.0,800000.0,,,100000.0,,,,-10,80,high,catalogue,AKHG65-200,84314990,18,NOS,,42,active,img/series/AKHG.svg,AKHG/AKHG-65-200-FS.pdf,
AKHG85100,AKHG,AKHG 85-100,crane,hydraulic,0.8,100.0,16000.0,1200000.0,,,200000.0,,,,-10,80,high,catalogue,AKHG85-100,84314990,18,NOS,,42,active,img/series/AKHG.svg,AKHG/AKHG-85-100-FS.pdf,
AKHG10080,AKHG,AKHG 100-80,crane,hydraulic,0.8,80.0,18000.0,1200000.0,,,281250.0,,,,-10,80,high,catalogue,AKHG100-80,84314990,18,NOS,,42,active,img/series/AKHG.svg,AKHG/AKHG-100-80-FS.pdf,
AKHG100100,AKHG,AKHG 100-100,crane,hydraulic,0.8,100.0,23000.0,1600000.0,,,287500.0,,,,-10,80,high,catalogue,AKHG100-100,84314990,18,NOS,,42,active,img/series/AKHG.svg,AKHG/AKHG-100-100-FS.pdf,
AKHG85150,AKHG,AKHG 85-150,crane,hydraulic,0.8,150.0,24000.0,1800000.0,,,200000.0,,,,-10,80,high,catalogue,AKHG85-150,84314990,18,NOS,,42,active,img/series/AKHG.svg,AKHG/AKHG-85-150-FS.pdf,
AKHG100120,AKHG,AKHG 100-120,crane,hydraulic,0.8,120.0,27000.0,1800000.0,,,281250.0,,,,-10,80,high,catalogue,AKHG100-120,84314990,18,NOS,,42,active,img/series/AKHG.svg,AKHG/AKHG-100-120-FS.pdf,
AKHG85200,AKHG,AKHG 85-200,crane,hydraulic,0.8,200.0,32000.0,2400000.0,,,200000.0,,,,-10,80,high,catalogue,AKHG85-200,84314990,18,NOS,,42,active,img/series/AKHG.svg,AKHG/AKHG-85-200-FS.pdf,
AKHG100150,AKHG,AKHG 100-150,crane,hydraulic,0.8,150.0,34000.0,2300000.0,,,283333.0,,,,-10,80,high,catalogue,AKHG100-150,84314990,18,NOS,,42,active,img/series/AKHG.svg,AKHG/AKHG-100-150-FS.pdf,
AKHG85250,AKHG,AKHG 85-250,crane,hydraulic,0.8,250.0,40000.0,2850000.0,,,200000.0,,,,-10,80,high,catalogue,AKHG85-250,84314990,18,NOS,,42,active,img/series/AKHG.svg,AKHG/AKHG-85-250-FS.pdf,
AKHG120100,AKHG,AKHG 120-100,crane,hydraulic,0.8,100.0,45000.0,2900000.0,,,562500.0,,,,-10,80,high,catalogue,AKHG120-100,84314990,18,NOS,,42,active,img/series/AKHG.svg,AKHG/AKHG-120-100-FS.pdf,
AKHG100200,AKHG,AKHG 100-200,crane,hydraulic,0.8,200.0,46000.0,3100000.0,,,287500.0,,,,-10,80,high,catalogue,AKHG100-200,84314990,18,NOS,,42,active,img/series/AKHG.svg,AKHG/AKHG-100-200-FF.pdf,
AKHG100250,AKHG,AKHG 100-250,crane,hydraulic,0.8,250.0,58000.0,3600000.0,,,290000.0,,,,-10,80,high,catalogue,AKHG100-250,84314990,18,NOS,,42,active,img/series/AKHG.svg,AKHG/AKHG-100-250-FS.pdf,
AKHG140100,AKHG,AKHG 140-100,crane,hydraulic,0.8,100.0,62000.0,3800000.0,,,775000.0,,,,-10,80,high,catalogue,AKHG 140-100,84314990,18,NOS,,42,active,img/series/AKHG.svg,AKHG/AKHG-140-100-FS.pdf,
AKHG100300,AKHG,AKHG 100-300,crane,hydraulic,0.8,300.0,69000.0,4200000.0,,,287500.0,,,,-10,80,high,catalogue,AKHG100-300,84314990,18,NOS,,42,active,img/series/AKHG.svg,AKHG/AKHG-100-300-FS.pdf,
AKHG120150,AKHG,AKHG 120-150,crane,hydraulic,0.8,150.0,70000.0,4400000.0,,,583333.0,,,,-10,80,high,catalogue,AKHG120-150,84314990,18,NOS,,42,active,img/series/AKHG.svg,AKHG/AKHG-120-150-FS.pdf,
AKHG150100,AKHG,AKHG 150-100,crane,hydraulic,0.8,100.0,70000.0,4000000.0,,,875000.0,,,,-10,80,high,catalogue,AKHG150-100,84314990,18,NOS,,42,active,img/series/AKHG.svg,AKHG/AKHG-150-100-FS.pdf,
AKHG180100,AKHG,AKHG 180-100,crane,hydraulic,0.8,100.0,80000.0,4500000.0,,,1000000.0,,,,-10,80,high,catalogue,AKHG 180-100,84314990,18,NOS,,42,active,img/series/AKHG.svg,AKHG/AKHG-180-100-FS.pdf,
AKHG100400,AKHG,AKHG 100-400,crane,hydraulic,0.8,400.0,90000.0,5400000.0,,,281250.0,,,,-10,80,high,catalogue,AKHG100-400,84314990,18,NOS,,42,active,img/series/AKHG.svg,AKHG/AKHG-100-400-FS.pdf,
AKHG140150,AKHG,AKHG 140-150,crane,hydraulic,0.8,150.0,91000.0,5800000.0,,,758333.0,,,,-10,80,high,catalogue,AKHG140-150,84314990,18,NOS,,42,active,img/series/AKHG.svg,AKHG/AKHG-140-150-FS.pdf,
AKHG120200,AKHG,AKHG 120-200,crane,hydraulic,0.8,200.0,92000.0,5800000.0,,,575000.0,,,,-10,80,high,catalogue,AKHG120-200,84314990,18,NOS,,42,active,img/series/AKHG.svg,AKHG/AKHG-120-200-FS.pdf,
AKHG100500,AKHG,AKHG 100-500,crane,hydraulic,0.8,500.0,110000.0,6600000.0,,,275000.0,,,,-10,80,high,catalogue,AKHG100-500,84314990,18,NOS,,42,active,img/series/AKHG.svg,AKHG/AKHG-100-500-FS.pdf,
AKHG120250,AKHG,AKHG 120-250,crane,hydraulic,0.8,250.0,114000.0,7200000.0,,,570000.0,,,,-10,80,high,catalogue,AKHG120-250,84314990,18,NOS,,42,active,img/series/AKHG.svg,AKHG/AKHG-120-250-FS.pdf,
AKHG130250,AKHG,AKHG 130-250,crane,hydraulic,0.8,250.0,120000.0,8200000.0,,,600000.0,,,,-10,80,high,catalogue,,84314990,18,NOS,,42,active,img/series/AKHG.svg,AKHG/AKHG-130-250.pdf,
AKHG140200,AKHG,AKHG 140-200,crane,hydraulic,0.8,200.0,124000.0,9800000.0,,,775000.0,,,,-10,80,high,catalogue,AKHG140-200,84314990,18,NOS,,42,active,img/series/AKHG.svg,AKHG/AKHG-140-200-FS.pdf,
AKHG100600,AKHG,AKHG 100-600,crane,hydraulic,0.8,600.0,125000.0,7200000.0,,,260417.0,,,,-10,80,high,catalogue,AKHG100-600,84314990,18,NOS,,42,active,img/series/AKHG.svg,AKHG/AKHG-100-600-FS.pdf,
AKHG120300,AKHG,AKHG 120-300,crane,hydraulic,0.8,300.0,130000.0,8500000.0,,,541667.0,,,,-10,80,high,catalogue,AKHG120-300,84314990,18,NOS,,42,active,img/series/AKHG.svg,AKHG/AKHG-120-300-FS.pdf,
AKHG150200,AKHG,AKHG 150-200,crane,hydraulic,0.8,200.0,136000.0,7200000.0,,,850000.0,,,,-10,80,high,catalogue,AKHG150-200,84314990,18,NOS,,42,active,img/series/AKHG.svg,AKHG/AKHG-150-200-FS.pdf,
AKHG100800,AKHG,AKHG 100-800,crane,hydraulic,0.8,800.0,140000.0,7900000.0,,,218750.0,,,,-10,80,high,catalogue,AKHG100-800,84314990,18,NOS,,42,active,img/series/AKHG.svg,AKHG/AKHG-100-800-FS.pdf,
AKHG130300,AKHG,AKHG 130-300,crane,hydraulic,0.8,300.0,140000.0,9600000.0,,,583333.0,,,,-10,80,high,catalogue,,84314990,18,NOS,,42,active,img/series/AKHG.svg,AKHG/AKHG-130-300-FS.pdf,
AKHG120400,AKHG,AKHG 120-400,crane,hydraulic,0.8,400.0,160000.0,10000000.0,,,500000.0,,,,-10,80,high,catalogue,AKHG120-400,84314990,18,NOS,,42,active,img/series/AKHG.svg,AKHG/AKHG-120-400-FS.pdf,
AKHG180200,AKHG,AKHG 180-200,crane,hydraulic,0.8,200.0,160000.0,10000000.0,,,1000000.0,,,,-10,80,high,catalogue,AKHG180-200,84314990,18,NOS,,42,active,img/series/AKHG.svg,AKHG/AKHG-180-200-FS.pdf,
AKHG140300,AKHG,AKHG 140-300,crane,hydraulic,0.8,300.0,175000.0,12000000.0,,,729167.0,,,,-10,80,high,catalogue,AKHG140-300,84314990,18,NOS,,42,active,img/series/AKHG.svg,AKHG/AKHG-140-300-FF.pdf,
AKHG120500,AKHG,AKHG 120-500,crane,hydraulic,0.8,500.0,180000.0,11500000.0,,,450000.0,,,,-10,80,high,catalogue,AKHG120-500,84314990,18,NOS,,42,active,img/series/AKHG.svg,AKHG/AKHG-120-500-FS.pdf,
AKHG130400,AKHG,AKHG 130-400,crane,hydraulic,0.8,400.0,180000.0,12000000.0,,,562500.0,,,,-10,80,high,catalogue,,84314990,18,NOS,,42,active,img/series/AKHG.svg,AKHG/AKHG-130-400-FS.pdf,
AKHG150300,AKHG,AKHG 150-300,crane,hydraulic,0.8,300.0,183000.0,13000000.0,,,762500.0,,,,-10,80,high,catalogue,AKHG150-300,84314990,18,NOS,,42,active,img/series/AKHG.svg,AKHG/AKHG-150-300-FS.pdf,
AKHG120600,AKHG,AKHG 120-600,crane,hydraulic,0.8,600.0,200000.0,12800000.0,,,416667.0,,,,-10,80,high,catalogue,AKHG120-600,84314990,18,NOS,,42,active,img/series/AKHG.svg,AKHG/AKHG-120-600-FS.pdf,
AKHG180250,AKHG,AKHG 180-250,crane,hydraulic,0.8,250.0,200000.0,12800000.0,,,1000000.0,,,,-10,80,high,catalogue,AKHG180-250,84314990,18,NOS,,42,active,img/series/AKHG.svg,AKHG/AKHG-180-250-FS.pdf,
AKHG130500,AKHG,AKHG 130-500,crane,hydraulic,0.8,500.0,220000.0,15000000.0,,,550000.0,,,,-10,80,high,catalogue,,84314990,18,NOS,,42,active,img/series/AKHG.svg,AKHG/AKHG-130-500-FS.pdf,
AKHG140400,AKHG,AKHG 140-400,crane,hydraulic,0.8,400.0,234000.0,15000000.0,,,731250.0,,,,-10,80,high,catalogue,AKHG140-400,84314990,18,NOS,,42,active,img/series/AKHG.svg,AKHG/AKHG-140-400-FS.pdf,
AKHG120800,AKHG,AKHG 120-800,crane,hydraulic,0.8,800.0,240000.0,13600000.0,,,375000.0,,,,-10,80,high,catalogue,AKHG120-800,84314990,18,NOS,,42,active,img/series/AKHG.svg,AKHG/AKHG-120-800-FS.pdf,
AKHG150400,AKHG,AKHG 150-400,crane,hydraulic,0.8,400.0,243000.0,13500000.0,,,759375.0,,,,-10,80,high,catalogue,AKHG150-400,84314990,18,NOS,,42,active,img/series/AKHG.svg,AKHG/AKHG-150-400-FS.pdf,
AKHG130600,AKHG,AKHG 130-600,crane,hydraulic,0.8,600.0,260000.0,17800000.0,,,541667.0,,,,-10,80,high,catalogue,,84314990,18,NOS,,42,active,img/series/AKHG.svg,AKHG/AKHG-130-600-FS.pdf,
AKHG140500,AKHG,AKHG 140-500,crane,hydraulic,0.8,500.0,270000.0,17000000.0,,,675000.0,,,,-10,80,high,catalogue,AKHG140-500,84314990,18,NOS,,42,active,img/series/AKHG.svg,AKHG/AKHG-140-500-FS.pdf,
AKHG1201000,AKHG,AKHG 120-1000,crane,hydraulic,0.8,1000.0,280000.0,14500000.0,,,350000.0,,,,-10,80,high,catalogue,AKHG120-1000,84314990,18,NOS,,42,active,img/series/AKHG.svg,AKHG/AKHG-120-1000-FS.pdf,
AKHG180400,AKHG,AKHG 180-400,crane,hydraulic,0.8,400.0,280000.0,14500000.0,,,875000.0,,,,-10,80,high,catalogue,AKHG180-400,84314990,18,NOS,,42,active,img/series/AKHG.svg,AKHG/AKHG-180-400-FS.pdf,
AKHG150500,AKHG,AKHG 150-500,crane,hydraulic,0.8,500.0,285000.0,17400000.0,,,712500.0,,,,-10,80,high,catalogue,AKHG150-500,84314990,18,NOS,,42,active,img/series/AKHG.svg,AKHG/AKHG-150-500-FS.pdf,
AKHG130800,AKHG,AKHG 130-800,crane,hydraulic,0.8,800.0,300000.0,19000000.0,,,468750.0,,,,-10,80,high,catalogue,,84314990,18,NOS,,42,active,img/series/AKHG.svg,AKHG/AKHG-130-800-FS.pdf,
AKHG140600,AKHG,AKHG 140-600,crane,hydraulic,0.8,600.0,300000.0,20000000.0,,,625000.0,,,,-10,80,high,catalogue,AKHG140-600,84314990,18,NOS,,42,active,img/series/AKHG.svg,AKHG/AKHG-140-600.pdf,
AKHG150600,AKHG,AKHG 150-600,crane,hydraulic,0.8,600.0,323000.0,21000000.0,,,672917.0,,,,-10,80,high,catalogue,AKHG150-600,84314990,18,NOS,,42,active,img/series/AKHG.svg,AKHG/AKHG-150-600-FS.pdf,
AKHG140800,AKHG,AKHG 140-800,crane,hydraulic,0.8,800.0,325000.0,25000000.0,,,507812.0,,,,-10,80,high,catalogue,AKHG140-800,84314990,18,NOS,,42,active,img/series/AKHG.svg,AKHG/AKHG-140-800-FS.pdf,
AKHG180500,AKHG,AKHG 180-500,crane,hydraulic,0.8,500.0,350000.0,18000000.0,,,875000.0,,,,-10,80,high,catalogue,AKHG180-500,84314990,18,NOS,,42,active,img/series/AKHG.svg,AKHG/AKHG-180-500-FS.pdf,
AKHG1401000,AKHG,AKHG 140-1000,crane,hydraulic,0.8,1000.0,360000.0,27500000.0,,,450000.0,,,,-10,80,high,catalogue,AKHG140-1000,84314990,18,NOS,,42,active,img/series/AKHG.svg,AKHG/AKHG-140-1000-FS.pdf,
AKHG150800,AKHG,AKHG 150-800,crane,hydraulic,0.8,800.0,367000.0,25600000.0,,,573438.0,,,,-10,80,high,catalogue,AKHG150-800,84314990,18,NOS,,42,active,img/series/AKHG.svg,AKHG/AKHG-150-800-FS.pdf,
AKHG1501000,AKHG,AKHG 150-1000,crane,hydraulic,0.8,1000.0,410000.0,28000000.0,,,512500.0,,,,-10,80,high,catalogue,AKHG150-1000,84314990,18,NOS,,42,active,img/series/AKHG.svg,AKHG/AKHG-150-1000-FS.pdf,
AKHG180600,AKHG,AKHG 180-600,crane,hydraulic,0.8,600.0,430000.0,23000000.0,,,895833.0,,,,-10,80,high,catalogue,AKHG180-600,84314990,18,NOS,,42,active,img/series/AKHG.svg,AKHG/AKHG-180-600-FS.pdf,
AKHG180800,AKHG,AKHG 180-800,crane,hydraulic,0.8,800.0,570000.0,27000000.0,,,890625.0,,,,-10,80,high,catalogue,AKHG180-800,84314990,18,NOS,,42,active,img/series/AKHG.svg,AKHG/AKHG-180-800-FS.pdf,
AKHG1801000,AKHG,AKHG 180-1000,crane,hydraulic,0.8,1000.0,720000.0,29000000.0,,,900000.0,,,,-10,80,high,catalogue,AKHG180-1000,84314990,18,NOS,,42,active,img/series/AKHG.svg,AKHG/AKHG-180-1000-FS.pdf,
AKHS13070,AKHS,AKHS 130-70,crane,hydraulic,0.8,70.0,12000.0,180000.0,,,214286.0,,3,,-10,80,high,catalogue,,84314990,18,NOS,,42,active,img/series/AKHS.svg,AKHS/AKHS-130-70.pdf,
AKHS130100,AKHS,AKHS 130-100,crane,hydraulic,0.8,100.0,16000.0,280000.0,,,200000.0,,3,,-10,80,high,catalogue,,84314990,18,NOS,,42,active,img/series/AKHS.svg,AKHS/AKHS-130-100.pdf,
AKHS130150,AKHS,AKHS 130-150,crane,hydraulic,0.8,150.0,22000.0,300000.0,,,183333.0,,2.5,,-10,80,high,catalogue,,84314990,18,NOS,,42,active,img/series/AKHS.svg,AKHS/AKHS-130-150.pdf,
AKHS16080,AKHS,AKHS 160-80,crane,hydraulic,0.8,80.0,28000.0,380000.0,,,437500.0,,3,,-10,80,high,catalogue,,84314990,18,NOS,,42,active,img/series/AKHS.svg,AKHS/AKHS-160-80.pdf,
AKHS190100,AKHS,AKHS 190-100,crane,hydraulic,0.8,100.0,42000.0,720000.0,,,525000.0,,2.5,,-10,80,high,catalogue,,84314990,18,NOS,,42,active,img/series/AKHS.svg,AKHS/AKHS-190-100.pdf,
AKHS160150,AKHS,AKHS 160-150,crane,hydraulic,0.8,150.0,44000.0,574000.0,,,366667.0,,2,,-10,80,high,catalogue,,84314990,18,NOS,,42,active,img/series/AKHS.svg,AKHS/AKHS-160-150.pdf,
AKHS190150,AKHS,AKHS 190-150,crane,hydraulic,0.8,150.0,65000.0,840000.0,,,541667.0,,2,,-10,80,high,catalogue,,84314990,18,NOS,,42,active,img/series/AKHS.svg,AKHS/AKHS-190-150.pdf,
ED1.5X2,ED,ED 1.5 x 2,crane,hydraulic,0.8,50.0,3200.0,189000.0,,,80000.0,,,30,-10,80,high,catalogue,ED 1.5 x 2,84314990,18,NOS,,42,active,img/series/ED.svg,ED/ED-1.5x2.pdf,
ED1.5X4,ED,ED 1.5 x 4,crane,hydraulic,0.8,100.0,6100.0,368000.0,,,76250.0,,,30,-10,80,high,catalogue,ED 1.5 x 4,84314990,18,NOS,,42,active,img/series/ED.svg,ED/ED-1.5x4.pdf,
ED1.5X6,ED,ED 1.5 x 6,crane,hydraulic,0.8,150.0,9100.0,546700.0,,,75833.0,,,30,-10,80,high,catalogue,ED 1.5 x 6,84314990,18,NOS,,42,active,img/series/ED.svg,ED/ED-1.5x6.pdf,
ED3.0X2,ED,ED 3.0 x 2,crane,hydraulic,0.8,50.0,9600.0,578500.0,,,240000.0,,,30,-10,80,high,catalogue,ED 3.0 x 2,84314990,18,NOS,,42,active,img/series/ED.svg,ED/ED-3.0x2.pdf,
ED1.5X8,ED,ED 1.5 x 8,crane,hydraulic,0.8,200.0,12200.0,732500.0,,,76250.0,,,30,-10,80,high,catalogue,ED 1.5 x 8,84314990,18,NOS,,42,active,img/series/ED.svg,ED/ED-1.5x8.pdf,
ED3.5X2,ED,ED 3.5 x 2,crane,hydraulic,0.8,50.0,13000.0,781000.0,,,325000.0,,,30,-10,80,high,catalogue,ED 3.5 X 2,84314990,18,NOS,,42,active,img/series/ED.svg,ED/ED-3.5x2.pdf,
ED3.0X3,ED,ED 3.0 x 3,crane,hydraulic,0.8,75.0,14600.0,659000.0,,,243333.0,,,30,-10,80,high,catalogue,ED 3.0 x 3,84314990,18,NOS,,42,active,img/series/ED.svg,ED/ED-3.0x3.pdf,
ED1.5X10,ED,ED 1.5 x 10,crane,hydraulic,0.8,250.0,15200.0,781000.0,,,76000.0,,,30,-10,80,high,catalogue,ED 1.5 x 10,84314990,18,NOS,,42,active,img/series/ED.svg,ED/ED-1.5x10.pdf,
ED4.0X2,ED,ED 4.0 x 2,crane,hydraulic,0.8,50.0,15700.0,943700.0,,,392500.0,,,30,-10,80,high,catalogue,ED 4.0 X 2,84314990,18,NOS,,42,active,img/series/ED.svg,ED/ED-4.0x2.pdf,
ED2.0X6,ED,ED 2.0 x 6,crane,hydraulic,0.8,152.0,17200.0,862100.0,,,141447.0,,,30,-10,80,high,catalogue,ED 2.0 x 6,84314990,18,NOS,,42,active,img/series/ED.svg,ED/ED-2.0x6.pdf,
ED1.5X12,ED,ED 1.5 x 12,crane,hydraulic,0.8,300.0,18300.0,877900.0,,,76250.0,,,30,-10,80,high,catalogue,ED 1.5 x 12,84314990,18,NOS,,42,active,img/series/ED.svg,ED/ED-1.5x12.pdf,
ED1.5X14,ED,ED 1.5 x 14,crane,hydraulic,0.8,350.0,20900.0,972900.0,,,74643.0,,,30,-10,80,high,catalogue,ED 1.5 x 14,84314990,18,NOS,,42,active,img/series/ED.svg,ED/ED-1.5x14.pdf,
ED2.0X8,ED,ED 2.0 x 8,crane,hydraulic,0.8,203.0,23000.0,913700.0,,,141626.0,,,30,-10,80,high,catalogue,ED 2.0 x 8,84314990,18,NOS,,42,active,img/series/ED.svg,ED/ED-2.0x8.pdf,
ED1.5X16,ED,ED 1.5 x 16,crane,hydraulic,0.8,400.0,23300.0,1069800.0,,,72812.0,,,30,-10,80,high,catalogue,ED 1.5 x 16,84314990,18,NOS,,42,active,img/series/ED.svg,ED/ED-1.5x16.pdf,
ED3.0X5,ED,ED 3.0 x 5,crane,hydraulic,0.8,125.0,24200.0,805700.0,,,242000.0,,,30,-10,80,high,catalogue,ED 3.0 x 5,84314990,18,NOS,,42,active,img/series/ED.svg,ED/ED-3.0x5.pdf,
ED1.5X18,ED,ED 1.5 x 18,crane,hydraulic,0.8,450.0,25300.0,1166700.0,,,70278.0,,,30,-10,80,high,catalogue,ED 1.5 x 18,84314990,18,NOS,,42,active,img/series/ED.svg,ED/ED-1.5x18.pdf,
ED3.5X4,ED,ED 3.5 x 4,crane,hydraulic,0.8,100.0,26000.0,993500.0,,,325000.0,,,30,-10,80,high,catalogue,ED 3.5 X 4,84314990,18,NOS,,42,active,img/series/ED.svg,ED/ED-3.5x4.pdf,
ED1.5X20,ED,ED 1.5 x 20,crane,hydraulic,0.8,500.0,27200.0,1263600.0,,,68000.0,,,30,-10,80,high,catalogue,ED 1.5 x 20,84314990,18,NOS,,42,active,img/series/ED.svg,ED/ED-1.5x20.pdf,
ED2.0X10,ED,ED 2.0 x 10,crane,hydraulic,0.8,250.0,28800.0,1033200.0,,,144000.0,,,30,-10,80,high,catalogue,ED 2.0 x 10,84314990,18,NOS,,42,active,img/series/ED.svg,ED/ED-2.0x10.pdf,
ED1.5X24,ED,ED 1.5 x 24,crane,hydraulic,0.8,600.0,30500.0,1457400.0,,,63542.0,,,30,-10,80,high,catalogue,ED 1.5 x 24,84314990,18,NOS,,42,active,img/series/ED.svg,ED/ED-1.5x24.pdf,
ED4.0X4,ED,ED 4.0 x 4,crane,hydraulic,0.8,100.0,31200.0,1534300.0,,,390000.0,,,30,-10,80,high,catalogue,ED 4.0 X 4,84314990,18,NOS,,42,active,img/series/ED.svg,ED/ED-4.0x4.pdf,
ED1.5X28,ED,ED 1.5 x 28,crane,hydraulic,0.8,713.0,33600.0,1649300.0,,,58906.0,,,30,-10,80,high,catalogue,ED 1.5 x 28,84314990,18,NOS,,42,active,img/series/ED.svg,ED/ED-1.5x28.pdf,
ED2.0X12,ED,ED 2.0 x 12,crane,hydraulic,0.8,300.0,34300.0,1152700.0,,,142917.0,,,30,-10,80,high,catalogue,ED 2.0 x 12,84314990,18,NOS,,42,active,img/series/ED.svg,ED/ED-2.0x12.pdf,
ED3.0X8,ED,ED 3.0 x 8,crane,hydraulic,0.8,200.0,35700.0,1021500.0,,,223125.0,,,30,-10,80,high,catalogue,ED 3.0 x 8,84314990,18,NOS,,42,active,img/series/ED.svg,ED/ED-3.0x8.pdf,
ED1.5X32,ED,ED 1.5 x 32,crane,hydraulic,0.8,813.0,36500.0,1839300.0,,,56119.0,,,30,-10,80,high,catalogue,ED 1.5 x 32,84314990,18,NOS,,42,active,img/series/ED.svg,ED/ED-1.5x32.pdf,
ED2.0X14,ED,ED 2.0 x 14,crane,hydraulic,0.8,350.0,38700.0,1272100.0,,,138214.0,,,30,-10,80,high,catalogue,ED 2.0 x 14,84314990,18,NOS,,42,active,img/series/ED.svg,ED/ED-2.0x14.pdf,
ED3.5X6,ED,ED 3.5 x 6,crane,hydraulic,0.8,150.0,38800.0,1161900.0,,,323333.0,,,30,-10,80,high,catalogue,ED 3.5 X 6,84314990,18,NOS,,42,active,img/series/ED.svg,ED/ED-3.5x6.pdf,
ED2.0X16,ED,ED 2.0 x 16,crane,hydraulic,0.8,400.0,43200.0,1391600.0,,,135000.0,,,30,-10,80,high,catalogue,ED 2.0 x 16,84314990,18,NOS,,42,active,img/series/ED.svg,ED/ED-2.0x16.pdf,
ED3.0X10,ED,ED 3.0 x 10,crane,hydraulic,0.8,250.0,43200.0,1168300.0,,,216000.0,,,30,-10,80,high,catalogue,ED 3.0 x 10,84314990,18,NOS,,42,active,img/series/ED.svg,ED/ED-3.0x10.pdf,
ED4.0X6,ED,ED 4.0 x 6,crane,hydraulic,0.8,150.0,46279.0,1756700.0,,,385658.0,,,30,-10,80,high,catalogue,ED 4.0 X 6,84314990,18,NOS,,42,active,img/series/ED.svg,ED/ED-4.0x6.pdf,
ED2.0X18,ED,ED 2.0 x 18,crane,hydraulic,0.8,450.0,47600.0,1511100.0,,,132222.0,,,30,-10,80,high,catalogue,ED 2.0 x 18,84314990,18,NOS,,42,active,img/series/ED.svg,ED/ED-2.0x18.pdf,
ED3.0X12,ED,ED 3.0 x 12,crane,hydraulic,0.8,300.0,50700.0,1315000.0,,,211250.0,,,30,-10,80,high,catalogue,ED 3.0 x 12,84314990,18,NOS,,42,active,img/series/ED.svg,ED/ED-3.0x12.pdf,
ED3.5X8,ED,ED 3.5 x 8,crane,hydraulic,0.8,200.0,50900.0,1333600.0,,,318125.0,,,30,-10,80,high,catalogue,ED 3.5 X 8,84314990,18,NOS,,42,active,img/series/ED.svg,ED/ED-3.5x8.pdf,
ED2.0X20,ED,ED 2.0 x 20,crane,hydraulic,0.8,500.0,51900.0,1628300.0,,,129750.0,,,30,-10,80,high,catalogue,ED 2.0 x 20,84314990,18,NOS,,42,active,img/series/ED.svg,ED/ED-2.0x20.pdf,
ED2.0X24,ED,ED 2.0 x 24,crane,hydraulic,0.8,600.0,60800.0,1867200.0,,,126667.0,,,30,-10,80,high,catalogue,ED 2.0 x 24,84314990,18,NOS,,42,active,img/series/ED.svg,ED/ED-2.0x24.pdf,
ED3.5X10,ED,ED 3.5 x 10,crane,hydraulic,0.8,250.0,60800.0,1505400.0,,,304000.0,,,30,-10,80,high,catalogue,ED 3.5 X 10,84314990,18,NOS,,42,active,img/series/ED.svg,ED/ED-3.5x10.pdf,
ED4.0X8,ED,ED 4.0 x 8,crane,hydraulic,0.8,200.0,62000.0,1987900.0,,,387500.0,,,30,-10,80,high,catalogue,ED 4.0 X 8,84314990,18,NOS,,42,active,img/series/ED.svg,ED/ED-4.0x8.pdf,
ED3.0X14,ED,ED 3.0 x 14,crane,hydraulic,0.8,350.0,62900.0,1605700.0,,,224643.0,,,30,-10,80,high,catalogue,ED 3.0 x 14,84314990,18,NOS,,42,active,img/series/ED.svg,ED/ED-3.0x14.pdf,
ED2.0X28,ED,ED 2.0 x 28,crane,hydraulic,0.8,700.0,69800.0,2106200.0,,,124643.0,,,30,-10,80,high,catalogue,ED 2.0 x 28,84314990,18,NOS,,42,active,img/series/ED.svg,ED/ED-2.0x28.pdf,
ED3.0X16,ED,ED 3.0 x 16,crane,hydraulic,0.8,400.0,70400.0,1752400.0,,,220000.0,,,30,-10,80,high,catalogue,ED 3.0 x 16,84314990,18,NOS,,42,active,img/series/ED.svg,ED/ED-3.0x16.pdf,
ED2.0X32,ED,ED 2.0 x 32,crane,hydraulic,0.8,800.0,70700.0,2527900.0,,,110469.0,,,30,-10,80,high,catalogue,ED 2.0 x 32,84314990,18,NOS,,42,active,img/series/ED.svg,ED/ED-2.0x32.pdf,
ED3.5X12,ED,ED 3.5 x 12,crane,hydraulic,0.8,300.0,70800.0,1677200.0,,,295000.0,,,30,-10,80,high,catalogue,ED 3.5 X 12,84314990,18,NOS,,42,active,img/series/ED.svg,ED/ED-3.5x12.pdf,
ED4.0X10,ED,ED 4.0 x 10,crane,hydraulic,0.8,250.0,77100.0,2210300.0,,,385500.0,,,30,-10,80,high,catalogue,ED 4.0 X 10,84314990,18,NOS,,42,active,img/series/ED.svg,ED/ED-4.0x10.pdf,
ED3.0X18,ED,ED 3.0 x 18,crane,hydraulic,0.8,450.0,77900.0,1899200.0,,,216389.0,,,30,-10,80,high,catalogue,ED 3.0 x 18,84314990,18,NOS,,42,active,img/series/ED.svg,ED/ED-3.0x18.pdf,
ED3.0X20,ED,ED 3.0 x 20,crane,hydraulic,0.8,500.0,85400.0,2046000.0,,,213500.0,,,30,-10,80,high,catalogue,ED 3.0 x 20,84314990,18,NOS,,42,active,img/series/ED.svg,ED/ED-3.0x20.pdf,
ED3.5X16,ED,ED 3.5 x 16,crane,hydraulic,0.8,400.0,90500.0,2017300.0,,,282812.0,,,30,-10,80,high,catalogue,ED 3.5 X 16,84314990,18,NOS,,42,active,img/series/ED.svg,ED/ED-3.5x16.pdf,
ED4.0X12,ED,ED 4.0 x 12,crane,hydraulic,0.8,300.0,92600.0,1855100.0,,,385833.0,,,30,-10,80,high,catalogue,ED 4.0 X 12,84314990,18,NOS,,42,active,img/series/ED.svg,ED/ED-4.0x12.pdf,
ED3.0X24,ED,ED 3.0 x 24,crane,hydraulic,0.8,600.0,100300.0,2336600.0,,,208958.0,,,30,-10,80,high,catalogue,ED 3.0 x 24,84314990,18,NOS,,42,active,img/series/ED.svg,ED/ED-3.0x24.pdf,
ED2.0X36,ED,ED 2.0 x 36,crane,hydraulic,0.8,900.0,101200.0,2762200.0,,,140556.0,,,30,-10,80,high,catalogue,ED 2.0 x 36,84314990,18,NOS,,42,active,img/series/ED.svg,ED/ED-2.0x36.pdf,
ED2.0X40,ED,ED 2.0 x 40,crane,hydraulic,0.8,1000.0,101400.0,2996500.0,,,126750.0,,,30,-10,80,medium,database,ED 2.0 x 40,84314990,18,NOS,,42,active,img/series/ED.svg,ED/ED-2.0x40.pdf,
ED2.0X48,ED,ED 2.0 x 48,crane,hydraulic,0.8,1200.0,114500.0,3465000.0,,,119271.0,,,30,-10,80,medium,database,ED 2.0 x 48,84314990,18,NOS,,42,active,img/series/ED.svg,ED/ED-2.0x48.pdf,
ED3.0X28,ED,ED 3.0 x 28,crane,hydraulic,0.8,700.0,115300.0,2630100.0,,,205893.0,,,30,-10,80,high,catalogue,ED 3.0 x 28,84314990,18,NOS,,42,active,img/series/ED.svg,ED/ED-3.0x28.pdf,
ED3.5X20,ED,ED 3.5 x 20,crane,hydraulic,0.8,500.0,118800.0,2546100.0,,,297000.0,,,30,-10,80,high,catalogue,ED 3.5 X 20,84314990,18,NOS,,42,active,img/series/ED.svg,ED/ED-3.5x20.pdf,
ED4.0X16,ED,ED 4.0 x 16,crane,hydraulic,0.8,400.0,123100.0,3304300.0,,,384688.0,,,30,-10,80,high,catalogue,ED 4.0 X 16,84314990,18,NOS,,42,active,img/series/ED.svg,ED/ED-4.0x16.pdf,
ED2.0X56,ED,ED 2.0 x 56,crane,hydraulic,0.8,1400.0,125000.0,3957000.0,,,111607.0,,,30,-10,80,medium,database,ED 2.0 x 56,84314990,18,NOS,,42,active,img/series/ED.svg,ED/ED-2.0x56.pdf,
ED3.0X32,ED,ED 3.0 x 32,crane,hydraulic,0.8,800.0,130200.0,2920700.0,,,203438.0,,,30,-10,80,high,catalogue,ED 3.0 x 32,84314990,18,NOS,,42,active,img/series/ED.svg,ED/ED-3.0x32.pdf,
ED3.5X24,ED,ED 3.5 x 24,crane,hydraulic,0.8,600.0,138700.0,2889600.0,,,288958.0,,,30,-10,80,high,catalogue,ED 3.5 X 24,84314990,18,NOS,,42,active,img/series/ED.svg,ED/ED-3.5x24.pdf,
ED3.0X36,ED,ED 3.0 x 36,crane,hydraulic,0.8,900.0,147700.0,3349500.0,,,205139.0,,,30,-10,80,high,catalogue,ED 3.0 x 36,84314990,18,NOS,,42,active,img/series/ED.svg,ED/ED-3.0x36.pdf,
ED4.0X20,ED,ED 4.0 x 20,crane,hydraulic,0.8,500.0,154000.0,3757900.0,,,385000.0,,,30,-10,80,high,catalogue,ED 4.0 X 20,84314990,18,NOS,,42,active,img/series/ED.svg,ED/ED-4.0x20.pdf,
ED3.5X28,ED,ED 3.5 x 28,crane,hydraulic,0.8,700.0,158500.0,3229700.0,,,283036.0,,,30,-10,80,high,catalogue,ED 3.5 X 28,84314990,18,NOS,,42,active,img/series/ED.svg,ED/ED-3.5x28.pdf,
ED3.0X40,ED,ED 3.0 x 40,crane,hydraulic,0.8,1000.0,159600.0,3637200.0,,,199500.0,,,30,-10,80,high,catalogue,ED 3.0 x 40,84314990,18,NOS,,42,active,img/series/ED.svg,ED/ED-3.0x40.pdf,
ED3.5X32,ED,ED 3.5 x 32,crane,hydraulic,0.8,800.0,178400.0,3573200.0,,,278750.0,,,30,-10,80,high,catalogue,ED 3.5 X 32,84314990,18,NOS,,42,active,img/series/ED.svg,ED/ED-3.5x32.pdf,
ED3.0X48,ED,ED 3.0 x 48,crane,hydraulic,0.8,1200.0,179700.0,4212800.0,,,187188.0,,,30,-10,80,medium,database,ED 3.0 x 48,84314990,18,NOS,,42,active,img/series/ED.svg,ED/ED-3.0x48.pdf,
ED4.0X24,ED,ED 4.0 x 24,crane,hydraulic,0.8,600.0,184800.0,4211500.0,,,385000.0,,,30,-10,80,high,catalogue,ED 4.0 X 24,84314990,18,NOS,,42,active,img/series/ED.svg,ED/ED-4.0x24.pdf,
ED3.0X56,ED,ED 3.0 x 56,crane,hydraulic,0.8,1400.0,196700.0,4788300.0,,,175625.0,,,30,-10,80,medium,database,ED 3.0 x 56,84314990,18,NOS,,42,active,img/series/ED.svg,ED/ED-3.0x56.pdf,
ED3.5X36,ED,ED 3.5 x 36,crane,hydraulic,0.8,900.0,198300.0,3916800.0,,,275417.0,,,30,-10,80,high,catalogue,ED 3.5 X 36,84314990,18,NOS,,42,active,img/series/ED.svg,ED/ED-3.5x36.pdf,
ED3.0X60,ED,ED 3.0 x 60,crane,hydraulic,0.8,1500.0,206800.0,5166300.0,,,172333.0,,,30,-10,80,medium,database,ED 3.0 x 60,84314990,18,NOS,,42,active,img/series/ED.svg,ED/ED-3.0x60.pdf,
ED4.0X28,ED,ED 4.0 x 28,crane,hydraulic,0.8,700.0,215100.0,4660700.0,,,384107.0,,,30,-10,80,high,catalogue,ED 4.0 X 28,84314990,18,NOS,,42,active,img/series/ED.svg,ED/ED-4.0x28.pdf,
ED3.5X40,ED,ED 3.5 x 40,crane,hydraulic,0.8,1000.0,216800.0,4256900.0,,,271000.0,,,30,-10,80,medium,database,ED 3.5 X 40,84314990,18,NOS,,42,active,img/series/ED.svg,ED/ED-3.5x40.pdf,
ED3.0X64,ED,ED 3.0 x 64,crane,hydraulic,0.8,1629.0,217700.0,5210400.0,,,167050.0,,,30,-10,80,medium,database,ED 3.0 x 64,84314990,18,NOS,,42,active,img/series/ED.svg,ED/ED-3.0x64.pdf,
ED3.0X72,ED,ED 3.0 x 72,crane,hydraulic,0.8,1830.0,238000.0,6242000.0,,,162568.0,,,30,-10,80,medium,database,ED 3.0 x 72,84314990,18,NOS,,42,active,img/series/ED.svg,ED/ED-3.0x72.pdf,
ED4.0X32,ED,ED 4.0 x 32,crane,hydraulic,0.8,800.0,240500.0,5114300.0,,,375781.0,,,30,-10,80,high,catalogue,ED 4.0 X 32,84314990,18,NOS,,42,active,img/series/ED.svg,ED/ED-4.0x32.pdf,
ED3.5X48,ED,ED 3.5 x 48,crane,hydraulic,0.8,1200.0,247200.0,4930500.0,,,257500.0,,,30,-10,80,medium,database,ED 3.5 X 48,84314990,18,NOS,,42,active,img/series/ED.svg,ED/ED-3.5x48.pdf,
ED4.0X36,ED,ED 4.0 x 36,crane,hydraulic,0.8,900.0,265900.0,5567900.0,,,369306.0,,,30,-10,80,high,catalogue,ED 4.0 X 36,84314990,18,NOS,,42,active,img/series/ED.svg,ED/ED-4.0x36.pdf,
ED3.5X56,ED,ED 3.5 x 56,crane,hydraulic,0.8,1400.0,273300.0,5604000.0,,,244018.0,,,30,-10,80,medium,database,ED 3.5 X 56,84314990,18,NOS,,42,active,img/series/ED.svg,ED/ED-3.5x56.pdf,
ED4.0X40,ED,ED 4.0 x 40,crane,hydraulic,0.8,1000.0,289900.0,6017100.0,,,362375.0,,,30,-10,80,medium,database,ED 4.0 X 40,84314990,18,NOS,,42,active,img/series/ED.svg,ED/ED-4.0x40.pdf,
ED4.0X48,ED,ED 4.0 x 48,crane,hydraulic,0.8,1200.0,329300.0,6919900.0,,,343021.0,,,30,-10,80,medium,database,ED 4.0 X 48,84314990,18,NOS,,42,active,img/series/ED.svg,ED/ED-4.0x48.pdf,
EI50X50,EI,EI 50 x 50,crane,hydraulic,0.8,50.0,3500.0,206719.0,,,87500.0,,,30,-10,80,high,catalogue,EI 50 x 50,84314990,18,NOS,,42,active,img/series/EI.svg,EI/EI-50X50.pdf,
EI50X100,EI,EI 50 x 100,crane,hydraulic,0.8,100.0,6900.0,416262.0,,,86250.0,,,30,-10,80,high,catalogue,EI 50 x 100,84314990,18,NOS,,42,active,img/series/EI.svg,EI/EI-50X100.pdf,
EI80X50,EI,EI 80 x 50,crane,hydraulic,0.8,50.0,7800.0,468600.0,,,195000.0,,,30,-10,80,high,catalogue,EI 80 x 50,84314990,18,NOS,,42,active,img/series/EI.svg,EI/EI-80X50-FR.pdf,
EI100X50,EI,EI 100 x 50,crane,hydraulic,0.8,50.0,11500.0,690471.0,,,287500.0,,,30,-10,80,high,catalogue,EI 100 x 50,84314990,18,NOS,,42,active,img/series/EI.svg,EI/EI-100X50-FF.pdf,
EI80X100,EI,EI 80 x 100,crane,hydraulic,0.8,100.0,15600.0,937689.0,,,195000.0,,,30,-10,80,high,catalogue,EI 80 x 100,84314990,18,NOS,,42,active,img/series/EI.svg,EI/EI-80X100-FF.pdf,
EI100X100,EI,EI 100 x 100,crane,hydraulic,0.8,100.0,23000.0,913700.0,,,287500.0,,,30,-10,80,high,catalogue,EI 100 x 100,84314990,18,NOS,,42,active,img/series/EI.svg,EI/EI-100X100-FF.pdf,
EI100X150,EI,EI 100 x 150,crane,hydraulic,0.8,150.0,34500.0,1159421.0,,,287500.0,,,30,-10,80,high,catalogue,EI 100 x 150,84314990,18,NOS,,42,active,img/series/EI.svg,EI/EI-100X150-FF.pdf,
EI120X100,EI,EI 120 x 100,crane,hydraulic,0.8,100.0,37000.0,1864496.0,,,462500.0,,,30,-10,80,high,catalogue,EI 120 x 100,84314990,18,NOS,,42,active,img/series/EI.svg,EI/EI-120X100-FF.pdf,
EI100X200,EI,EI 100 x 200,crane,hydraulic,0.8,200.0,46000.0,1746109.0,,,287500.0,,,30,-10,80,high,catalogue,EI 100 x 200,84314990,18,NOS,,42,active,img/series/EI.svg,EI/EI-100X200-FF.pdf,
EI120X150,EI,EI 120 x 150,crane,hydraulic,0.8,150.0,55000.0,1725559.0,,,458333.0,,,30,-10,80,high,catalogue,EI 120 x 150,84314990,18,NOS,,42,active,img/series/EI.svg,EI/EI-120X150-FF.pdf,
EI150X115,EI,EI 150 x 115,crane,hydraulic,0.8,115.0,71000.0,1681938.0,,,771739.0,,,30,-10,80,high,catalogue,EI 150 x 115,84314990,18,NOS,,42,active,img/series/EI.svg,EI/EI-150X115-FF.pdf,
EI120X200,EI,EI 120 x 200,crane,hydraulic,0.8,200.0,74000.0,2121429.0,,,462500.0,,,30,-10,80,high,catalogue,EI 120 x 200,84314990,18,NOS,,42,active,img/series/EI.svg,EI/EI-120X200-FF.pdf,
EI100X400,EI,EI 100 x 400,crane,hydraulic,0.8,400.0,92000.0,1843080.0,,,287500.0,,,30,-10,80,high,catalogue,EI 100 x 400,84314990,18,NOS,,42,active,img/series/EI.svg,EI/EI-100X400-FF.pdf,
EI150X150,EI,EI 150 x 150,crane,hydraulic,0.8,150.0,94000.0,1883147.0,,,783333.0,,,30,-10,80,high,catalogue,EI 150 x 150,84314990,18,NOS,,42,active,img/series/EI.svg,EI/EI-150X150-FF.pdf,
EI130X250,EI,EI 130 x 250,crane,hydraulic,0.8,250.0,107900.0,2632970.0,,,539500.0,,,30,-10,80,medium,derived,EI 130 x 250,84314990,18,NOS,,42,active,img/series/EI.svg,EI/EI-130X250-FF.pdf,
EI120X300,EI,EI 120 x 300,crane,hydraulic,0.8,300.0,108000.0,3268297.0,,,450000.0,,,30,-10,80,high,catalogue,EI 120 x 300,84314990,18,NOS,,42,active,img/series/EI.svg,EI/EI-120X300-FF.pdf,
EI100X500,EI,EI 100 x 500,crane,hydraulic,0.8,500.0,108100.0,3271323.0,,,270250.0,,,30,-10,80,high,catalogue,EI 100 x 500,84314990,18,NOS,,42,active,img/series/EI.svg,EI/EI-100X500-FF.pdf,
EI100X600,EI,EI 100 x 600,crane,hydraulic,0.8,600.0,129000.0,2893781.0,,,268750.0,,,30,-10,80,high,catalogue,EI 100 x 600,84314990,18,NOS,,42,active,img/series/EI.svg,EI/EI-100X600-FF.pdf,
EI130X300,EI,EI 130 x 300,crane,hydraulic,0.8,300.0,138000.0,2875017.0,,,575000.0,,,30,-10,80,high,catalogue,EI 130 x 300,84314990,18,NOS,,42,active,img/series/EI.svg,EI/EI-130X300-FF.pdf,
EI120X400,EI,EI 120 x 400,crane,hydraulic,0.8,400.0,144000.0,3265592.0,,,450000.0,,,30,-10,80,high,catalogue,EI 120 x 400,84314990,18,NOS,,42,active,img/series/EI.svg,EI/EI-120X400-FF.pdf,
EI100X800,EI,EI 100 x 800,crane,hydraulic,0.8,800.0,156000.0,3806704.0,,,243750.0,,,30,-10,80,high,catalogue,EI 100 x 800,84314990,18,NOS,,42,active,img/series/EI.svg,EI/EI-100X800-FF.pdf,
EI130X400,EI,EI 130 x 400,crane,hydraulic,0.8,400.0,184000.0,4193268.0,,,575000.0,,,30,-10,80,high,catalogue,EI 130 x 400,84314990,18,NOS,,42,active,img/series/EI.svg,EI/EI-130X400-FF.pdf,
EI120X600,EI,EI 120 x 600,crane,hydraulic,0.8,600.0,216000.0,4241192.0,,,450000.0,,,30,-10,80,high,catalogue,EI 120 x 600,84314990,18,NOS,,42,active,img/series/EI.svg,EI/EI-120X600-FF.pdf,
EI130X600,EI,EI 130 x 600,crane,hydraulic,0.8,600.0,242000.0,5146198.0,,,504167.0,,,30,-10,80,high,catalogue,EI 130 x 600,84314990,18,NOS,,42,active,img/series/EI.svg,EI/EI-130X600-FF.pdf,
EI150X400,EI,EI 150 x 400,crane,hydraulic,0.8,400.0,253000.0,5046183.0,,,790625.0,,,30,-10,80,high,catalogue,EI 150 x 400,84314990,18,NOS,,42,active,img/series/EI.svg,EI/EI-150X400-FF.pdf,
EI120X800,EI,EI 120 x 800,crane,hydraulic,0.8,800.0,259000.0,5423415.0,,,404688.0,,,30,-10,80,high,catalogue,EI 120 x 800,84314990,18,NOS,,42,active,img/series/EI.svg,EI/EI-120X800-FF.pdf,
EI120X1000,EI,EI 120 x 1000,crane,hydraulic,0.8,1000.0,299000.0,6205978.0,,,373750.0,,,30,-10,80,high,catalogue,EI 120 x 1000,84314990,18,NOS,,42,active,img/series/EI.svg,EI/EI-120X1000-FF.pdf,
EI130X800,EI,EI 130 x 800,crane,hydraulic,0.8,800.0,311000.0,6535344.0,,,485938.0,,,30,-10,80,high,catalogue,EI 130 x 800,84314990,18,NOS,,42,active,img/series/EI.svg,EI/EI-130X800-FF.pdf,
EI150X500,EI,EI 150 x 500,crane,hydraulic,0.8,500.0,316000.0,6640414.0,,,790000.0,,,30,-10,80,high,catalogue,EI 150 x 500,84314990,18,NOS,,42,active,img/series/EI.svg,EI/EI-150X500-FF.pdf,
EI150X600,EI,EI 150 x 600,crane,hydraulic,0.8,600.0,380000.0,7985308.0,,,791667.0,,,30,-10,80,high,catalogue,EI 150 x 600,84314990,18,NOS,,42,active,img/series/EI.svg,EI/EI-150X600-FF.pdf,
EI150X800,EI,EI 150 x 800,crane,hydraulic,0.8,800.0,515000.0,10822194.0,,,804688.0,,,30,-10,80,high,catalogue,EI 150 x 800,84314990,18,NOS,,42,active,img/series/EI.svg,EI/EI-150X800-FF.pdf,
EI150X1000,EI,EI 150 x 1000,crane,hydraulic,0.8,1000.0,587000.0,12335200.0,,,733750.0,,,30,-10,80,high,catalogue,EI 150 x 1000,84314990,18,NOS,,42,active,img/series/EI.svg,EI/EI-150X1000-FF.pdf,
JHQC1,JHQC,JHQ-C-1,crane,pu,0.158,60.0,265.0,7950.0,,,27954.0,,,,-10,80,high,catalogue,,40169990,18,NOS,,21,active,img/series/JHQC.svg,JHQC/JHQ-C-1.pdf,
JHQC2,JHQC,JHQ-C-2,crane,pu,0.159,60.0,400.0,12000.0,,,41929.0,,,,-10,80,high,catalogue,,40169990,18,NOS,,21,active,img/series/JHQC.svg,JHQC/JHQ-C-2.pdf,
JHQC3,JHQC,JHQ-C-3,crane,pu,0.159,75.0,502.0,15060.0,,,42096.0,,,,-10,80,high,catalogue,,40169990,18,NOS,,21,active,img/series/JHQC.svg,JHQC/JHQ-C-3.pdf,
JHQC4,JHQC,JHQ-C-4,crane,pu,0.159,60.0,628.0,18840.0,,,65828.0,,,,-10,80,high,catalogue,,40169990,18,NOS,,21,active,img/series/JHQC.svg,JHQC/JHQ-C-4.pdf,
JHQC5,JHQC,JHQ-C-5,crane,pu,0.159,75.0,785.0,23550.0,,,65828.0,,,,-10,80,high,catalogue,,40169990,18,NOS,,21,active,img/series/JHQC.svg,JHQC/JHQ-C-5.pdf,
JHQC6,JHQC,JHQ-C-6,crane,pu,0.158,94.0,980.0,29400.0,,,65984.0,,,,-10,80,high,catalogue,,40169990,18,NOS,,21,active,img/series/JHQC.svg,JHQC/JHQ-C-6.pdf,
JHQC7,JHQC,JHQ-C-7,crane,pu,0.159,75.0,1227.0,36810.0,,,102893.0,,,,-10,80,high,catalogue,,40169990,18,NOS,,21,active,img/series/JHQC.svg,JHQC/JHQ-C-7.pdf,
JHQC8,JHQC,JHQ-C-8,crane,pu,0.158,94.0,1533.0,45990.0,,,103218.0,,,,-10,80,high,catalogue,,40169990,18,NOS,,21,active,img/series/JHQC.svg,JHQC/JHQ-C-8.pdf,
JHQC9,JHQC,JHQ-C-9,crane,pu,0.159,120.0,1960.0,58800.0,,,102725.0,,,,-10,80,high,catalogue,,40169990,18,NOS,,21,active,img/series/JHQC.svg,JHQC/JHQ-C-9.pdf,
JHQC10,JHQC,JHQ-C-10,crane,pu,0.158,94.0,2512.0,75360.0,,,169135.0,,,,-10,80,high,catalogue,,40169990,18,NOS,,21,active,img/series/JHQC.svg,JHQC/JHQ-C-10.pdf,
JHQC11,JHQC,JHQ-C-11,crane,pu,0.154,120.0,3125.0,93750.0,,,169102.0,,,,-10,80,high,catalogue,,40169990,18,NOS,,21,active,img/series/JHQC.svg,JHQC/JHQ-C-11.pdf,
JHQC12,JHQC,JHQ-C-12,crane,pu,0.159,150.0,4019.0,120570.0,,,168512.0,,,,-10,80,high,catalogue,,40169990,18,NOS,,21,active,img/series/JHQC.svg,JHQC/JHQ-C-12.pdf,
JHQC13,JHQC,JHQ-C-13,crane,pu,0.158,120.0,5024.0,150720.0,,,264979.0,,,,-10,80,high,catalogue,,40169990,18,NOS,,21,active,img/series/JHQC.svg,JHQC/JHQ-C-13.pdf,
JHQC14,JHQC,JHQ-C-14,crane,pu,0.158,150.0,6280.0,188400.0,,,264979.0,,,,-10,80,high,catalogue,,40169990,18,NOS,,21,active,img/series/JHQC.svg,JHQC/JHQ-C-14.pdf,
JHQC15,JHQC,JHQ-C-15,crane,pu,0.158,188.0,7850.0,235500.0,,,264274.0,,,,-10,80,high,catalogue,,40169990,18,NOS,,21,active,img/series/JHQC.svg,JHQC/JHQ-C-15.pdf,
JHQC16,JHQC,JHQ-C-16,crane,pu,0.158,150.0,9810.0,294300.0,,,413924.0,,,,-10,80,high,catalogue,,40169990,18,NOS,,21,active,img/series/JHQC.svg,JHQC/JHQ-C-16.pdf,
JHQC17,JHQC,JHQ-C-17,crane,pu,0.158,188.0,12266.0,367980.0,,,412941.0,,,,-10,80,high,catalogue,,40169990,18,NOS,,21,active,img/series/JHQC.svg,JHQC/JHQ-C-17.pdf,
JHQC18,JHQC,JHQ-C-18,crane,pu,0.158,240.0,15700.0,471000.0,,,414030.0,,,,-10,80,high,catalogue,,40169990,18,NOS,,21,active,img/series/JHQC.svg,JHQC/JHQ-C-18.pdf,
JHQC19,JHQC,JHQ-C-19,crane,pu,0.158,188.0,20096.0,602880.0,,,676542.0,,,,-10,80,high,catalogue,,40169990,18,NOS,,21,active,img/series/JHQC.svg,JHQC/JHQ-C-19.pdf,
JHQC20,JHQC,JHQ-C-20,crane,pu,0.159,240.0,25732.0,771960.0,,,674319.0,,,,-10,80,high,catalogue,,40169990,18,NOS,,21,active,img/series/JHQC.svg,JHQC/JHQ-C-20.pdf,
JHQC21,JHQC,JHQ-C-21,crane,pu,0.159,300.0,32154.000000000004,964620.0,,,674088.0,,,,-10,80,high,catalogue,,40169990,18,NOS,,21,active,img/series/JHQC.svg,JHQC/JHQ-C-21.pdf,
JHQC22,JHQC,JHQ-C-22,crane,pu,0.159,337.0,36170.0,1085100.0,,,675028.0,,,,-10,80,high,catalogue,,40169990,18,NOS,,21,active,img/series/JHQC.svg,JHQC/JHQ-C-22.pdf,
JHQC24,JHQC,JHQ-C-24,crane,pu,0.159,225.0,37700.0,1131000.0,,,1053809.0,,,,-10,80,high,catalogue,,40169990,18,NOS,,21,active,img/series/JHQC.svg,JHQC/JHQ-C-24.pdf,
JHQC23,JHQC,JHQ-C-23,crane,pu,0.159,337.0,56500.0,1695000.0,,,1054439.0,,,,-10,80,high,catalogue,,40169990,18,NOS,,21,active,img/series/JHQC.svg,JHQC/JHQ-C-23.pdf,
SB1204A,SB,SB-1204A,crane,spring,0.5,55.0,140.0,42000.0,,,5091.0,,,,-10,80,high,catalogue,SB-1204A,84314990,18,NOS,,28,active,img/series/SB.svg,SB/SB-1204A.pdf,
SB1204B,SB,SB-1204B,crane,spring,0.5,75.0,390.0,117000.0,,,10400.0,,,,-10,80,high,catalogue,SB-1204B,84314990,18,NOS,,28,active,img/series/SB.svg,SB/SB-1204B.pdf,
SB1204C,SB,SB-1204C,crane,spring,0.5,100.0,1700.0,510000.0,,,34000.0,,,,-10,80,high,catalogue,SB-1204C,84314990,18,NOS,,28,active,img/series/SB.svg,SB/SB-1204C.pdf,
SB1204D,SB,SB-1204D,crane,spring,0.5,125.0,2550.0,765000.0,,,40800.0,,,,-10,80,high,catalogue,SB-1204D,84314990,18,NOS,,28,active,img/series/SB.svg,SB/SB-1204D.pdf,
SB1204E,SB,SB-1204E,crane,spring,0.5,150.0,4100.0,1230000.0,,,54667.0,,,,-10,80,high,catalogue,SB-1204-E; SB-1204E,84314990,18,NOS,,28,active,img/series/SB.svg,SB/SB-1204E.pdf,
SB1204F,SB,SB-1204F,crane,spring,0.5,110.0,5000.0,1500000.0,,,90909.0,,,,-10,80,high,catalogue,SB-1204F,84314990,18,NOS,,28,active,img/series/SB.svg,SB/SB-1204F.pdf,
SB1204G,SB,SB-1204G,crane,spring,0.5,150.0,5000.0,1500000.0,,,66667.0,,,,-10,80,high,catalogue,SB-1204G,84314990,18,NOS,,28,active,img/series/SB.svg,SB/SB-1204G.pdf,
SB1220A,SB,SB-1220-A,crane,spring,0.5,170.0,7110.0,2133000.0,,,83647.0,,,,-10,80,high,catalogue,SB-1220-A,84314990,18,NOS,,28,active,img/series/SB.svg,SB/SB-1220-A.pdf,
SB1220C,SB,SB-1220-C,crane,spring,0.5,170.0,7500.0,2250000.0,,,88235.0,,,,-10,80,high,catalogue,SB-1220-C,84314990,18,NOS,,28,active,img/series/SB.svg,SB/SB-1220-C.pdf,
SB1220E,SB,SB-1220-E,crane,spring,0.5,200.0,8300.0,2490000.0,,,83000.0,,,,-10,80,high,catalogue,SB-1220-E,84314990,18,NOS,,28,active,img/series/SB.svg,SB/SB-1220-E.pdf,
SB1220L,SB,SB-1220-L,crane,spring,0.5,200.0,8300.0,2490000.0,,,83000.0,,,,-10,80,high,catalogue,SB-1220-L,84314990,18,NOS,,28,active,img/series/SB.svg,SB/SB-1220-L.pdf,
SB1220D,SB,SB-1220-D,crane,spring,0.5,200.0,9400.0,2820000.0,,,94000.0,,,,-10,80,high,catalogue,SB-1220-D,84314990,18,NOS,,28,active,img/series/SB.svg,SB/SB-1220-D.pdf,
SB1220B,SB,SB-1220-B,crane,spring,0.5,250.0,10400.0,3120000.0,,,83200.0,,,,-10,80,high,catalogue,SB-1220-B,84314990,18,NOS,,28,active,img/series/SB.svg,SB/SB-1220-B.pdf,
SB1220K,SB,SB-1220-K,crane,spring,0.5,150.0,10700.0,3210000.0,,,142667.0,,,,-10,80,high,catalogue,SB-1220-K,84314990,18,NOS,,28,active,img/series/SB.svg,SB/SB-1220-K.pdf,
SB1220H,SB,SB-1220-H,crane,spring,0.5,250.0,12500.0,3750000.0,,,100000.0,,,,-10,80,high,catalogue,SB-1220-H,84314990,18,NOS,,28,active,img/series/SB.svg,SB/SB-1220-H.pdf,
SB1220M,SB,SB-1220-M,crane,spring,0.5,200.0,12500.0,3750000.0,,,125000.0,,,,-10,80,high,catalogue,SB-1220-M,84314990,18,NOS,,28,active,img/series/SB.svg,SB/SB-1220-M.pdf,
SB1220P,SB,SB-1220-P,crane,spring,0.5,150.0,12500.0,3750000.0,,,166667.0,,,,-10,80,high,catalogue,SB-1220-P,84314990,18,NOS,,28,active,img/series/SB.svg,SB/SB-1220-P.pdf,
SB1220G,SB,SB-1220-G,crane,spring,0.5,250.0,14000.0,4200000.0,,,112000.0,,,,-10,80,high,catalogue,SB-1220-G,84314990,18,NOS,,28,active,img/series/SB.svg,SB/SB-1220-G.pdf,
SB1220N,SB,SB-1220-N,crane,spring,0.5,150.0,14000.0,4200000.0,,,186667.0,,,,-10,80,high,catalogue,SB-1220-N,84314990,18,NOS,,28,active,img/series/SB.svg,SB/SB-1220-N.pdf,
SB1220F,SB,SB-1220-F,crane,spring,0.5,240.0,16000.0,4800000.0,,,133333.0,,,,-10,80,high,catalogue,SB-1220-F,84314990,18,NOS,,28,active,img/series/SB.svg,SB/SB-1220-F.pdf,
SB1220J,SB,SB-1220-J,crane,spring,0.5,260.0,28000.0,8400000.0,,,215385.0,,,,-10,80,high,catalogue,SB-1220-J,84314990,18,NOS,,28,active,img/series/SB.svg,SB/SB-1220-J.pdf,
YSR88,YSRA,YSR-8-8,industrial,hydraulic,0.8,10.0,5.0,16000.0,0.33,47.0,625.0,,,,-10,80,high,catalogue,,84798999,18,NOS,,35,on_request,img/series/YSRA.svg,,SUSPENDED - catalogue under revision
YSR1212,YSRA,YSR-12-12,industrial,hydraulic,0.8,13.0,10.0,34000.0,0.66,95.0,962.0,,,,-10,80,high,catalogue,,84798999,18,NOS,,35,on_request,img/series/YSRA.svg,,SUSPENDED - catalogue under revision
YSR1620,YSRA,YSR-16-20,industrial,hydraulic,0.8,20.0,50.0,60000.0,3.31,473.0,3125.0,,,,-10,80,high,catalogue,,84798999,18,NOS,,35,on_request,img/series/YSRA.svg,,SUSPENDED - catalogue under revision
YSR2025,YSRA,YSR-20-25,industrial,hydraulic,0.8,25.0,80.0,90000.0,5.29,756.0,4000.0,,,,-10,80,high,catalogue,,84798999,18,NOS,,35,on_request,img/series/YSRA.svg,,SUSPENDED - catalogue under revision
ACX3350,ACX,ACX-33-50,industrial,hydraulic,0.8,48.5,350.0,105000.0,5.2,3280.0,9021.0,"0,1,2,3,4",,,-10,80,high,AC catalogue 2026,ACX3350-0; ACX3350-1; ACX3350-2; ACX3350-3; ACX3350-4,84798999,18,NOS,,21,active,img/series/ACX.svg,ACX/ACX-33-50.pdf,
ACX3650,ACX,ACX-36-50,industrial,hydraulic,0.8,48.5,350.0,105000.0,5.2,3280.0,9021.0,"0,1,2,3,4",,,-10,80,high,AC catalogue 2026,ACX3650-0; ACX3650-1; ACX3650-2; ACX3650-3; ACX3650-4,84798999,18,NOS,,21,active,img/series/ACX.svg,ACX/ACX-36-50.pdf,
