key,en,hi,mr,de,fr,es,ko,ta,te,kn,ml,bn,gu,ur,ar,th,vi
tagline,Selection & RFQ Suite,चयन और RFQ सुइट,निवड आणि RFQ सुइट,Auswahl & Anfrage,Sélection & demande de prix,Selección y solicitud,선정 및 견적 요청,,,,,,,,,,
nav_home,Home,होम,मुख्यपृष्ठ,Start,Accueil,Inicio,홈,,,,,,,,,,
nav_shock,Buffers & shock absorbers,बफर और शॉक एब्ज़ॉर्बर,बफर व शॉक अ‍ॅब्सॉर्बर,Puffer & Stoßdämpfer,Butoirs & amortisseurs,Topes y amortiguadores,버퍼 및 쇼크업소버,,,,,,,,,,
nav_wri,Wire rope isolators,वायर रोप आइसोलेटर,वायर रोप आयसोलेटर,Drahtseil-Isolatoren,Isolateurs à câble,Aisladores de cable,와이어로프 아이솔레이터,,,,,,,,,,
nav_rubber,Rubber mounts,रबर माउंट,रबर माउंट,Gummilager,Plots caoutchouc,Soportes de goma,고무 마운트,,,,,,,,,,
nav_admin,Admin,एडमिन,अ‍ॅडमिन,Admin,Admin,Admin,관리자,,,,,,,,,,
nav_login,Sign in,साइन इन,साइन इन,Anmelden,Connexion,Iniciar sesión,로그인,,,,,,,,,,
home_title,What do you need to protect?,आपको क्या सुरक्षित करना है?,तुम्हाला काय सुरक्षित करायचे आहे?,Was möchten Sie schützen?,Que devez-vous protéger ?,¿Qué necesita proteger?,무엇을 보호해야 합니까?,,,,,,,,,,
home_sub,"Pick a product line. Each selector calculates the duty in MKS units, ranks the models that pass every check, and lets you request drawings and a quotation in one step.","एक उत्पाद श्रेणी चुनें। हर सेलेक्टर MKS इकाइयों में गणना करता है, सभी जाँचों में पास मॉडल रैंक करता है, और एक ही चरण में ड्राइंग व कोटेशन का अनुरोध करने देता है।","उत्पादन प्रकार निवडा. प्रत्येक सिलेक्टर MKS एककांत गणना करतो, सर्व तपासण्या पास होणारी मॉडेल्स क्रमवारीत दाखवतो आणि एका पायरीत ड्रॉइंग व कोटेशन मागवू देतो.","Wählen Sie eine Produktlinie. Jeder Selektor rechnet in MKS-Einheiten, sortiert die Modelle, die alle Prüfungen bestehen, und ermöglicht Zeichnungs- und Angebotsanfrage in einem Schritt.","Choisissez une gamme. Chaque sélecteur calcule en unités MKS, classe les modèles qui passent tous les contrôles et permet de demander plans et devis en une étape.","Elija una línea de producto. Cada selector calcula en unidades MKS, clasifica los modelos que superan todas las comprobaciones y permite pedir planos y cotización en un paso.","제품군을 선택하세요. 각 선정 도구는 MKS 단위로 계산하고, 모든 검사를 통과한 모델을 순위화하며, 도면과 견적을 한 번에 요청할 수 있습니다.",,,,,,,,,,
line_crane,Crane buffers,क्रेन बफर,क्रेन बफर,Kranpuffer,Butoirs de pont roulant,Topes de grúa,크레인 버퍼,,,,,,,,,,
line_crane_sub,"EOT, gantry & wagon end stops — hydraulic, spring and polyurethane (IS 3177, ISO 8686, FEM, CMAA)","EOT, गैंट्री और वैगन एंड स्टॉप — हाइड्रोलिक, स्प्रिंग व पॉलीयूरेथेन (IS 3177, ISO 8686, FEM, CMAA)","EOT, गॅन्ट्री व वॅगन एंड स्टॉप — हायड्रॉलिक, स्प्रिंग व पॉलीयुरेथेन (IS 3177, ISO 8686, FEM, CMAA)","Endanschläge für Brücken-, Portalkrane & Wagen — hydraulisch, Feder, Polyurethan (IS 3177, ISO 8686, FEM, CMAA)","Butées de fin de course ponts, portiques et wagons — hydrauliques, à ressort, polyuréthane (IS 3177, ISO 8686, FEM, CMAA)","Topes finales para puentes grúa, pórticos y vagones — hidráulicos, de resorte y poliuretano (IS 3177, ISO 8686, FEM, CMAA)","천장·갠트리 크레인 및 대차 엔드스톱 — 유압, 스프링, 폴리우레탄 (IS 3177, ISO 8686, FEM, CMAA)",,,,,,,,,,
line_industrial,Industrial shock absorbers,औद्योगिक शॉक एब्ज़ॉर्बर,औद्योगिक शॉक अ‍ॅब्सॉर्बर,Industrie-Stoßdämpfer,Amortisseurs industriels,Amortiguadores industriales,산업용 쇼크업소버,,,,,,,,,,
line_industrial_sub,"Linear drives, swing arms, index tables, free-fall — AC / ACX / AD adjustable & self-compensating","लीनियर ड्राइव, स्विंग आर्म, इंडेक्स टेबल, फ्री-फॉल — AC / ACX / AD एडजस्टेबल व सेल्फ-कम्पेन्सेटिंग","लिनिअर ड्राइव्ह, स्विंग आर्म, इंडेक्स टेबल, फ्री-फॉल — AC / ACX / AD अ‍ॅडजस्टेबल व सेल्फ-कॉम्पेन्सेटिंग","Linearantriebe, Schwenkarme, Rundtische, freier Fall — AC / ACX / AD einstellbar & selbstkompensierend","Axes linéaires, bras pivotants, tables d’indexation, chute libre — AC / ACX / AD réglables et auto-compensés","Ejes lineales, brazos giratorios, mesas de indexado, caída libre — AC / ACX / AD ajustables y autocompensados","리니어 드라이브, 스윙암, 인덱스 테이블, 자유낙하 — AC / ACX / AD 조절식 및 자동보상식",,,,,,,,,,
line_wri,Wire rope isolators,वायर रोप आइसोलेटर,वायर रोप आयसोलेटर,Drahtseil-Isolatoren,Isolateurs à câble métallique,Aisladores de cable de acero,와이어로프 아이솔레이터,,,,,,,,,,
line_wri_sub,"Naval, vehicle, airborne & industrial shock and vibration isolation — AWRI all-metal isolators (JSS 55555, MIL-STD-810, BR 3021)","नौसैनिक, वाहन, एयरबोर्न व औद्योगिक शॉक-कंपन आइसोलेशन — AWRI ऑल-मेटल आइसोलेटर (JSS 55555, MIL-STD-810, BR 3021)","नौदल, वाहन, विमान व औद्योगिक शॉक-कंपन आयसोलेशन — AWRI ऑल-मेटल आयसोलेटर (JSS 55555, MIL-STD-810, BR 3021)","Schock- und Schwingungsisolierung für Marine, Fahrzeuge, Luftfahrt & Industrie — AWRI Ganzmetall-Isolatoren (JSS 55555, MIL-STD-810, BR 3021)","Isolation chocs et vibrations naval, véhicules, aéroporté et industriel — isolateurs tout métal AWRI (JSS 55555, MIL-STD-810, BR 3021)","Aislamiento de choque y vibración naval, vehicular, aerotransportado e industrial — aisladores metálicos AWRI (JSS 55555, MIL-STD-810, BR 3021)","함정, 차량, 항공, 산업용 충격·진동 절연 — AWRI 전금속 아이솔레이터 (JSS 55555, MIL-STD-810, BR 3021)",,,,,,,,,,
line_rubber,Rubber anti-vibration mounts,रबर एंटी-वाइब्रेशन माउंट,रबर अँटी-व्हायब्रेशन माउंट,Gummi-Schwingungsdämpfer,Plots anti-vibratoires caoutchouc,Soportes antivibratorios de goma,고무 방진 마운트,,,,,,,,,,
line_rubber_sub,"Gensets, compressors, HVAC, pumps, presses — moulded rubber mounts by load & disturbing frequency","जेनसेट, कंप्रेसर, HVAC, पंप, प्रेस — लोड व डिस्टर्बिंग फ्रीक्वेंसी के अनुसार मोल्डेड रबर माउंट","जनरेटर, कॉम्प्रेसर, HVAC, पंप, प्रेस — लोड व डिस्टर्बिंग फ्रिक्वेन्सीनुसार मोल्डेड रबर माउंट","Stromerzeuger, Kompressoren, HLK, Pumpen, Pressen — Gummilager nach Last und Erregerfrequenz","Groupes électrogènes, compresseurs, CVC, pompes, presses — plots caoutchouc selon charge et fréquence perturbatrice","Grupos electrógenos, compresores, HVAC, bombas, prensas — soportes de goma según carga y frecuencia perturbadora","발전기, 압축기, HVAC, 펌프, 프레스 — 하중과 가진 주파수에 따른 성형 고무 마운트",,,,,,,,,,
how_1,1 · Calculate,1 · गणना,1 · गणना,1 · Berechnen,1 · Calculer,1 · Calcular,1 · 계산,,,,,,,,,,
how_1_sub,"Enter mass, speed, cycles and the application picture. Energies, effective mass, reaction force and deceleration follow the catalogue method (ACE / Enidine equivalent).","द्रव्यमान, गति, चक्र और एप्लिकेशन चित्र दर्ज करें। ऊर्जा, प्रभावी द्रव्यमान, प्रतिक्रिया बल और मंदन कैटलॉग विधि (ACE / Enidine समतुल्य) से निकलते हैं।","वस्तुमान, वेग, चक्र आणि अ‍ॅप्लिकेशन चित्र भरा. ऊर्जा, प्रभावी वस्तुमान, प्रतिक्रिया बल आणि मंदन कॅटलॉग पद्धतीने (ACE / Enidine समतुल्य) काढले जातात.","Masse, Geschwindigkeit, Zyklen und Anwendungsbild eingeben. Energien, effektive Masse, Reaktionskraft und Verzögerung folgen der Katalogmethode (ACE-/Enidine-äquivalent).","Saisissez masse, vitesse, cycles et l’image d’application. Énergies, masse effective, force de réaction et décélération suivent la méthode catalogue (équivalent ACE / Enidine).","Introduzca masa, velocidad, ciclos y la imagen de aplicación. Energías, masa efectiva, fuerza de reacción y deceleración siguen el método de catálogo (equivalente ACE / Enidine).","질량, 속도, 사이클 및 적용 그림을 입력합니다. 에너지, 유효 질량, 반력 및 감속도는 카탈로그 방식(ACE / Enidine 동등)으로 계산됩니다.",,,,,,,,,,
how_2,2 · Select,2 · चयन,2 · निवड,2 · Auswählen,2 · Sélectionner,2 · Seleccionar,2 · 선정,,,,,,,,,,
how_2_sub,"Every model is checked for energy per stroke, energy per hour, force, deceleration limit and effective-mass band. Three labelled picks: smallest, gentlest stop, best-centred.","हर मॉडल की प्रति स्ट्रोक ऊर्जा, प्रति घंटा ऊर्जा, बल, मंदन सीमा और प्रभावी-द्रव्यमान बैंड जाँची जाती है। तीन चिह्नित विकल्प: सबसे छोटा, सबसे कोमल रोक, सर्वोत्तम-केंद्रित।","प्रत्येक मॉडेलची प्रति स्ट्रोक ऊर्जा, प्रति तास ऊर्जा, बल, मंदन मर्यादा आणि प्रभावी-वस्तुमान बँड तपासली जाते. तीन लेबल केलेले पर्याय: सर्वात लहान, सर्वात सौम्य थांबा, सर्वोत्तम-केंद्रित.","Jedes Modell wird auf Energie pro Hub, Energie pro Stunde, Kraft, Verzögerungsgrenze und effektives Massenband geprüft. Drei markierte Empfehlungen: kleinstes, sanftester Stopp, bestzentriert.","Chaque modèle est vérifié : énergie par course, énergie horaire, force, limite de décélération et plage de masse effective. Trois choix étiquetés : le plus petit, l’arrêt le plus doux, le mieux centré.","Cada modelo se comprueba por energía por carrera, energía por hora, fuerza, límite de deceleración y banda de masa efectiva. Tres opciones marcadas: el más pequeño, la parada más suave, el mejor centrado.","모든 모델은 행정당 에너지, 시간당 에너지, 힘, 감속 한계 및 유효질량 범위를 검사합니다. 세 가지 추천: 최소형, 가장 부드러운 정지, 최적 중심.",,,,,,,,,,
how_3,3 · Request,3 · अनुरोध,3 · विनंती,3 · Anfragen,3 · Demander,3 · Solicitar,3 · 요청,,,,,,,,,,
how_3_sub,"Send the selection as an RFQ. ADONI TECH reviews it, approves the quotation and emails it with the GA drawings — normally within one working day.","चयन को RFQ के रूप में भेजें। ADONI TECH समीक्षा करता है, कोटेशन स्वीकृत करता है और GA ड्राइंग के साथ ईमेल करता है — सामान्यतः एक कार्यदिवस में।","निवड RFQ म्हणून पाठवा. ADONI TECH ती तपासते, कोटेशन मंजूर करते आणि GA ड्रॉइंगसह ईमेल करते — सहसा एका कामकाजाच्या दिवसात.","Auswahl als Anfrage senden. ADONI TECH prüft sie, gibt das Angebot frei und sendet es mit den GA-Zeichnungen per E-Mail — in der Regel innerhalb eines Werktags.","Envoyez la sélection comme demande de prix. ADONI TECH la vérifie, approuve le devis et l’envoie par e-mail avec les plans d’ensemble — normalement sous un jour ouvré.","Envíe la selección como RFQ. ADONI TECH la revisa, aprueba la cotización y la envía por correo con los planos GA — normalmente en un día laborable.",선정 결과를 견적 요청으로 보내세요. ADONI TECH가 검토·승인 후 GA 도면과 함께 이메일로 보내드립니다 — 보통 1 영업일 이내.,,,,,,,,,,
sales_title,Sales team,सेल्स टीम,सेल्स टीम,Vertriebsteam,Équipe commerciale,Equipo de ventas,영업팀,,,,,,,,,,
sales_sub,"Logged-in sales users see list prices, USD export prices and lead times inside every selector, and can raise requests on behalf of customers.","लॉग-इन सेल्स उपयोगकर्ता हर सेलेक्टर में सूची मूल्य, USD निर्यात मूल्य और लीड टाइम देखते हैं और ग्राहकों की ओर से अनुरोध उठा सकते हैं।","लॉग-इन सेल्स वापरकर्त्यांना प्रत्येक सिलेक्टरमध्ये किंमती, USD निर्यात किंमती व लीड टाइम दिसतात आणि ग्राहकांच्या वतीने विनंती करता येते.","Angemeldete Vertriebsnutzer sehen Listenpreise, USD-Exportpreise und Lieferzeiten in jedem Selektor und können Anfragen im Namen von Kunden stellen.","Les commerciaux connectés voient les prix, les prix export USD et les délais dans chaque sélecteur et peuvent créer des demandes pour les clients.","Los usuarios de ventas conectados ven precios de lista, precios de exportación en USD y plazos en cada selector, y pueden crear solicitudes en nombre de clientes.","로그인한 영업 사용자는 모든 선정 도구에서 정가, USD 수출가, 납기를 볼 수 있고 고객을 대신해 요청할 수 있습니다.",,,,,,,,,,
step_project,Project,प्रोजेक्ट,प्रकल्प,Projekt,Projet,Proyecto,프로젝트,,,,,,,,,,
step_project_sub,name · customer,नाम · ग्राहक,नाव · ग्राहक,Name · Kunde,nom · client,nombre · cliente,이름 · 고객,,,,,,,,,,
step_app,Application,एप्लिकेशन,अ‍ॅप्लिकेशन,Anwendung,Application,Aplicación,적용,,,,,,,,,,
step_app_sub,pick the picture,चित्र चुनें,चित्र निवडा,Bild wählen,choisir l’image,elija la imagen,그림 선택,,,,,,,,,,
step_duty,Duty,ड्यूटी,ड्युटी,Belastung,Charge,Servicio,부하 조건,,,,,,,,,,
step_duty_sub,mass · speed · cycles,द्रव्यमान · गति · चक्र,वस्तुमान · वेग · चक्र,Masse · Geschwindigkeit · Zyklen,masse · vitesse · cycles,masa · velocidad · ciclos,질량 · 속도 · 사이클,,,,,,,,,,
step_results,Results,परिणाम,निकाल,Ergebnisse,Résultats,Resultados,결과,,,,,,,,,,
step_results_sub,ranked selection,रैंक किया चयन,क्रमवारी निवड,Rangliste,sélection classée,selección clasificada,순위 선정,,,,,,,,,,
step_request,Request,अनुरोध,विनंती,Anfrage,Demande,Solicitud,요청,,,,,,,,,,
step_request_sub,RFQ & drawings,RFQ व ड्राइंग,RFQ व ड्रॉइंग,Anfrage & Zeichnungen,devis & plans,RFQ y planos,견적 및 도면,,,,,,,,,,
project_title,Project details,प्रोजेक्ट विवरण,प्रकल्प तपशील,Projektdaten,Détails du projet,Datos del proyecto,프로젝트 정보,,,,,,,,,,
project_hint,Saved in this browser. Email and phone are needed only when you send the request.,इस ब्राउज़र में सहेजा गया। ईमेल और फ़ोन केवल अनुरोध भेजते समय चाहिए।,या ब्राउझरमध्ये जतन. ईमेल व फोन फक्त विनंती पाठवताना लागतात.,Wird in diesem Browser gespeichert. E-Mail und Telefon nur beim Senden der Anfrage nötig.,Enregistré dans ce navigateur. E-mail et téléphone requis seulement pour envoyer la demande.,Guardado en este navegador. Correo y teléfono solo se necesitan al enviar la solicitud.,이 브라우저에 저장됩니다. 이메일과 전화는 요청 전송 시에만 필요합니다.,,,,,,,,,,
f_pname,Project name,प्रोजेक्ट नाम,प्रकल्पाचे नाव,Projektname,Nom du projet,Nombre del proyecto,프로젝트명,,,,,,,,,,
ph_pname,e.g. Bay 3 gantry — end stops,जैसे बे 3 गैंट्री — एंड स्टॉप,उदा. बे 3 गॅन्ट्री — एंड स्टॉप,z. B. Halle 3 Portal — Endanschläge,ex. Portique baie 3 — butées,p. ej. Pórtico nave 3 — topes,예: 3번 베이 갠트리 — 엔드스톱,,,,,,,,,,
f_pcust,Customer / company,ग्राहक / कंपनी,ग्राहक / कंपनी,Kunde / Firma,Client / société,Cliente / empresa,고객 / 회사,,,,,,,,,,
f_pcontact,Contact person,संपर्क व्यक्ति,संपर्क व्यक्ती,Ansprechpartner,Contact,Persona de contacto,담당자,,,,,,,,,,
f_pref,Reference no.,संदर्भ संख्या,संदर्भ क्र.,Referenz-Nr.,N° de référence,N.º de referencia,참조 번호,,,,,,,,,,
f_pequip,Equipment,उपकरण,उपकरण,Anlage,Équipement,Equipo,장비,,,,,,,,,,
ph_pequip,"e.g. 20 t EOT crane, 22 m span","जैसे 20 t EOT क्रेन, 22 m स्पैन","उदा. 20 t EOT क्रेन, 22 m स्पॅन","z. B. 20-t-Brückenkran, 22 m Spannweite","ex. Pont roulant 20 t, portée 22 m","p. ej. Puente grúa 20 t, luz 22 m","예: 20 t 천장크레인, 스팬 22 m",,,,,,,,,,
f_pby,Prepared by,तैयारकर्ता,तयार करणारा,Erstellt von,Préparé par,Preparado por,작성자,,,,,,,,,,
f_email,Email,ईमेल,ईमेल,E-Mail,E-mail,Correo,이메일,,,,,,,,,,
f_phone,Phone / WhatsApp,फ़ोन / WhatsApp,फोन / WhatsApp,Telefon / WhatsApp,Téléphone / WhatsApp,Teléfono / WhatsApp,전화 / WhatsApp,,,,,,,,,,
f_country,Country,देश,देश,Land,Pays,País,국가,,,,,,,,,,
f_gstin,GSTIN,GSTIN,GSTIN,GSTIN,GSTIN,GSTIN,GSTIN,,,,,,,,,,
f_gstin_sub,(for the quotation),(कोटेशन के लिए),(कोटेशनसाठी),(für das Angebot),(pour le devis),(para la cotización),(견적용),,,,,,,,,,
next_app,Next: application →,आगे: एप्लिकेशन →,पुढे: अ‍ॅप्लिकेशन →,Weiter: Anwendung →,Suivant : application →,Siguiente: aplicación →,다음: 적용 →,,,,,,,,,,
load_example,Load a worked example,उदाहरण लोड करें,उदाहरण लोड करा,Beispiel laden,Charger un exemple,Cargar un ejemplo,예제 불러오기,,,,,,,,,,
app_title,Which of these is your application?,इनमें से आपका एप्लिकेशन कौन-सा है?,यापैकी तुमचे अ‍ॅप्लिकेशन कोणते?,Welche Anwendung trifft zu?,Quelle est votre application ?,¿Cuál es su aplicación?,다음 중 어떤 적용입니까?,,,,,,,,,,
app_hint,Click the picture that matches. The governing standard sets the design speed and the deceleration limit.,मेल खाते चित्र पर क्लिक करें। लागू मानक डिज़ाइन गति और मंदन सीमा तय करता है।,जुळणाऱ्या चित्रावर क्लिक करा. लागू मानक डिझाइन वेग व मंदन मर्यादा ठरवते.,Passendes Bild anklicken. Die Norm legt Auslegungsgeschwindigkeit und Verzögerungsgrenze fest.,Cliquez sur l’image correspondante. La norme fixe la vitesse de calcul et la limite de décélération.,Haga clic en la imagen que coincide. La norma fija la velocidad de diseño y el límite de deceleración.,해당 그림을 클릭하세요. 적용 규격이 설계 속도와 감속 한계를 정합니다.,,,,,,,,,,
series_title,Model type,मॉडल प्रकार,मॉडेल प्रकार,Modelltyp,Type de modèle,Tipo de modelo,모델 유형,,,,,,,,,,
series_hint,Optional — tick the types you would accept. Leave all unticked to search the whole catalogue.,वैकल्पिक — स्वीकार्य प्रकार चुनें। पूरे कैटलॉग में खोज के लिए कुछ न चुनें।,ऐच्छिक — स्वीकार्य प्रकार निवडा. संपूर्ण कॅटलॉग शोधण्यासाठी काहीही निवडू नका.,Optional — gewünschte Typen markieren. Ohne Auswahl wird der ganze Katalog durchsucht.,Facultatif — cochez les types acceptés. Rien de coché = tout le catalogue.,Opcional — marque los tipos aceptables. Sin marcar se busca en todo el catálogo.,선택 사항 — 허용 유형을 체크하세요. 체크하지 않으면 전체 카탈로그를 검색합니다.,,,,,,,,,,
models,models,मॉडल,मॉडेल,Modelle,modèles,modelos,모델,,,,,,,,,,
f_standard,Governing standard,लागू मानक,लागू मानक,Maßgebende Norm,Norme applicable,Norma aplicable,적용 규격,,,,,,,,,,
back,← Back,← पीछे,← मागे,← Zurück,← Retour,← Atrás,← 뒤로,,,,,,,,,,
next_duty,Next: duty →,आगे: ड्यूटी →,पुढे: ड्युटी →,Weiter: Belastung →,Suivant : charge →,Siguiente: servicio →,다음: 부하 조건 →,,,,,,,,,,
duty_hint,MKS units. Only the fields this case needs are shown.,MKS इकाइयाँ। केवल इस केस के लिए आवश्यक फ़ील्ड दिखाए गए हैं।,MKS एकके. फक्त या केससाठी लागणारी फील्ड दाखवली आहेत.,MKS-Einheiten. Nur die für diesen Fall nötigen Felder werden angezeigt.,Unités MKS. Seuls les champs nécessaires à ce cas sont affichés.,Unidades MKS. Solo se muestran los campos que necesita este caso.,MKS 단위. 이 케이스에 필요한 항목만 표시됩니다.,,,,,,,,,,
calc,Calculate and select →,गणना करें और चुनें →,गणना करा व निवडा →,Berechnen und auswählen →,Calculer et sélectionner →,Calcular y seleccionar →,계산 및 선정 →,,,,,,,,,,
results_title,Selection,चयन,निवड,Auswahl,Sélection,Selección,선정 결과,,,,,,,,,,
th_model,Model,मॉडल,मॉडेल,Modell,Modèle,Modelo,모델,,,,,,,,,,
th_series,Type,प्रकार,प्रकार,Typ,Type,Tipo,유형,,,,,,,,,,
th_stroke,Stroke mm,स्ट्रोक mm,स्ट्रोक mm,Hub mm,Course mm,Carrera mm,행정 mm,,,,,,,,,,
th_use_stroke,Use /str,उपयोग/स्ट्रोक,वापर/स्ट्रोक,Ausl. /Hub,Util. /course,Uso /carr.,사용률/행정,,,,,,,,,,
th_use_hour,Use /h,उपयोग/घंटा,वापर/तास,Ausl. /h,Util. /h,Uso /h,사용률/시간,,,,,,,,,,
th_decel,Decel m/s²,मंदन m/s²,मंदन m/s²,Verzög. m/s²,Décél. m/s²,Decel. m/s²,감속 m/s²,,,,,,,,,,
th_force,Force kN,बल kN,बल kN,Kraft kN,Force kN,Fuerza kN,힘 kN,,,,,,,,,,
th_me,Eff. mass kg,प्रभावी द्रव्यमान kg,प्रभावी वस्तुमान kg,Eff. Masse kg,Masse eff. kg,Masa ef. kg,유효질량 kg,,,,,,,,,,
th_price,Price,मूल्य,किंमत,Preis,Prix,Precio,가격,,,,,,,,,,
th_lead,Lead time,लीड टाइम,लीड टाइम,Lieferzeit,Délai,Plazo,납기,,,,,,,,,,
th_notes,Notes,टिप्पणी,टीप,Hinweise,Remarques,Notas,비고,,,,,,,,,,
clear,clear,ठीक,ठीक,ok,ok,ok,이상 없음,,,,,,,,,,
to_rfq,Request drawings & quotation →,ड्राइंग व कोटेशन का अनुरोध →,ड्रॉइंग व कोटेशन मागवा →,Zeichnungen & Angebot anfragen →,Demander plans et devis →,Solicitar planos y cotización →,도면 및 견적 요청 →,,,,,,,,,,
print_a4,Print this selection (A4),यह चयन प्रिंट करें (A4),ही निवड प्रिंट करा (A4),Auswahl drucken (A4),Imprimer la sélection (A4),Imprimir la selección (A4),선정 결과 인쇄 (A4),,,,,,,,,,
rfq_title,Request drawings and quotation,ड्राइंग और कोटेशन का अनुरोध,ड्रॉइंग व कोटेशन विनंती,Zeichnungen und Angebot anfragen,Demande de plans et de devis,Solicitud de planos y cotización,도면 및 견적 요청,,,,,,,,,,
rfq_hint,Your selection and calculation are attached. Drawings are released by ADONI TECH after review — usually within one working day.,आपका चयन और गणना संलग्न हैं। समीक्षा के बाद ADONI TECH ड्राइंग जारी करता है — सामान्यतः एक कार्यदिवस में।,तुमची निवड व गणना जोडलेली आहे. तपासणीनंतर ADONI TECH ड्रॉइंग देते — सहसा एका कामकाजाच्या दिवसात.,Ihre Auswahl und Berechnung sind angehängt. Zeichnungen gibt ADONI TECH nach Prüfung frei — meist innerhalb eines Werktags.,Votre sélection et le calcul sont joints. Les plans sont diffusés par ADONI TECH après vérification — généralement sous un jour ouvré.,Su selección y cálculo van adjuntos. ADONI TECH libera los planos tras revisarlos — normalmente en un día laborable.,선정 결과와 계산이 첨부됩니다. 도면은 ADONI TECH 검토 후 발행됩니다 — 보통 1 영업일 이내.,,,,,,,,,,
f_qty,Quantity per position,प्रति स्थिति मात्रा,प्रति पोझिशन संख्या,Stückzahl je Position,Quantité par position,Cantidad por posición,위치당 수량,,,,,,,,,,
f_mount,Mounting,माउंटिंग,माउंटिंग,Befestigung,Fixation,Montaje,장착,,,,,,,,,,
f_cap,Rod end,रॉड एंड,रॉड एंड,Stangenende,Extrémité de tige,Extremo del vástago,로드 끝단,,,,,,,,,,
f_formats,Drawing formats,ड्राइंग फ़ॉर्मेट,ड्रॉइंग फॉरमॅट,Zeichnungsformate,Formats de plans,Formatos de plano,도면 형식,,,,,,,,,,
f_message,Message,संदेश,संदेश,Nachricht,Message,Mensaje,메시지,,,,,,,,,,
ph_message,"Anything else we should know — ambient temperature, duty cycle, mounting constraints…","कुछ और — परिवेश तापमान, ड्यूटी साइकिल, माउंटिंग सीमाएँ…","आणखी काही — सभोवतालचे तापमान, ड्युटी सायकल, माउंटिंग मर्यादा…","Weitere Hinweise — Umgebungstemperatur, Einschaltdauer, Einbauraum…","Autres informations — température ambiante, cycle, contraintes de montage…","Otros datos — temperatura ambiente, ciclo de trabajo, restricciones de montaje…","기타 사항 — 주변 온도, 듀티 사이클, 장착 제약…",,,,,,,,,,
send_rfq,Send request,अनुरोध भेजें,विनंती पाठवा,Anfrage senden,Envoyer la demande,Enviar solicitud,요청 보내기,,,,,,,,,,
close,Close,बंद करें,बंद करा,Schließen,Fermer,Cerrar,닫기,,,,,,,,,,
design_speed,design speed,डिज़ाइन गति,डिझाइन वेग,Auslegungsgeschwindigkeit,vitesse de calcul,velocidad de diseño,설계 속도,,,,,,,,,,
of_rated,of rated,रेटेड का,रेटेडच्या,der Nenngeschwindigkeit,de la nominale,de la nominal,정격 대비,,,,,,,,,,
decel_limit,deceleration limit,मंदन सीमा,मंदन मर्यादा,Verzögerungsgrenze,limite de décélération,límite de deceleración,감속 한계,,,,,,,,,,
no_decel_limit,no deceleration limit,कोई मंदन सीमा नहीं,मंदन मर्यादा नाही,keine Verzögerungsgrenze,pas de limite de décélération,sin límite de deceleración,감속 한계 없음,,,,,,,,,,
no_result,"Nothing in the catalogue satisfies this duty. Try a longer stroke, more buffers, or relax the standard.","कैटलॉग में कुछ भी इस ड्यूटी को पूरा नहीं करता। लंबा स्ट्रोक, अधिक बफर या मानक में ढील आज़माएँ।","कॅटलॉगमधील काहीही ही ड्युटी पूर्ण करत नाही. जास्त स्ट्रोक, जास्त बफर किंवा मानक सैल करून पहा.","Kein Katalogmodell erfüllt diese Belastung. Längeren Hub, mehr Puffer oder andere Norm versuchen.","Aucun modèle du catalogue ne satisfait cette charge. Essayez une course plus longue, plus de butoirs ou une norme moins stricte.","Ningún modelo del catálogo cumple este servicio. Pruebe una carrera mayor, más topes o una norma menos estricta.","카탈로그의 어떤 모델도 이 조건을 만족하지 않습니다. 더 긴 행정, 더 많은 버퍼 또는 완화된 규격을 시도하세요.",,,,,,,,,,
models_pass,models pass every check.,मॉडल सभी जाँचों में पास।,मॉडेल सर्व तपासण्या पास.,Modelle bestehen alle Prüfungen.,modèles passent tous les contrôles.,modelos superan todas las comprobaciones.,개 모델이 모든 검사를 통과했습니다.,,,,,,,,,,
design_velocity,Design velocity,डिज़ाइन वेग,डिझाइन वेग,Auslegungsgeschwindigkeit,Vitesse de calcul,Velocidad de diseño,설계 속도,,,,,,,,,,
ke_per_buffer,kinetic energy per buffer,प्रति बफर गतिज ऊर्जा,प्रति बफर गतिज ऊर्जा,kinetische Energie je Puffer,énergie cinétique par butoir,energía cinética por tope,버퍼당 운동 에너지,,,,,,,,,,
stroke_dep_note,"Total energy, energy per hour and effective mass depend on the stroke — a drive still pushing adds F×S — so they are shown per model below.","कुल ऊर्जा, प्रति घंटा ऊर्जा और प्रभावी द्रव्यमान स्ट्रोक पर निर्भर हैं — चलती ड्राइव F×S जोड़ती है — इसलिए नीचे प्रति मॉडल दिखाए गए हैं।","एकूण ऊर्जा, प्रति तास ऊर्जा व प्रभावी वस्तुमान स्ट्रोकवर अवलंबून आहेत — चालू ड्राइव्ह F×S जोडते — म्हणून खाली प्रति मॉडेल दाखवले आहेत.","Gesamtenergie, Energie pro Stunde und effektive Masse hängen vom Hub ab — ein weiter schiebender Antrieb addiert F×S — daher je Modell angegeben.","L’énergie totale, l’énergie horaire et la masse effective dépendent de la course — un entraînement qui pousse encore ajoute F×S — elles sont donc indiquées par modèle.","La energía total, la energía por hora y la masa efectiva dependen de la carrera — un accionamiento que sigue empujando añade F×S — por eso se muestran por modelo.","총 에너지, 시간당 에너지, 유효질량은 행정에 따라 달라집니다 — 계속 미는 구동은 F×S를 더합니다 — 따라서 아래에 모델별로 표시됩니다.",,,,,,,,,,
pick_smallest,smallest,सबसे छोटा,सर्वात लहान,kleinstes,le plus petit,el más pequeño,최소형,,,,,,,,,,
pick_gentlest_stop,gentlest stop,सबसे कोमल रोक,सर्वात सौम्य थांबा,sanftester Stopp,arrêt le plus doux,parada más suave,가장 부드러운 정지,,,,,,,,,,
pick_best_centred_utilisation,best-centred utilisation,सर्वोत्तम-केंद्रित उपयोग,सर्वोत्तम-केंद्रित वापर,bestzentrierte Auslastung,utilisation la mieux centrée,utilización mejor centrada,최적 중심 사용률,,,,,,,,,,
show_more,Show {n} more models,{n} और मॉडल दिखाएँ,आणखी {n} मॉडेल दाखवा,{n} weitere Modelle,Afficher {n} modèles de plus,Mostrar {n} modelos más,{n}개 모델 더 보기,,,,,,,,,,
show_best,Show only the best {n},केवल सर्वश्रेष्ठ {n} दिखाएँ,फक्त सर्वोत्तम {n} दाखवा,Nur die besten {n},Afficher les {n} meilleurs,Mostrar solo los {n} mejores,상위 {n}개만 보기,,,,,,,,,,
need_email_phone,Email and phone are required so we can send the drawings and quotation.,ड्राइंग और कोटेशन भेजने के लिए ईमेल और फ़ोन आवश्यक हैं।,ड्रॉइंग व कोटेशन पाठवण्यासाठी ईमेल व फोन आवश्यक आहेत.,"E-Mail und Telefon sind nötig, damit wir Zeichnungen und Angebot senden können.",E-mail et téléphone sont requis pour l’envoi des plans et du devis.,Correo y teléfono son necesarios para enviar planos y cotización.,도면과 견적을 보내드리려면 이메일과 전화가 필요합니다.,,,,,,,,,,
sending,Sending your request…,आपका अनुरोध भेजा जा रहा है…,तुमची विनंती पाठवली जात आहे…,Anfrage wird gesendet…,Envoi de votre demande…,Enviando su solicitud…,요청을 보내는 중…,,,,,,,,,,
sending_sub,Attaching your calculation.,आपकी गणना संलग्न की जा रही है।,तुमची गणना जोडली जात आहे.,Berechnung wird angehängt.,Calcul joint.,Adjuntando su cálculo.,계산 결과를 첨부합니다.,,,,,,,,,,
sent_title,Request {n} sent,अनुरोध {n} भेजा गया,विनंती {n} पाठवली,Anfrage {n} gesendet,Demande {n} envoyée,Solicitud {n} enviada,요청 {n} 전송됨,,,,,,,,,,
sent_ack,A copy is on its way to your inbox. We normally reply within one working day.,एक प्रति आपके इनबॉक्स में आ रही है। हम सामान्यतः एक कार्यदिवस में उत्तर देते हैं।,एक प्रत तुमच्या इनबॉक्समध्ये येत आहे. आम्ही सहसा एका कामकाजाच्या दिवसात उत्तर देतो.,Eine Kopie ist unterwegs in Ihr Postfach. Wir antworten in der Regel innerhalb eines Werktags.,Une copie arrive dans votre boîte mail. Nous répondons généralement sous un jour ouvré.,Una copia va a su bandeja de entrada. Normalmente respondemos en un día laborable.,사본이 이메일로 발송되었습니다. 보통 1 영업일 이내에 회신합니다.,,,,,,,,,,
sent_noack,"We have it. Our engineer will come back to you, normally within one working day.",हमें मिल गया। हमारे इंजीनियर सामान्यतः एक कार्यदिवस में संपर्क करेंगे।,आम्हाला मिळाली. आमचे अभियंता सहसा एका कामकाजाच्या दिवसात संपर्क करतील.,"Angekommen. Unser Ingenieur meldet sich, in der Regel innerhalb eines Werktags.","Bien reçue. Notre ingénieur vous répondra, généralement sous un jour ouvré.","Recibida. Nuestro ingeniero le responderá, normalmente en un día laborable.",접수되었습니다. 엔지니어가 보통 1 영업일 이내에 연락드립니다.,,,,,,,,,,
sent_note,Your calculation is attached to it.,आपकी गणना इसके साथ संलग्न है।,तुमची गणना त्यासोबत जोडली आहे.,Ihre Berechnung ist beigefügt.,Votre calcul y est joint.,Su cálculo va adjunto.,계산 결과가 첨부되었습니다.,,,,,,,,,,
send_failed,Could not send,भेज नहीं सका,पाठवता आले नाही,Senden fehlgeschlagen,Envoi impossible,No se pudo enviar,전송 실패,,,,,,,,,,
gstin_ok,Valid,मान्य,वैध,Gültig,Valide,Válido,유효,,,,,,,,,,
gstin_bad,Not a valid GSTIN,अमान्य GSTIN,अवैध GSTIN,Ungültige GSTIN,GSTIN invalide,GSTIN no válido,유효하지 않은 GSTIN,,,,,,,,,,
did_you_mean,Did you mean,क्या आपका मतलब था,तुम्हाला म्हणायचे होते का,Meinten Sie,Vouliez-vous dire,¿Quiso decir,혹시,,,,,,,,,,
f_m,Mass,द्रव्यमान,वस्तुमान,Masse,Masse,Masa,질량,,,,,,,,,,
h_m,the mass that actually reaches the buffer,वह द्रव्यमान जो वास्तव में बफर तक पहुँचता है,बफरपर्यंत प्रत्यक्ष पोहोचणारे वस्तुमान,"die Masse, die tatsächlich auf den Puffer trifft",la masse qui atteint réellement le butoir,la masa que realmente llega al tope,실제로 버퍼에 닿는 질량,,,,,,,,,,
f_v,Rated travel speed,रेटेड गति,रेटेड वेग,Nenn-Fahrgeschwindigkeit,Vitesse nominale,Velocidad nominal,정격 주행 속도,,,,,,,,,,
h_v,the standard applies its own factor to this,मानक इस पर अपना गुणांक लगाता है,मानक यावर स्वतःचा गुणांक लावते,die Norm wendet darauf ihren Faktor an,la norme y applique son propre facteur,la norma aplica su propio factor,규격이 자체 계수를 적용합니다,,,,,,,,,,
f_v_ms,Impact velocity,प्रभाव वेग,आघात वेग,Aufprallgeschwindigkeit,Vitesse d’impact,Velocidad de impacto,충돌 속도,,,,,,,,,,
f_m2,Second mass,दूसरा द्रव्यमान,दुसरे वस्तुमान,Zweite Masse,Deuxième masse,Segunda masa,두 번째 질량,,,,,,,,,,
f_v2,Second speed,दूसरी गति,दुसरा वेग,Zweite Geschwindigkeit,Deuxième vitesse,Segunda velocidad,두 번째 속도,,,,,,,,,,
f_P,Travel motor power,ट्रैवल मोटर पावर,ट्रॅव्हल मोटर पॉवर,Fahrmotorleistung,Puissance moteur,Potencia del motor,주행 모터 출력,,,,,,,,,,
h_P,leave blank if the drive is off at impact,यदि प्रभाव के समय ड्राइव बंद हो तो खाली छोड़ें,आघाताच्या वेळी ड्राइव्ह बंद असल्यास रिकामे ठेवा,"leer lassen, wenn der Antrieb beim Aufprall aus ist",laisser vide si l’entraînement est coupé à l’impact,deje en blanco si el accionamiento está apagado al impactar,충돌 시 구동이 꺼져 있으면 비워 두세요,,,,,,,,,,
f_H_M,Stall torque factor,स्टॉल टॉर्क गुणांक,स्टॉल टॉर्क गुणांक,Kippmomentfaktor,Facteur de couple de décrochage,Factor de par de bloqueo,정동 토크 계수,,,,,,,,,,
h_H_M,normally 2.5,सामान्यतः 2.5,सहसा 2.5,"normalerweise 2,5","normalement 2,5","normalmente 2,5",보통 2.5,,,,,,,,,,
f_F,Propelling force,प्रणोदक बल,प्रणोदक बल,Vortriebskraft,Force motrice,Fuerza propulsora,추진력,,,,,,,,,,
h_F,cylinder or drive force still acting during the stroke,स्ट्रोक के दौरान सक्रिय सिलेंडर या ड्राइव बल,स्ट्रोकदरम्यान कार्यरत सिलिंडर किंवा ड्राइव्ह बल,"Zylinder- oder Antriebskraft, die während des Hubs weiter wirkt",force du vérin ou de l’entraînement encore active pendant la course,fuerza del cilindro o accionamiento que sigue actuando durante la carrera,행정 중에도 계속 작용하는 실린더 또는 구동력,,,,,,,,,,
f_C,Impacts per hour,प्रति घंटा प्रभाव,प्रति तास आघात,Stöße pro Stunde,Impacts par heure,Impactos por hora,시간당 충돌 횟수,,,,,,,,,,
f_n,Buffers taking the impact,प्रभाव लेने वाले बफर,आघात घेणारे बफर,"Puffer, die den Stoß aufnehmen",Butoirs recevant l’impact,Topes que reciben el impacto,충격을 받는 버퍼 수,,,,,,,,,,
f_mu,Friction coefficient,घर्षण गुणांक,घर्षण गुणांक,Reibungskoeffizient,Coefficient de frottement,Coeficiente de fricción,마찰 계수,,,,,,,,,,
f_H,Drop height,गिरने की ऊँचाई,पडण्याची उंची,Fallhöhe,Hauteur de chute,Altura de caída,낙하 높이,,,,,,,,,,
f_beta,Incline angle,झुकाव कोण,उतार कोन,Neigungswinkel,Angle d’inclinaison,Ángulo de inclinación,경사각,,,,,,,,,,
f_J,Moment of inertia,जड़त्व आघूर्ण,जडत्व आघूर्ण,Massenträgheitsmoment,Moment d’inertie,Momento de inercia,관성 모멘트,,,,,,,,,,
f_omega,Angular velocity,कोणीय वेग,कोनीय वेग,Winkelgeschwindigkeit,Vitesse angulaire,Velocidad angular,각속도,,,,,,,,,,
f_M_t,Torque,टॉर्क,टॉर्क,Drehmoment,Couple,Par,토크,,,,,,,,,,
f_r,Torque radius,टॉर्क त्रिज्या,टॉर्क त्रिज्या,Momentenradius,Rayon du couple,Radio del par,토크 반경,,,,,,,,,,
f_R,Buffer radius,बफर त्रिज्या,बफर त्रिज्या,Pufferradius,Rayon du butoir,Radio del tope,버퍼 반경,,,,,,,,,,
f_temp_min,Min. temperature,न्यूनतम तापमान,किमान तापमान,Min. Temperatur,Température min.,Temperatura mín.,최저 온도,,,,,,,,,,
f_temp_max,Max. temperature,अधिकतम तापमान,कमाल तापमान,Max. Temperatur,Température max.,Temperatura máx.,최고 온도,,,,,,,,,,
f_max_stroke,Available stroke,उपलब्ध स्ट्रोक,उपलब्ध स्ट्रोक,Verfügbarer Hub,Course disponible,Carrera disponible,사용 가능 행정,,,,,,,,,,
h_max_stroke,leave blank if unconstrained,सीमा न हो तो खाली छोड़ें,मर्यादा नसल्यास रिकामे ठेवा,"leer lassen, wenn keine Begrenzung",laisser vide si sans contrainte,deje en blanco si no hay límite,제한이 없으면 비워 두세요,,,,,,,,,,
case_C1,Crane or wagon into a fixed stop,क्रेन या वैगन स्थिर स्टॉप से,क्रेन किंवा वॅगन स्थिर स्टॉपवर,Kran oder Wagen gegen festen Anschlag,Pont ou wagon contre butée fixe,Grúa o vagón contra tope fijo,크레인/대차가 고정 스톱에 충돌,,,,,,,,,,
case_C1_sub,"one buffer, travel drive still pushing","एक बफर, ट्रैवल ड्राइव अभी भी धक्का दे रही","एक बफर, ट्रॅव्हल ड्राइव्ह अजून ढकलत आहे","ein Puffer, Fahrantrieb schiebt weiter","un butoir, entraînement encore actif","un tope, accionamiento sigue empujando","버퍼 1개, 주행 구동 계속 작동",,,,,,,,,,
case_C2,"Into a fixed stop, buffers both ends","स्थिर स्टॉप, दोनों ओर बफर","स्थिर स्टॉप, दोन्ही टोकांना बफर","Gegen festen Anschlag, Puffer beidseitig","Contre butée fixe, butoirs aux deux extrémités","Contra tope fijo, topes en ambos extremos","고정 스톱, 양단 버퍼",,,,,,,,,,
case_C2_sub,buffer on the crane and on the stop,क्रेन और स्टॉप दोनों पर बफर,क्रेन व स्टॉप दोन्हीवर बफर,Puffer am Kran und am Anschlag,butoir sur le pont et sur la butée,tope en la grúa y en el paro,크레인과 스톱 양쪽에 버퍼,,,,,,,,,,
case_C3,"Crane into crane, one side buffered","क्रेन से क्रेन, एक ओर बफर","क्रेन ते क्रेन, एका बाजूला बफर","Kran gegen Kran, einseitig gepuffert","Pont contre pont, un seul côté amorti","Grúa contra grúa, un lado con tope","크레인 간 충돌, 한쪽만 버퍼",,,,,,,,,,
case_C3_sub,"both moving, buffers on one only","दोनों चलते, बफर केवल एक पर","दोन्ही चालू, बफर फक्त एकावर","beide fahren, Puffer nur an einem","les deux en mouvement, butoirs sur un seul","ambas en movimiento, topes solo en una","둘 다 이동, 한쪽에만 버퍼",,,,,,,,,,
case_C4,"Crane into crane, both buffered","क्रेन से क्रेन, दोनों पर बफर","क्रेन ते क्रेन, दोन्हीवर बफर","Kran gegen Kran, beidseitig gepuffert","Pont contre pont, les deux amortis","Grúa contra grúa, ambas con tope","크레인 간 충돌, 양쪽 버퍼",,,,,,,,,,
case_C4_sub,buffers on both vehicles,दोनों वाहनों पर बफर,दोन्ही वाहनांवर बफर,Puffer an beiden Fahrzeugen,butoirs sur les deux engins,topes en ambos vehículos,양쪽 차량에 버퍼,,,,,,,,,,
case_I1,"Mass, no propelling force","द्रव्यमान, बिना प्रणोदक बल","वस्तुमान, प्रणोदक बल नाही",Masse ohne Vortriebskraft,Masse sans force motrice,Masa sin fuerza propulsora,추진력 없는 질량,,,,,,,,,,
case_I1_sub,"carriage coasting, drive disengaged","कैरिज मुक्त गति, ड्राइव अलग","कॅरेज मुक्त, ड्राइव्ह विलग","Schlitten rollt aus, Antrieb getrennt","chariot en roue libre, entraînement débrayé","carro en inercia, accionamiento desacoplado","캐리지 관성 주행, 구동 분리",,,,,,,,,,
case_I2,Mass with propelling force,प्रणोदक बल सहित द्रव्यमान,प्रणोदक बलासह वस्तुमान,Masse mit Vortriebskraft,Masse avec force motrice,Masa con fuerza propulsora,추진력 있는 질량,,,,,,,,,,
case_I2_sub,cylinder or drive still pushing,सिलेंडर या ड्राइव अभी भी धक्का दे रहा,सिलिंडर किंवा ड्राइव्ह अजून ढकलत आहे,Zylinder oder Antrieb schiebt weiter,vérin ou entraînement pousse encore,cilindro o accionamiento sigue empujando,실린더/구동이 계속 밈,,,,,,,,,,
case_I3,Mass with motor drive,मोटर ड्राइव सहित द्रव्यमान,मोटर ड्राइव्हसह वस्तुमान,Masse mit Motorantrieb,Masse avec entraînement moteur,Masa con accionamiento por motor,모터 구동 질량,,,,,,,,,,
case_I3_sub,motor stalls against the buffer,मोटर बफर के विरुद्ध रुकती है,मोटर बफरविरुद्ध थांबते,Motor kippt am Puffer,le moteur cale contre le butoir,el motor se bloquea contra el tope,모터가 버퍼에 걸려 정지,,,,,,,,,,
case_I4,Mass on driven rollers,चालित रोलर पर द्रव्यमान,चालित रोलरवर वस्तुमान,Masse auf angetriebenen Rollen,Masse sur rouleaux motorisés,Masa sobre rodillos motorizados,구동 롤러 위 질량,,,,,,,,,,
case_I4_sub,"friction drive, roller conveyor","घर्षण ड्राइव, रोलर कन्वेयर","घर्षण ड्राइव्ह, रोलर कन्व्हेयर","Reibantrieb, Rollenbahn","entraînement par friction, convoyeur à rouleaux","accionamiento por fricción, transportador de rodillos","마찰 구동, 롤러 컨베이어",,,,,,,,,,
case_I5,Free-falling mass,मुक्त-पतन द्रव्यमान,मुक्त-पतन वस्तुमान,Frei fallende Masse,Masse en chute libre,Masa en caída libre,자유낙하 질량,,,,,,,,,,
case_I5_sub,"drop height H, gravity through the stroke","गिरने की ऊँचाई H, स्ट्रोक में गुरुत्व","पडण्याची उंची H, स्ट्रोकमध्ये गुरुत्व","Fallhöhe H, Schwerkraft über den Hub","hauteur H, gravité pendant la course","altura H, gravedad durante la carrera","낙하 높이 H, 행정 중 중력 작용",,,,,,,,,,
case_I6,Mass on an incline,ढलान पर द्रव्यमान,उतारावर वस्तुमान,Masse auf schiefer Ebene,Masse sur plan incliné,Masa en plano inclinado,경사면 위 질량,,,,,,,,,,
case_I6_sub,gravity component plus friction,गुरुत्व घटक और घर्षण,गुरुत्व घटक व घर्षण,Gewichtskomponente plus Reibung,composante de gravité plus frottement,componente de gravedad más fricción,중력 성분과 마찰,,,,,,,,,,
case_I7,Swinging mass with propelling torque,प्रणोदक टॉर्क सहित झूलता द्रव्यमान,प्रणोदक टॉर्कसह झुलणारे वस्तुमान,Schwenkende Masse mit Antriebsmoment,Masse pivotante avec couple moteur,Masa oscilante con par motor,구동 토크 있는 회전 질량,,,,,,,,,,
case_I7_sub,pendulum or swing arm,पेंडुलम या स्विंग आर्म,पेंडुलम किंवा स्विंग आर्म,Pendel oder Schwenkarm,pendule ou bras pivotant,péndulo o brazo giratorio,진자 또는 스윙암,,,,,,,,,,
case_I8,Rotary index table,रोटरी इंडेक्स टेबल,रोटरी इंडेक्स टेबल,Rundschalttisch,Table d’indexation rotative,Mesa de indexado giratoria,로터리 인덱스 테이블,,,,,,,,,,
case_I8_sub,uniform weight about the axis,अक्ष के चारों ओर समान भार,अक्षाभोवती समान वजन,gleichmäßige Masse um die Achse,masse uniforme autour de l’axe,peso uniforme alrededor del eje,축 둘레 균일 하중,,,,,,,,,,
case_I9,Swinging arm with propelling force,प्रणोदक बल सहित स्विंग आर्म,प्रणोदक बलासह स्विंग आर्म,Schwenkarm mit Vortriebskraft,Bras pivotant avec force motrice,Brazo giratorio con fuerza propulsora,추진력 있는 스윙암,,,,,,,,,,
case_I9_sub,cylinder driving the arm,सिलेंडर आर्म चला रहा,सिलिंडर आर्म चालवतो,Zylinder treibt den Arm,vérin entraînant le bras,cilindro accionando el brazo,실린더가 암을 구동,,,,,,,,,,
case_I10,Mass lowered under control,नियंत्रित रूप से उतारा गया द्रव्यमान,नियंत्रित उतरवलेले वस्तुमान,Kontrolliert abgesenkte Masse,Masse descendue sous contrôle,Masa descendida bajo control,제어 하강 질량,,,,,,,,,,
case_I10_sub,"hoist overtravel, weight adds to the stroke","होइस्ट ओवरट्रैवल, भार स्ट्रोक में जुड़ता है","हॉइस्ट ओव्हरट्रॅव्हल, वजन स्ट्रोकमध्ये जोडले जाते","Hubwerk-Überfahrt, Gewicht wirkt über den Hub","surcourse du palan, le poids s’ajoute sur la course","sobrerrecorrido del polipasto, el peso se suma en la carrera","호이스트 오버트래블, 하중이 행정에 추가",,,,,,,,,,
case_I11,Swinging arm with propelling torque,प्रणोदक टॉर्क सहित स्विंग आर्म,प्रणोदक टॉर्कसह स्विंग आर्म,Schwenkarm mit Antriebsmoment,Bras pivotant avec couple moteur,Brazo giratorio con par motor,구동 토크 있는 스윙암,,,,,,,,,,
case_I11_sub,uniform weight distribution,समान भार वितरण,समान वजन वितरण,gleichmäßige Massenverteilung,répartition uniforme de la masse,distribución uniforme del peso,균일 하중 분포,,,,,,,,,,
rub_title,Rubber anti-vibration mounts,रबर एंटी-वाइब्रेशन माउंट,रबर अँटी-व्हायब्रेशन माउंट,Gummi-Schwingungsdämpfer,Plots anti-vibratoires caoutchouc,Soportes antivibratorios de goma,고무 방진 마운트,,,,,,,,,,
rub_hint,"Pick the machine type, enter the supported mass, number of mounts and the disturbing frequency (running speed). The selector finds mounts whose load band and natural frequency give the isolation you want.","मशीन प्रकार चुनें, समर्थित द्रव्यमान, माउंट संख्या और डिस्टर्बिंग फ्रीक्वेंसी (गति) दर्ज करें। सेलेक्टर वे माउंट खोजता है जिनका लोड बैंड और प्राकृतिक आवृत्ति वांछित आइसोलेशन दे।","मशीन प्रकार निवडा, वस्तुमान, माउंट संख्या व डिस्टर्बिंग फ्रिक्वेन्सी (वेग) भरा. सिलेक्टर हवे ते आयसोलेशन देणारे माउंट शोधतो.","Maschinentyp wählen, getragene Masse, Anzahl Lager und Erregerfrequenz (Drehzahl) eingeben. Der Selektor findet Lager, deren Lastbereich und Eigenfrequenz die gewünschte Isolierung ergeben.","Choisissez le type de machine, la masse, le nombre de plots et la fréquence perturbatrice (vitesse). Le sélecteur trouve les plots dont la plage de charge et la fréquence propre donnent l’isolation voulue.","Elija el tipo de máquina, la masa, el número de soportes y la frecuencia perturbadora (velocidad). El selector encuentra soportes cuya banda de carga y frecuencia natural dan el aislamiento deseado.","기계 유형, 지지 질량, 마운트 수, 가진 주파수(회전수)를 입력하세요. 하중 범위와 고유 진동수가 원하는 절연율을 주는 마운트를 찾습니다.",,,,,,,,,,
f_mass,Supported mass,समर्थित द्रव्यमान,आधारित वस्तुमान,Getragene Masse,Masse supportée,Masa soportada,지지 질량,,,,,,,,,,
f_mounts,Number of mounts,माउंट की संख्या,माउंटची संख्या,Anzahl Lager,Nombre de plots,Número de soportes,마운트 수,,,,,,,,,,
f_rpm,Running speed,चालन गति,चालण्याचा वेग,Drehzahl,Vitesse de rotation,Velocidad de giro,회전 속도,,,,,,,,,,
f_iso,Isolation wanted,वांछित आइसोलेशन,हवे ते आयसोलेशन,Gewünschte Isolierung,Isolation souhaitée,Aislamiento deseado,목표 절연율,,,,,,,,,,
f_cg,CG load factor,CG लोड गुणांक,CG लोड गुणांक,Schwerpunkt-Lastfaktor,Facteur de charge CG,Factor de carga CG,무게중심 하중 계수,,,,,,,,,,
rub_genset,Generator set,जेनरेटर सेट,जनरेटर सेट,Stromerzeuger,Groupe électrogène,Grupo electrógeno,발전기 세트,,,,,,,,,,
rub_genset_sub,"diesel / gas genset, 1500 rpm","डीज़ल / गैस जेनसेट, 1500 rpm","डिझेल / गॅस जनसेट, 1500 rpm","Diesel-/Gasaggregat, 1500 min⁻¹","groupe diesel / gaz, 1500 tr/min","grupo diésel / gas, 1500 rpm","디젤/가스 발전기, 1500 rpm",,,,,,,,,,
rub_comp,Compressor,कंप्रेसर,कॉम्प्रेसर,Kompressor,Compresseur,Compresor,압축기,,,,,,,,,,
rub_comp_sub,"reciprocating or screw, 1450 rpm","रेसिप्रोकेटिंग या स्क्रू, 1450 rpm","रेसिप्रोकेटिंग किंवा स्क्रू, 1450 rpm","Kolben oder Schraube, 1450 min⁻¹","à piston ou à vis, 1450 tr/min","alternativo o de tornillo, 1450 rpm","왕복식 또는 스크류, 1450 rpm",,,,,,,,,,
rub_hvac,HVAC / fan / AHU,HVAC / पंखा / AHU,HVAC / पंखा / AHU,HLK / Ventilator / RLT,CVC / ventilateur / CTA,HVAC / ventilador / UTA,HVAC / 팬 / 공조기,,,,,,,,,,
rub_hvac_sub,"low speed, 960 rpm","कम गति, 960 rpm","कमी वेग, 960 rpm","niedrige Drehzahl, 960 min⁻¹","basse vitesse, 960 tr/min","baja velocidad, 960 rpm","저속, 960 rpm",,,,,,,,,,
rub_pump,Pump / motor,पंप / मोटर,पंप / मोटर,Pumpe / Motor,Pompe / moteur,Bomba / motor,펌프 / 모터,,,,,,,,,,
rub_pump_sub,"2-pole, 2900 rpm","2-पोल, 2900 rpm","2-पोल, 2900 rpm","2-polig, 2900 min⁻¹","2 pôles, 2900 tr/min","2 polos, 2900 rpm","2극, 2900 rpm",,,,,,,,,,
rub_press,Press / punch,प्रेस / पंच,प्रेस / पंच,Presse / Stanze,Presse / poinçonneuse,Prensa / punzonadora,프레스 / 펀치,,,,,,,,,,
rub_press_sub,"impact machine, 300 strokes/min","इम्पैक्ट मशीन, 300 स्ट्रोक/मिनट","इम्पॅक्ट मशीन, 300 स्ट्रोक/मिनिट","Schlagmaschine, 300 Hübe/min","machine à chocs, 300 coups/min","máquina de impacto, 300 golpes/min","충격 기계, 300 스트로크/분",,,,,,,,,,
rub_panel,Panel / cabinet / instrument,पैनल / कैबिनेट / उपकरण,पॅनल / कॅबिनेट / उपकरण,Schaltschrank / Gerät,Armoire / instrument,Panel / armario / instrumento,패널 / 캐비닛 / 계기,,,,,,,,,,
rub_panel_sub,"protect from floor vibration, 50 Hz","फर्श कंपन से सुरक्षा, 50 Hz","फरशीच्या कंपनापासून संरक्षण, 50 Hz","Schutz vor Bodenschwingung, 50 Hz","protection contre les vibrations du sol, 50 Hz","proteger de la vibración del suelo, 50 Hz","바닥 진동으로부터 보호, 50 Hz",,,,,,,,,,
login_title,Sign in,साइन इन,साइन इन,Anmelden,Connexion,Iniciar sesión,로그인,,,,,,,,,,
login_hint,Enter your email — we send a 6-digit code. Sales team addresses see prices and lead times; the admin address opens the admin panel. Customers can use the selectors without signing in.,अपना ईमेल दर्ज करें — हम 6-अंकीय कोड भेजते हैं। सेल्स टीम के पते मूल्य व लीड टाइम देखते हैं; एडमिन पता एडमिन पैनल खोलता है। ग्राहक बिना साइन इन के सेलेक्टर उपयोग कर सकते हैं।,ईमेल भरा — आम्ही 6-अंकी कोड पाठवतो. सेल्स टीमला किंमती व लीड टाइम दिसतात; अ‍ॅडमिन पत्ता अ‍ॅडमिन पॅनल उघडतो. ग्राहक साइन इन न करता सिलेक्टर वापरू शकतात.,E-Mail eingeben — wir senden einen 6-stelligen Code. Vertriebsadressen sehen Preise und Lieferzeiten; die Admin-Adresse öffnet das Admin-Panel. Kunden können die Selektoren ohne Anmeldung nutzen.,Saisissez votre e-mail — nous envoyons un code à 6 chiffres. Les adresses commerciales voient prix et délais ; l’adresse admin ouvre le panneau admin. Les clients utilisent les sélecteurs sans connexion.,Introduzca su correo — enviamos un código de 6 dígitos. Las direcciones de ventas ven precios y plazos; la dirección admin abre el panel. Los clientes usan los selectores sin iniciar sesión.,"이메일을 입력하면 6자리 코드를 보냅니다. 영업팀 주소는 가격과 납기를 볼 수 있고, 관리자 주소는 관리자 패널을 엽니다. 고객은 로그인 없이 선정 도구를 사용할 수 있습니다.",,,,,,,,,,
send_code,Send code,कोड भेजें,कोड पाठवा,Code senden,Envoyer le code,Enviar código,코드 보내기,,,,,,,,,,
f_code,6-digit code,6-अंकीय कोड,6-अंकी कोड,6-stelliger Code,Code à 6 chiffres,Código de 6 dígitos,6자리 코드,,,,,,,,,,
verify,Verify,सत्यापित करें,पडताळा,Prüfen,Vérifier,Verificar,확인,,,,,,,,,,
send_again,Send again,फिर भेजें,पुन्हा पाठवा,Erneut senden,Renvoyer,Enviar de nuevo,다시 보내기,,,,,,,,,,
code_sent,Code sent — check your inbox (and spam).,कोड भेजा गया — इनबॉक्स (और स्पैम) देखें।,कोड पाठवला — इनबॉक्स (व स्पॅम) पहा.,Code gesendet — Posteingang (und Spam) prüfen.,Code envoyé — vérifiez votre boîte (et les spams).,Código enviado — revise su bandeja (y spam).,코드를 보냈습니다 — 받은편지함(스팸 포함)을 확인하세요.,,,,,,,,,,
code_not_sent,Mail could not be sent.,मेल नहीं भेजा जा सका।,मेल पाठवता आला नाही.,Mail konnte nicht gesendet werden.,L’e-mail n’a pas pu être envoyé.,No se pudo enviar el correo.,메일을 보낼 수 없습니다.,,,,,,,,,,
chosen_case,Your application,आपका अनुप्रयोग,तुमचा उपयोग,Ihre Anwendung,Votre application,Su aplicación,선택한 용도,Your application,Your application,Your application,Your application,Your application,Your application,Your application,Your application,Your application,Your application
change_case,Change,बदलें,बदला,Ändern,Modifier,Cambiar,변경,Change,Change,Change,Change,Change,Change,Change,Change,Change,Change
