model,family_wire_mm,height_mm,width_mm,weight_kg,hole_mm,thread,c_load_n,c_defl_mm,c_kv_n_mm,c_ks_n_mm,r_load_n,r_defl_mm,r_kv_n_mm,r_ks_n_mm,s_load_n,s_defl_mm,s_kv_n_mm,s_ks_n_mm,enidine_equiv,hsn,gst_rate,uom,price_inr,lead_time_days,status,image,ga_pdf,note
AWRI-16-10,16,18,25,0.02,4.7,M4X0.7,47,8.6,36,22,33,11.7,20,11.4,22,8.6,14,14,WR2-100 / WR2-200,84879000,18,NOS,1800,21,active,img/series/AWRI.svg,,
AWRI-16-20,16,20,28,0.02,4.7,M4X0.7,36,9.7,25,16,24,14.7,14,7,18,10.7,8.8,8.8,WR2-200 / WR3-100 / WR2-100,84879000,18,NOS,1850,21,active,img/series/AWRI.svg,,
AWRI-16-40,16,25,30,0.03,4.7,M4X0.7,31,14.7,17,8.8,18,20.8,11,4.7,16,15.7,5.3,5.3,WR2-400 / WR3-200 / WR3-100,84879000,18,NOS,2000,21,active,img/series/AWRI.svg,,
AWRI-16-60,16,28,33,0.03,4.7,M4X0.7,27,17.8,12,6.1,18,24.9,7,3,13,18.8,3.9,3.9,WR2-600 / WR3-400 / WR4-100,84879000,18,NOS,2050,21,active,img/series/AWRI.svg,,
AWRI-16-80,16,30,36,0.03,4.7,M4X0.7,22,18.8,11,5.3,18,26.9,6.1,2.6,13,19.8,3.2,3.2,WR2-700 / WR6-200 / WR4-100,84879000,18,NOS,2100,21,active,img/series/AWRI.svg,,
AWRI-16-71,16,33,38,0.03,4.7,M4X0.7,20,21.8,7.9,3.9,16,31,5.3,1.9,11,22.9,2.3,2.3,WR2-800 / WR3-600 / WR6-300,84879000,18,NOS,2150,21,active,img/series/AWRI.svg,,
AWRI-24-10,24,23,28,0.06,5.6,M5 X 0.8,95,8.6,72,44,68,12.7,42,22,48,9.7,26,24,WR3-100 / WR2-200 / WR2-400,84879000,18,NOS,2150,21,active,img/series/AWRI.svg,,
AWRI-24-20,24,25,30,0.07,5.6,M5 X 0.9,84,10.7,56,33,58,15.7,31,15.4,44,11.7,20,18,WR2-400 / WR3-200 / WR3-100,84879000,18,NOS,2300,21,active,img/series/AWRI.svg,,
AWRI-24-40,24,28,33,0.07,5.6,M5 X 0.10,68,13.7,41,21,48,18.8,23,10.6,34,13.7,13,12,WR2-600 / WR3-400 / WR4-100,84879000,18,NOS,2400,21,active,img/series/AWRI.svg,,
AWRI-24-60,24,33,38,0.07,5.6,M5 X 0.11,48,17.8,25,12,40,25.9,4,6.2,30,18.8,7.8,7,WR2-800 / WR3-600 / WR6-300,84879000,18,NOS,2500,21,active,img/series/AWRI.svg,,
AWRI-24-70,24,36,41,0.07,5.6,M5 X 0.12,44,20.8,20,8.7,34,27.9,12,4.8,24,21.8,5.9,5.3,WR3-700 / WR6-400 / WR4-500,84879000,18,NOS,2650,21,active,img/series/AWRI.svg,,
AWRI-24-80,24,38,43,0.08,5.6,M5 X 0.13,44,22.9,18,7.7,30,32,10.6,3.9,20,23.9,4.8,4.4,WR3-800 / WR6-500 / WR4-500,84879000,18,NOS,2750,21,active,img/series/AWRI.svg,,
AWRI-32-10,32,28,36,0.12,6.9,M 6 X 1.0,256,9.7,185,109,179,13.7,103,55,133,9.7,67,56,WR4-100 / WR2-700 / WR6-200,84879000,18,NOS,2900,21,active,img/series/AWRI.svg,,
AWRI-32-20,32,30,38,0.12,6.9,M 6 X 1.0,233,8.7,150,82,166,17.3,84,42,118,11.7,52,43,WR4-200 / WR2-700 / WR6-200,84879000,18,NOS,3000,21,active,img/series/AWRI.svg,,
AWRI-32-40,32,33,41,0.12,6.9,M 6 X 1.0,200,11.7,114,62,142,19.8,64,30,112,14.7,37,31,WR4-400 / WR5-400 / WR2-800,84879000,18,NOS,3100,21,active,img/series/AWRI.svg,,
AWRI-32-50,32,36,43,0.12,6.9,M 6 X 1.0,187,13.7,94,47,133,23.9,53,24,102,17.8,30,25,WR4-500 / WR3-700 / WR3-800,84879000,18,NOS,3250,21,active,img/series/AWRI.svg,,
AWRI-32-60,32,38,46,0.12,6.9,M 6 X 1.0,170,16.8,80,38,122,26.9,47,19,96,19.8,23,19,WR4-600 / WR5-600 / WR3-800,84879000,18,NOS,3350,21,active,img/series/AWRI.svg,,
AWRI-32-70,32,41,48,0.12,6.9,M 6 X 1.0,160,18.6,68,30,113,31,38,14,85,22.9,19,16,WR4-700 / WR6-600 / WR6-700,84879000,18,NOS,3500,21,active,img/series/AWRI.svg,,
AWRI-32-80,32,43,51,0.12,6.9,M 6 X 1.0,140,21.8,55,25,100,34,31,13,74,25.9,14,12,WR4-800 / WR6-700 / WR4-700,84879000,18,NOS,3600,21,active,img/series/AWRI.svg,,
AWRI-40-20,40,30,41,0.15,6.9,M 6 X 1.0,473,12.7,289,152,330,17.8,160,78,231,12.7,95,73,WR5-200 / WR4-200 / WR4-400,84879000,18,NOS,3700,21,active,img/series/AWRI.svg,,
AWRI-40-40,40,33,43,0.15,6.9,M 6 X 1.0,402,14.7,221,114,283,21.8,125,55,203,15.7,69,53,WR5-400 / WR4-400 / WR4-500,84879000,18,NOS,3850,21,active,img/series/AWRI.svg,,
AWRI-40-60,40,38,48,0.16,6.9,M 6 X 1.0,334,19.8,151,70,237,27.9,86,36,173,20.8,43,33,WR5-600 / WR4-600 / WR4-700,84879000,18,NOS,3950,21,active,img/series/AWRI.svg,,
AWRI-40-80,40,46,53,0.17,6.9,M 6 X 1.0,280,24.9,109,48,196,35.6,62,23,144,25.9,30,23,WR5-800 / WR4-800 / WR8-200,84879000,18,NOS,4100,21,active,img/series/AWRI.svg,,
AWRI-40-90,40,53,64,0.18,6.9,M 6 X 1.0,224,32,75,30,150,44.7,40,14,52,33.5,10.3,7.9,WR5-900 / WR8-400,84879000,18,NOS,4200,21,active,img/series/AWRI.svg,,
AWRI-48-20,48,30,36,0.19,6.9,M 6 X 1.0,954,8.6,751,472,694,12.7,443,233,463,8.6,291,246,,84879000,18,NOS,,21,active,img/series/AWRI.svg,,
AWRI-48-30,48,33,38,0.2,6.9,M 6 X 1.0,926,11.7,598,328,666,16.8,335,164,463,11.7,193,172,,84879000,18,NOS,,21,active,img/series/AWRI.svg,,
AWRI-48-40,48,36,41,0.21,6.9,M 6 X 1.0,781,13.7,451,246,562,19.8,256,121,434,14.7,146,123,,84879000,18,NOS,,21,active,img/series/AWRI.svg,,
AWRI-48-50,48,38,43,0.21,6.9,M 6 X 1.0,751,15.7,391,198,532,22.9,224,98,404,16.8,121,102,,84879000,18,NOS,,21,active,img/series/AWRI.svg,,
AWRI-48-60,48,41,46,0.22,6.9,M 6 X 1.0,666,18.8,317,152,485,26.9,183,75,367,19.8,91,77,,84879000,18,NOS,,21,active,img/series/AWRI.svg,,
AWRI-48-70,48,43,48,0.25,6.9,M 6 X 1.0,636,20.8,276,125,455,29,160,64,347,21.8,78,66,,84879000,18,NOS,,21,active,img/series/AWRI.svg,,
AWRI-48-80,48,51,58,0.26,6.9,M 6 X 1.0,475,26.9,177,75,338,38.1,100,36,260,27.9,46,38,,84879000,18,NOS,,21,active,img/series/AWRI.svg,,
AWRI-48-85,48,54,75,0.27,6.9,M 6 X 1.0,307,29.5,107,43,230,41.7,64,23,75,31,14.3,12,,84879000,18,NOS,,21,active,img/series/AWRI.svg,,
AWRI-48-90,48,62,88,0.28,6.9,M 6 X 1.0,231,36.6,70,27,177,51.3,43,14,52,38.1,7,5.8,,84879000,18,NOS,,21,active,img/series/AWRI.svg,,
AWRI-48-95,48,81,107,0.29,6.9,M 6 X 1.0,156,52.8,38,13,118,74.7,24,7,29,55.9,3,2.5,,84879000,18,NOS,,21,active,img/series/AWRI.svg,,
AWRI-64-20,64,48,56,0.38,6.9,M 6 X 1.0,1088,17.8,534,254,778,25.9,301,124,592,18,154,121,,84879000,18,NOS,,21,active,img/series/AWRI.svg,,
AWRI-64-40,64,54,64,0.41,6.9,M 6 X 1.0,932,23.9,372,162,653,34,211,81,498,25,100,49,,84879000,18,NOS,,21,active,img/series/AWRI.svg,,
AWRI-64-50,64,59,71,0.43,6.9,M 6 X 1.0,778,29,274,110,546,29,152,56,435,30,68,54,,84879000,18,NOS,,21,active,img/series/AWRI.svg,,
AWRI-64-60,64,64,80,0.47,6.9,M 6 X 1.0,623,32,211,84,449,45,120,42,343,34,52,41,,84879000,18,NOS,,21,active,img/series/AWRI.svg,,
AWRI-64-70,64,64,89,0.52,6.9,M 6 X 1.0,540,32,178,71,382,45,100,35,310,34,45,35,,84879000,18,NOS,,21,active,img/series/AWRI.svg,,
AWRI-64-80,64,67,95,0.54,6.9,M 6 X 1.0,490,35.6,152,59,347,50,85,29,280,38,35,28,,84879000,18,NOS,,21,active,img/series/AWRI.svg,,
AWRI-64-85,64,67,100,0.57,6.9,M 6 X 1.0,455,35.6,140,55,320,50,78,26,249,38,32,25,,84879000,18,NOS,,21,active,img/series/AWRI.svg,,
AWRI-64-90,64,83,108,0.59,6.9,M 6 X 1.0,415,50.8,103,35,292,71,57,17,218,52,22,18,,84879000,18,NOS,,21,active,img/series/AWRI.svg,,
AWRI-95-20,95,71,84,1.1,9,M8 X 1.25,2055,34,512,251,1651,48,330,144,1277,36,182,145,,84879000,18,NOS,,21,active,img/series/AWRI.svg,,
AWRI-95-30,95,74,89,1.13,9,M8 X 1.25,1900,37,448,213,1526,51,291,123,1214,39,157,123,,84879000,18,NOS,,21,active,img/series/AWRI.svg,,
AWRI-95-26,95,71,84,0.83,7.4,M 6 X 1.0,1526,34,385,189,1246,47.8,248,108,965,36,137,108,,84879000,18,NOS,,21,active,img/series/AWRI.svg,,
AWRI-95-40,95,76,105,1.2,9,M8 X 1.25,1495,40,339,152,1246,55,223,91,934,42,108,85,,84879000,18,NOS,,21,active,img/series/AWRI.svg,,
AWRI-95-36,95,74,89,0.85,7.4,M 6 X 1.0,1432,37,336,160,1152,51.8,218,94,903,39,118,93,,84879000,18,NOS,,21,active,img/series/AWRI.svg,,
AWRI-95-50,95,83,108,1.26,9,M8 X 1.25,1370,44,287,127,1152,63,192,76,872,47,91,72,,84879000,18,NOS,,21,active,img/series/AWRI.svg,,
AWRI-95-60,95,89,108,1.3,9,M8 X 1.25,1308,49,259,111,1089,71,172,66,841,52,84,67,,84879000,18,NOS,,21,active,img/series/AWRI.svg,,
AWRI-95-46,95,76,105,0.9,7.4,M 6 X 1.0,1121,40,252,118,934,56,168,69,685,42,81,64,,84879000,18,NOS,,21,active,img/series/AWRI.svg,,
AWRI-95-56,95,83,108,0.95,7.4,M 6 X 1.0,1028,44,216,95,872,63,144,56,654,47,69,54,,84879000,18,NOS,,21,active,img/series/AWRI.svg,,
AWRI-95-66,95,89,108,0.98,7.4,M 6 X 1.0,997,49,192,84,841,71,129,49,623,52,62,48,,84879000,18,NOS,,21,active,img/series/AWRI.svg,,
AWRI-95-70,95,105,121,1.43,9,M8 X 1.25,748,66,120,46,654,91,84,30,374,68,38,30,,84879000,18,NOS,,21,active,img/series/AWRI.svg,,
AWRI-95-80,95,108,140,1.5,9,M8 X 1.25,592,68,94,36,522,95,66,23,280,71,27,21,,84879000,18,NOS,,21,active,img/series/AWRI.svg,,
AWRI-95-76,95,105,121,1.07,7.4,M 6 X 1.0,554,66,91,35,477,91,62,23,280,68,28,22,,84879000,18,NOS,,21,active,img/series/AWRI.svg,,
AWRI-95-86,95,108,140,1.12,7.4,M 6 X 1.0,448,68,71,27,392,95,50,17,218,71,21,16,,84879000,18,NOS,,21,active,img/series/AWRI.svg,,
AWRI-127-20,127,76,92,1.81,9,M8 X 1.25,5107,32,1336,660,3612,44.7,755,330,4110,33,412,323,,84879000,18,NOS,,21,active,img/series/AWRI.svg,,
AWRI-127-30,127,83,102,1.91,9,M8 X 1.25,4266,38,991,466,3020,52.8,557,235,2398,40,290,290,,84879000,18,NOS,,21,active,img/series/AWRI.svg,,
AWRI-127-40,127,89,105,2,9,M8 X 1.25,4017,43,858,389,2864,61,489,193,2180,45,242,190,,84879000,18,NOS,,21,active,img/series/AWRI.svg,,
AWRI-127-26,127,76,92,1.36,9,M8 X 1.25,3830,32,1002,493,2709,44,567,248,2086,33,309,244,,84879000,18,NOS,,21,active,img/series/AWRI.svg,,
AWRI-127-60,127,95,121,2.22,9,M8 X 1.25,3238,48.8,640,274,2274,68.6,363,137,1681,50,169,133,,84879000,18,NOS,,21,active,img/series/AWRI.svg,,
AWRI-127-36,127,83,102,1.43,9,M8 X 1.25,3208,38,743,349,2274,52,417,176,1712,40,218,220,,84879000,18,NOS,,21,active,img/series/AWRI.svg,,
AWRI-127-46,127,89,105,1.5,9,M8 X 1.25,3020,43,645,291,2149,61,386,147,1588,45,182,184,,84879000,18,NOS,,21,active,img/series/AWRI.svg,,
AWRI-127-70,127,108,133,2.4,9,M8 X 1.25,2440,59.9,470,192,1961,84.8,270,95,1121,56,113,89,,84879000,18,NOS,,21,active,img/series/AWRI.svg,,
AWRI-127-66,127,95,121,1.67,9,M8 X 1.25,2430,48,480,206,1712,68,272,105,1277,50,127,130,,84879000,18,NOS,,21,active,img/series/AWRI.svg,,
AWRI-127-85,127,137,156,2.9,9,M8 X 1.25,2117,85.9,290,104,1495,121.9,164,52,623,90,64,51,,84879000,18,NOS,,21,active,img/series/AWRI.svg,,
AWRI-127-76,127,108,133,1.81,9,M8 X 1.25,2055,60,358,144,1463,84,202,72,841,56,84,84,,84879000,18,NOS,,21,active,img/series/AWRI.svg,,
AWRI-127-86,127,124,144,2.02,9,M8 X 1.25,1806,74,274,101,1277,105,154,53,623,77,64,65,,84879000,18,NOS,,21,active,img/series/AWRI.svg,,
AWRI-127-90,127,155,180,3.09,9,M8 X 1.25,1681,102.6,207,69,1152,144.8,116,35,407,107,42,33,,84879000,18,NOS,,21,active,img/series/AWRI.svg,,
AWRI-127-89,127,137,156,2.18,9,M8 X 1.25,1588,85,216,76,1121,121.9,123,40,468,90,46,48,,84879000,18,NOS,,21,active,img/series/AWRI.svg,,
AWRI-127-96,127,155,180,2.31,9,M8 X 1.25,1277,102,155,52,872,144,87,28,311,107,32,33,,84879000,18,NOS,,21,active,img/series/AWRI.svg,,
AWRI-127-80,127,124,144,2.7,9,M8 X 1.25,2300,74.7,365,135,1712,105.7,206,69,841,77,84,66,,84879000,18,NOS,,21,active,img/series/AWRI.svg,,
AWRI-159-20,159,89,102,3,11,M10 X 1.25,9030,31,2346,1189,6352,45,1331,587,4920,34,734,577,,84879000,18,NOS,,21,active,img/series/AWRI.svg,,
AWRI-159-30,159,99,112,3.2,11,M10 X 1.25,7660,38,1763,853,5573,54,1037,427,4235,40,525,413,,84879000,18,NOS,,21,active,img/series/AWRI.svg,,
AWRI-159-40,159,102,121,3.4,11,M10 X 1.25,7100,42,1547,706,5013,59,878,350,3674,43,431,339,,84879000,18,NOS,,21,active,img/series/AWRI.svg,,
AWRI-159-60,159,109,135,3.7,11,M10 X 1.25,5886,49,1150,498,4172,71,655,248,2989,52,301,237,,84879000,18,NOS,,21,active,img/series/AWRI.svg,,
AWRI-159-70,159,119,152,4,11,M10 X 1.25,4920,58,862,353,3487,83,490,174,2117,61,213,167,,84879000,18,NOS,,21,active,img/series/AWRI.svg,,
AWRI-159-80,159,127,165,4.31,11,M10 X 1.25,4452,67,715,274,3144,94,399,137,1712,70,172,136,,84879000,18,NOS,,21,active,img/series/AWRI.svg,,
AWRI-159-90,159,135,178,4.63,11,M10 X 1.25,3923,73,598,223,2771,101,333,113,1370,76,137,108,,84879000,18,NOS,,21,active,img/series/AWRI.svg,,
AWRI-222-20,222,133,140,8.4,13.5,M12X1.75,17200,50.8,3306,1414,12210,72.4,1887,704,8600,53.3,865,680,,84879000,18,NOS,,21,active,img/series/AWRI.svg,,
AWRI-222-40,222,152,165,9.53,13.5,M12X1.75,13200,67.3,2117,819,9340,96.5,1204,405,4960,71.1,498,392,,84879000,18,NOS,,21,active,img/series/AWRI.svg,,
AWRI-222-60,222,159,175,9.9,13.5,M12X1.75,11830,74.9,1777,657,8410,105.4,1005,329,4050,77.5,407,320,,84879000,18,NOS,,21,active,img/series/AWRI.svg,,
AWRI-222-80,222,191,210,11.5,13.5,M12X1.75,9160,102.9,1121,368,6230,144.8,627,183,2270,108,228,179,,84879000,18,NOS,,21,active,img/series/AWRI.svg,,
AWRI-222-90,222,216,235,12.7,13.5,M12X1.75,7600,125,820,252,4550,177.8,458,125,1550,132,157,123,,84879000,18,NOS,,21,active,img/series/AWRI.svg,,
AWRI-222-95,222,216,286,13.9,13.5,M12X1.75,5210,125,525,193,2950,177.8,297,98,1060,132,108,85,,84879000,18,NOS,,21,active,img/series/AWRI.svg,,
AWRI-286-20,286,178,216,20.9,19.8,M18x2.5,23600,67.3,3788,1462,16760,96.5,2157,725,8850,71.1,890,700,,84879000,18,NOS,,21,active,img/series/AWRI.svg,,
AWRI-286-40,286,216,241,24,19.8,M18x2.5,20300,102.9,2484,816,13830,144.8,1390,409,5040,108,505,398,,84879000,18,NOS,,21,active,img/series/AWRI.svg,,
AWRI-286-60,286,235,260,25,19.8,M18x2.5,17888,119.4,1981,623,11140,168.9,1119,311,3840,125,385,303,,84879000,18,NOS,,21,active,img/series/AWRI.svg,,
AWRI-318-20,318,178,210,24,19.8,M18x2.5,30270,67.3,4855,1873,21420,96.5,2755,927,11650,71.1,1175,923,,84879000,18,NOS,,21,active,img/series/AWRI.svg,,
AWRI-318-40,318,216,248,27,19.8,M18x2.5,24650,96.5,3130,1061,17370,137.2,2158,529,6500,101.6,655,515,,84879000,18,NOS,,21,active,img/series/AWRI.svg,,
ACWRI-12-10,AC12,17,19,0.05,3.3,M3X0.5,3.3,6.4,3.9,1.9,1.6,8.6,2.1,0.79,1.1,7.9,0.7,0.7,,84879000,18,NOS,,21,active,img/series/AWRI.svg,,
ACWRI-12-20,AC12,19,20,0.05,3.3,M3X0.5,2.4,8.4,2.8,1.2,1.1,10.9,1.5,0.44,0.89,9.9,0.44,0.44,,84879000,18,NOS,,21,active,img/series/AWRI.svg,,
ACWRI-12-30,AC12,23,23,0.05,3.3,M3X0.5,1.8,11.9,1.75,0.61,0.76,14.7,0.88,0.26,0.71,13.2,0.26,0.26,,84879000,18,NOS,,21,active,img/series/AWRI.svg,,
ACWRI-12-40,AC12,26,26,0.05,3.3,M3X0.5,1.3,15,1.31,0.39,0.49,18.3,0.53,0.12,0.53,16.3,0.13,0.13,,84879000,18,NOS,,21,active,img/series/AWRI.svg,,
ACWRI-16-10,AC16,16,20,0.06,3.3,M3X0.5,12,5.8,11,6.1,5.8,8.1,6.1,2.8,5.6,7.4,3.0,3.0,,84879000,18,NOS,,21,active,img/series/AWRI.svg,,
ACWRI-16-20,AC16,19,21,0.06,3.3,M3X0.5,9.3,8.4,8.8,4.0,4.9,10.9,5.3,1.9,4.0,9.9,1.8,1.8,,84879000,18,NOS,,21,active,img/series/AWRI.svg,,
ACWRI-16-30,AC16,23,24,0.07,3.3,M3X0.5,6.7,11.7,5.3,1.9,3.3,14.5,3.2,1.0,2.9,13,1.1,1.1,,84879000,18,NOS,,21,active,img/series/AWRI.svg,,
ACWRI-16-40,AC16,27,27,0.07,3.3,M3X0.5,4.9,15.7,3.5,1.2,2.2,19.1,1.9,0.51,2.0,17.3,0.53,0.53,,84879000,18,NOS,,21,active,img/series/AWRI.svg,,
ACWRI-24-10,AC24,19,22,0.09,3.3,M3X0.5,32,7.1,26.4,13.2,13.2,9.4,15.4,5.8,13.2,8.4,6.7,6.1,,84879000,18,NOS,,21,active,img/series/AWRI.svg,,
ACWRI-24-20,AC24,23,24,0.1,3.3,M3X0.5,24,10.4,13.2,6.8,11,13.2,9.7,3.5,9.4,11.9,3.9,3.5,,84879000,18,NOS,,21,active,img/series/AWRI.svg,,
ACWRI-24-30,AC24,27,27,0.11,3.3,M3X0.5,20,14.2,9.3,3.9,7.4,17.3,6.4,2,6.8,15.5,2,1.8,,84879000,18,NOS,,21,active,img/series/AWRI.svg,,
ACWRI-24-40,AC24,33,30,0.12,3.3,M3X0.5,12,19.3,6.4,2.1,4.8,22.9,3.9,1,4.8,20.6,1.2,1.1,,84879000,18,NOS,,21,active,img/series/AWRI.svg,,
ACWRI-32-10,AC32,42,47,0.64,3.3,M3X0.5,29,19.6,14.4,7,13.2,19.3,7.7,3.4,10,17.3,2.3,2,,84879000,18,NOS,,21,active,img/series/AWRI.svg,,
ACWRI-32-20,AC32,53,54,0.64,3.3,M3X0.5,22,29.7,7.2,3,8,29.5,3.7,1.3,8.5,26.4,1.3,1.1,,84879000,18,NOS,,21,active,img/series/AWRI.svg,,
ACWRI-32-30,AC32,60,59,0.68,3.3,M3X0.5,16,35.8,5.3,1.9,6.4,37.1,2.6,0.9,6.4,33.3,0.9,0.7,,84879000,18,NOS,,21,active,img/series/AWRI.svg,,
ACWRI-32-40,AC32,75,68,0.77,3.3,M3X0.5,8,49.3,2.6,0.9,4.3,52.3,1.3,0.4,4,47,0.4,0.35,,84879000,18,NOS,,21,active,img/series/AWRI.svg,,
ACWRI-40-10,AC40,41,48,0.72,7.0,M6X1.0,104,19.6,29,14.3,31,18.3,15.6,8,26,16.5,5.7,4.8,,84879000,18,NOS,3700,21,active,img/series/AWRI.svg,,
ACWRI-40-20,AC40,53,54,0.77,7.0,M6X1.0,50,28.7,14.3,5.8,17,28.4,6.9,3,17,25.7,2.7,2.3,,84879000,18,NOS,,21,active,img/series/AWRI.svg,,
ACWRI-40-30,AC40,60,59,0.82,7.0,M6X1.0,35,34.8,10.3,4.2,14.3,36.1,4.7,1.8,14.3,32.5,1.8,1.5,,84879000,18,NOS,,21,active,img/series/AWRI.svg,,
ACWRI-40-40,AC40,76,67,0.9,7.0,M6X1.0,21,49.3,5.8,1.8,8.7,53.8,2.5,0.9,8.7,48.5,0.9,0.75,,84879000,18,NOS,,21,active,img/series/AWRI.svg,,
ACWRI-48-10,AC48,47,54,0.9,7.0,M6X1.0,185,22.1,42,21,52,22.9,21,10.3,52,20.6,10.3,8.7,,84879000,18,NOS,,21,active,img/series/AWRI.svg,,
ACWRI-48-20,AC48,55,59,1.0,7.0,M6X1.0,121,29.5,26,12.5,43,30.5,12.5,6.9,40,27.4,5.7,4.8,,84879000,18,NOS,,21,active,img/series/AWRI.svg,,
ACWRI-48-30,AC48,64,64,1.04,7.0,M6X1.0,87,37.6,19.5,6.9,29,38.1,10.3,3.7,29,34.3,3.4,2.9,,84879000,18,NOS,,21,active,img/series/AWRI.svg,,
ACWRI-48-40,AC48,79,73,1.07,7.0,M6X1.0,47,51.6,10.3,3.4,17,53.3,4.6,1.6,21,48,2.1,1.8,,84879000,18,NOS,,21,active,img/series/AWRI.svg,,
