src,rel,file,kind,series,model,bk,mount,in_products,bytes
CB,AKHG 100-100-FS.pdf,AKHG 100-100-FS.pdf,ga,AKHG,AKHG 100-100,AKHG100100,FS,Y,87702
CB,AKHG 100-120-FS.pdf,AKHG 100-120-FS.pdf,ga,AKHG,AKHG 100-120,AKHG100120,FS,Y,88234
CB,AKHG 100-200-FS.pdf,AKHG 100-200-FS.pdf,ga,AKHG,AKHG 100-200,AKHG100200,FS,Y,90355
CB,AKHG 100-250-FS.pdf,AKHG 100-250-FS.pdf,ga,AKHG,AKHG 100-250,AKHG100250,FS,Y,91652
CB,AKHG 100-300-FS.PDF,AKHG 100-300-FS.PDF,ga,AKHG,AKHG 100-300,AKHG100300,FS,Y,92894
CB,AKHG 100-400-FS.pdf,AKHG 100-400-FS.pdf,ga,AKHG,AKHG 100-400,AKHG100400,FS,Y,92467
CB,AKHG 100-400-RS.pdf,AKHG 100-400-RS.pdf,ga,AKHG,AKHG 100-400,AKHG100400,RS,Y,87486
CB,AKHG 100-50-FS.pdf,AKHG 100-50-FS.pdf,ga,AKHG,AKHG 100-50,AKHG10050,FS,Y,87728
CB,AKHG 100-50-RS.PDF,AKHG 100-50-RS.PDF,ga,AKHG,AKHG 100-50,AKHG10050,RS,Y,86949
CB,AKHG 100-500-FS.pdf,AKHG 100-500-FS.pdf,ga,AKHG,AKHG 100-500,AKHG100500,FS,Y,93833
CB,AKHG 100-600-FS.pdf,AKHG 100-600-FS.pdf,ga,AKHG,AKHG 100-600,AKHG100600,FS,Y,95385
CB,AKHG 100-800-FS.pdf,AKHG 100-800-FS.pdf,ga,AKHG,AKHG 100-800,AKHG100800,FS,Y,91114
CB,AKHG 130-250-FS.pdf,AKHG 130-250-FS.pdf,ga,AKHG,AKHG 130-250,AKHG130250,FS,Y,91919
CB,AKHG 130-250-RS.pdf,AKHG 130-250-RS.pdf,ga,AKHG,AKHG 130-250,AKHG130250,RS,Y,91851
CB,AKHG 130-300-FS.pdf,AKHG 130-300-FS.pdf,ga,AKHG,AKHG 130-300,AKHG130300,FS,Y,93315
CB,AKHG 130-300-RS.PDF,AKHG 130-300-RS.PDF,ga,AKHG,AKHG 130-300,AKHG130300,RS,Y,92848
CB,AKHG 130-400-FS.pdf,AKHG 130-400-FS.pdf,ga,AKHG,AKHG 130-400,AKHG130400,FS,Y,95716
CB,AKHG 130-400-RS.pdf,AKHG 130-400-RS.pdf,ga,AKHG,AKHG 130-400,AKHG130400,RS,Y,95546
CB,AKHG 130-500-FS.pdf,AKHG 130-500-FS.pdf,ga,AKHG,AKHG 130-500,AKHG130500,FS,Y,89993
CB,AKHG 130-500-RS.pdf,AKHG 130-500-RS.pdf,ga,AKHG,AKHG 130-500,AKHG130500,RS,Y,97256
CB,AKHG 130-600-FS.pdf,AKHG 130-600-FS.pdf,ga,AKHG,AKHG 130-600,AKHG130600,FS,Y,90853
CB,AKHG 130-800-FS.pdf,AKHG 130-800-FS.pdf,ga,AKHG,AKHG 130-800,AKHG130800,FS,Y,92752
CB,AKHG 140-100-FS.pdf,AKHG 140-100-FS.pdf,ga,AKHG,AKHG 140-100,AKHG140100,FS,Y,88624
CB,AKHG 140-150-FS.pdf,AKHG 140-150-FS.pdf,ga,AKHG,AKHG 140-150,AKHG140150,FS,Y,89844
CB,AKHG 140-150-RS.pdf,AKHG 140-150-RS.pdf,ga,AKHG,AKHG 140-150,AKHG140150,RS,Y,89385
CB,AKHG 140-200-FS.pdf,AKHG 140-200-FS.pdf,ga,AKHG,AKHG 140-200,AKHG140200,FS,Y,91562
CB,AKHG 140-200-RS.pdf,AKHG 140-200-RS.pdf,ga,AKHG,AKHG 140-200,AKHG140200,RS,Y,90822
CB,AKHG 140-300-FS.pdf,AKHG 140-300-FS.pdf,ga,AKHG,AKHG 140-300,AKHG140300,FS,Y,93659
CB,AKHG 140-300-RS.pdf,AKHG 140-300-RS.pdf,ga,AKHG,AKHG 140-300,AKHG140300,RS,Y,93150
CB,AKHG 140-400-FS.pdf,AKHG 140-400-FS.pdf,ga,AKHG,AKHG 140-400,AKHG140400,FS,Y,224548
CB,AKHG 140-400-RS.pdf,AKHG 140-400-RS.pdf,ga,AKHG,AKHG 140-400,AKHG140400,RS,Y,88650
CB,AKHG 140-500-FS.pdf,AKHG 140-500-FS.pdf,ga,AKHG,AKHG 140-500,AKHG140500,FS,Y,98127
CB,AKHG 140-500-RS.pdf,AKHG 140-500-RS.pdf,ga,AKHG,AKHG 140-500,AKHG140500,RS,Y,89210
CB,AKHG 140-600-FS.pdf,AKHG 140-600-FS.pdf,ga,AKHG,AKHG 140-600,AKHG140600,FS,Y,100466
CB,AKHG 140-600-RS.pdf,AKHG 140-600-RS.pdf,ga,AKHG,AKHG 140-600,AKHG140600,RS,Y,90451
CB,AKHG 140-800-FS.pdf,AKHG 140-800-FS.pdf,ga,AKHG,AKHG 140-800,AKHG140800,FS,Y,93387
CB,AKHG 150-100-FS.pdf,AKHG 150-100-FS.pdf,ga,AKHG,AKHG 150-100,AKHG150100,FS,Y,89358
CB,AKHG 150-100-RS.pdf,AKHG 150-100-RS.pdf,ga,AKHG,AKHG 150-100,AKHG150100,RS,Y,88523
CB,AKHG 150-1000-RS.pdf,AKHG 150-1000-RS.pdf,ga,AKHG,AKHG 150-1000,AKHG1501000,RS,Y,95511
CB,AKHG 150-200-FS.pdf,AKHG 150-200-FS.pdf,ga,AKHG,AKHG 150-200,AKHG150200,FS,Y,91996
CB,AKHG 150-200-RS.pdf,AKHG 150-200-RS.pdf,ga,AKHG,AKHG 150-200,AKHG150200,RS,Y,91508
CB,AKHG 150-300-FS.PDF,AKHG 150-300-FS.PDF,ga,AKHG,AKHG 150-300,AKHG150300,FS,Y,90454
CB,AKHG 150-300-RS.pdf,AKHG 150-300-RS.pdf,ga,AKHG,AKHG 150-300,AKHG150300,RS,Y,89855
CB,AKHG 150-400-FS.pdf,AKHG 150-400-FS.pdf,ga,AKHG,AKHG 150-400,AKHG150400,FS,Y,92187
CB,AKHG 150-400-RS.pdf,AKHG 150-400-RS.pdf,ga,AKHG,AKHG 150-400,AKHG150400,RS,Y,91300
CB,AKHG 150-500-FS.pdf,AKHG 150-500-FS.pdf,ga,AKHG,AKHG 150-500,AKHG150500,FS,Y,94123
CB,AKHG 150-500-RS.pdf,AKHG 150-500-RS.pdf,ga,AKHG,AKHG 150-500,AKHG150500,RS,Y,91983
CB,AKHG 150-600-RS.pdf,AKHG 150-600-RS.pdf,ga,AKHG,AKHG 150-600,AKHG150600,RS,Y,93498
CB,AKHG 150-800-FS.pdf,AKHG 150-800-FS.pdf,ga,AKHG,AKHG 150-800,AKHG150800,FS,Y,96989
CB,AKHG 150-800-RS.pdf,AKHG 150-800-RS.pdf,ga,AKHG,AKHG 150-800,AKHG150800,RS,Y,93645
CB,AKHG 180-100-FS.pdf,AKHG 180-100-FS.pdf,ga,AKHG,AKHG 180-100,AKHG180100,FS,Y,89138
CB,AKHG 180-200-FS.pdf,AKHG 180-200-FS.pdf,ga,AKHG,AKHG 180-200,AKHG180200,FS,Y,90850
CB,AKHG 180-200-RS.pdf,AKHG 180-200-RS.pdf,ga,AKHG,AKHG 180-200,AKHG180200,RS,Y,92741
CB,AKHG 180-300-FS.pdf,AKHG 180-300-FS.pdf,ga,AKHG,AKHG 180-300,AKHG180300,FS,N,92791
CB,AKHG 180-300-RS.pdf,AKHG 180-300-RS.pdf,ga,AKHG,AKHG 180-300,AKHG180300,RS,N,95170
CB,AKHG 180-400-FS.pdf,AKHG 180-400-FS.pdf,ga,AKHG,AKHG 180-400,AKHG180400,FS,Y,92758
CB,AKHG 180-400-RS.pdf,AKHG 180-400-RS.pdf,ga,AKHG,AKHG 180-400,AKHG180400,RS,Y,97588
CB,AKHG 180-500-FS.PDF,AKHG 180-500-FS.PDF,ga,AKHG,AKHG 180-500,AKHG180500,FS,Y,93771
CB,AKHG 180-500-RS.pdf,AKHG 180-500-RS.pdf,ga,AKHG,AKHG 180-500,AKHG180500,RS,Y,100089
CB,AKHG 180-600-FS.PDF,AKHG 180-600-FS.PDF,ga,AKHG,AKHG 180-600,AKHG180600,FS,Y,95127
CB,AKHG 180-600-RS.pdf,AKHG 180-600-RS.pdf,ga,AKHG,AKHG 180-600,AKHG180600,RS,Y,95850
CB,AKHG 180-800-FS.PDF,AKHG 180-800-FS.PDF,ga,AKHG,AKHG 180-800,AKHG180800,FS,Y,104897
CB,AKHG 180-800-RS.pdf,AKHG 180-800-RS.pdf,ga,AKHG,AKHG 180-800,AKHG180800,RS,Y,98990
CB,AKHG 65-150-RS.PDF,AKHG 65-150-RS.PDF,ga,AKHG,AKHG 65-150,AKHG65150,RS,Y,50119
CB,akhg 65.pdf,akhg 65.pdf,other,,,,,,69341
CB,AKHG 85-100-FS.PDF,AKHG 85-100-FS.PDF,ga,AKHG,AKHG 85-100,AKHG85100,FS,Y,49157
CB,AKHG 85-100-RS.PDF,AKHG 85-100-RS.PDF,ga,AKHG,AKHG 85-100,AKHG85100,RS,Y,49001
CB,AKHG 85-150-FS.PDF,AKHG 85-150-FS.PDF,ga,AKHG,AKHG 85-150,AKHG85150,FS,Y,49892
CB,AKHG 85-150-RS.PDF,AKHG 85-150-RS.PDF,ga,AKHG,AKHG 85-150,AKHG85150,RS,Y,49581
CB,AKHG 85-200-FS.PDF,AKHG 85-200-FS.PDF,ga,AKHG,AKHG 85-200,AKHG85200,FS,Y,51254
CB,AKHG 85-200-RS.PDF,AKHG 85-200-RS.PDF,ga,AKHG,AKHG 85-200,AKHG85200,RS,Y,51158
CB,AKHG 85-250-FS.PDF,AKHG 85-250-FS.PDF,ga,AKHG,AKHG 85-250,AKHG85250,FS,Y,43313
CB,AKHG 85-250-RS.PDF,AKHG 85-250-RS.PDF,ga,AKHG,AKHG 85-250,AKHG85250,RS,Y,51604
CB,AKHG 85-50-FS.PDF,AKHG 85-50-FS.PDF,ga,AKHG,AKHG 85-50,AKHG8550,FS,Y,48872
CB,AKHG 85-50-RS.PDF,AKHG 85-50-RS.PDF,ga,AKHG,AKHG 85-50,AKHG8550,RS,Y,48864
CB,AKHG- 65-100-FS.pdf,AKHG- 65-100-FS.pdf,ga,AKHG,AKHG 65-100,AKHG65100,FS,Y,115325
CB,AKHG- 65-125-FS (2).pdf,AKHG- 65-125-FS (2).pdf,ga,AKHG,AKHG 65-125,AKHG65125,FS,Y,77675
CB,AKHG- 65-125-FS.PDF,AKHG- 65-125-FS.PDF,ga,AKHG,AKHG 65-125,AKHG65125,FS,Y,81956
CB,AKHG- 65-150-RS.pdf,AKHG- 65-150-RS.pdf,ga,AKHG,AKHG 65-150,AKHG65150,RS,Y,82081
CB,AKHG- 65-20-FS.PDF,AKHG- 65-20-FS.PDF,ga,AKHG,AKHG 65-20,AKHG6520,FS,N,80827
CB,AKHG- 65-200-FS.pdf,AKHG- 65-200-FS.pdf,ga,AKHG,AKHG 65-200,AKHG65200,FS,Y,86379
CB,AKHG- 65-200-RS.pdf,AKHG- 65-200-RS.pdf,ga,AKHG,AKHG 65-200,AKHG65200,RS,Y,85967
CB,AKHG- 65-25-RS.pdf,AKHG- 65-25-RS.pdf,ga,AKHG,AKHG 65-25,AKHG6525,RS,Y,81449
CB,AKHG- 65-50-FS.pdf,AKHG- 65-50-FS.pdf,ga,AKHG,AKHG 65-50,AKHG6550,FS,Y,80938
CB,AKHG- 65-50-RS.pdf,AKHG- 65-50-RS.pdf,ga,AKHG,AKHG 65-50,AKHG6550,RS,Y,81046
CB,AKHG-140-300-FF.PDF,AKHG-140-300-FF.PDF,ga,AKHG,AKHG 140-300,AKHG140300,FF,Y,49406
CB,AKHG-65-75-FS.pdf,AKHG-65-75-FS.pdf,ga,AKHG,AKHG 65-75,AKHG6575,FS,Y,81958
CB,AKHG-65-75-RS.pdf,AKHG-65-75-RS.pdf,ga,AKHG,AKHG 65-75,AKHG6575,RS,Y,82962
CB,AKHG100-100-FS.pdf,AKHG100-100-FS.pdf,ga,AKHG,AKHG 100-100,AKHG100100,FS,Y,87953
CB,AKHG100-100-RS.pdf,AKHG100-100-RS.pdf,ga,AKHG,AKHG 100-100,AKHG100100,RS,Y,87940
CB,AKHG100-120-RS.pdf,AKHG100-120-RS.pdf,ga,AKHG,AKHG 100-120,AKHG100120,RS,Y,88353
CB,AKHG100-150-FS.pdf,AKHG100-150-FS.pdf,ga,AKHG,AKHG 100-150,AKHG100150,FS,Y,89130
CB,AKHG100-150-RS.pdf,AKHG100-150-RS.pdf,ga,AKHG,AKHG 100-150,AKHG100150,RS,Y,88619
CB,AKHG100-200-RS.pdf,AKHG100-200-RS.pdf,ga,AKHG,AKHG 100-200,AKHG100200,RS,Y,90446
CB,AKHG100-250-RS.pdf,AKHG100-250-RS.pdf,ga,AKHG,AKHG 100-250,AKHG100250,RS,Y,91046
CB,AKHG100-300-FS.pdf,AKHG100-300-FS.pdf,ga,AKHG,AKHG 100-300,AKHG100300,FS,Y,221758
CB,AKHG100-300-RS.pdf,AKHG100-300-RS.pdf,ga,AKHG,AKHG 100-300,AKHG100300,RS,Y,92421
CB,AKHG100-400-RS.pdf,AKHG100-400-RS.pdf,ga,AKHG,AKHG 100-400,AKHG100400,RS,Y,89348
CB,AKHG100-80-FS.pdf,AKHG100-80-FS.pdf,ga,AKHG,AKHG 100-80,AKHG10080,FS,Y,87394
CB,AKHG100-80-RS.pdf,AKHG100-80-RS.pdf,ga,AKHG,AKHG 100-80,AKHG10080,RS,Y,87478
CB,AKHG100.pdf,AKHG100.pdf,other,,,,,,65024
CB,AKHG140-600-FRONT MOUNT.PDF,AKHG140-600-FRONT MOUNT.PDF,ga,AKHG,AKHG 140-600,AKHG140600,,Y,49420
CB,EI 100X100-FR.pdf,EI 100X100-FR.pdf,ga,EI,EI 100-100,EI100X100,FR,Y,73720
CB,EI 100X200-FR.pdf,EI 100X200-FR.pdf,ga,EI,EI 100-200,EI100X200,FR,Y,73907
CB,EI 100X400-FR.pdf,EI 100X400-FR.pdf,ga,EI,EI 100-400,EI100X400,FR,Y,73832
CB,EI 100X50-FR.pdf,EI 100X50-FR.pdf,ga,EI,EI 100-50,EI100X50,FR,Y,74409
CB,EI 120-100-FR.pdf,EI 120-100-FR.pdf,ga,EI,EI 120-100,EI120X100,FR,Y,70851
CB,EI 120X100-FR.pdf,EI 120X100-FR.pdf,ga,EI,EI 120-100,EI120X100,FR,Y,61351
CB,EI 120X150-FR.pdf,EI 120X150-FR.pdf,ga,EI,EI 120-150,EI120X150,FR,Y,73731
CB,EI 120X200-FR.pdf,EI 120X200-FR.pdf,ga,EI,EI 120-200,EI120X200,FR,Y,73588
CB,EI 120X300-FR.pdf,EI 120X300-FR.pdf,ga,EI,EI 120-300,EI120X300,FR,Y,73730
CB,EI 130-250-FR.pdf,EI 130-250-FR.pdf,ga,EI,EI 130-250,EI130X250,FR,Y,74910
CB,EI 130-400-FR.pdf,EI 130-400-FR.pdf,ga,EI,EI 130-400,EI130X400,FR,Y,74992
CB,EI 130X1000-FF.pdf,EI 130X1000-FF.pdf,ga,EI,EI 130-1000,EI130X1000,FF,N,63889
CB,EI 130X400-FF.pdf,EI 130X400-FF.pdf,ga,EI,EI 130-400,EI130X400,FF,Y,75769
CB,EI 130X600-FF.PDF,EI 130X600-FF.PDF,ga,EI,EI 130-600,EI130X600,FF,Y,75752
CB,EI 130X800-FF.pdf,EI 130X800-FF.pdf,ga,EI,EI 130-800,EI130X800,FF,Y,75244
CB,EI 150X1000-FF.pdf,EI 150X1000-FF.pdf,ga,EI,EI 150-1000,EI150X1000,FF,Y,75772
CB,EI 150X115-FF.pdf,EI 150X115-FF.pdf,ga,EI,EI 150-115,EI150X115,FF,Y,75465
CB,EI 150X115-FR.pdf,EI 150X115-FR.pdf,ga,EI,EI 150-115,EI150X115,FR,Y,75116
CB,EI 150X150-FF.pdf,EI 150X150-FF.pdf,ga,EI,EI 150-150,EI150X150,FF,Y,75456
CB,EI 150X150-FR.pdf,EI 150X150-FR.pdf,ga,EI,EI 150-150,EI150X150,FR,Y,75135
CB,EI 150X400-FF.pdf,EI 150X400-FF.pdf,ga,EI,EI 150-400,EI150X400,FF,Y,75761
CB,EI 150X400-FR.pdf,EI 150X400-FR.pdf,ga,EI,EI 150-400,EI150X400,FR,Y,75208
CB,EI 150X500-FF.pdf,EI 150X500-FF.pdf,ga,EI,EI 150-500,EI150X500,FF,Y,75800
CB,EI 150X600-FF.PDF,EI 150X600-FF.PDF,ga,EI,EI 150-600,EI150X600,FF,Y,75728
CB,EI 150X800-FF.pdf,EI 150X800-FF.pdf,ga,EI,EI 150-800,EI150X800,FF,Y,75773
CB,EI 50X100-FF.pdf,EI 50X100-FF.pdf,ga,EI,EI 50-100,EI50X100,FF,Y,74082
CB,EI 50X100-FR.pdf,EI 50X100-FR.pdf,ga,EI,EI 50-100,EI50X100,FR,Y,72761
CB,EI 50X50-FF.pdf,EI 50X50-FF.pdf,ga,EI,EI 50-50,EI50X50,FF,Y,74184
CB,EI 50x50-FR.PDF,EI 50x50-FR.PDF,ga,EI,EI 50-50,EI50X50,FR,Y,80763
CB,EI 80-100-FF.pdf,EI 80-100-FF.pdf,ga,EI,EI 80-100,EI80X100,FF,Y,75595
CB,EI 80X50-FR.pdf,EI 80X50-FR.pdf,ga,EI,EI 80-50,EI80X50,FR,Y,73264
GA,AC 14-10 GA DRAWING - Sheet1.pdf,AC 14-10 GA DRAWING - Sheet1.pdf,ga,AC,AC 14-10,AC1410,,Y,115077
GA,AC 14-10 GA DRAWING.PDF,AC 14-10 GA DRAWING.PDF,ga,AC,AC 14-10,AC1410,,Y,80517
GA,AC 16-07 2 P.pdf,AC 16-07 2 P.pdf,ga,AC,AC 16-07,AC1607,,N,144707
GA,AC 20-10  Assembly.PDF,AC 20-10  Assembly.PDF,ga,AC,AC 20-10,AC2010,,N,98228
GA,AC 25-25 R3.PDF,AC 25-25 R3.PDF,ga,AC,AC 25-25,AC2525,,Y,43366
GA,AC 30-25  Assembly.PDF,AC 30-25  Assembly.PDF,ga,AC,AC 30-25,AC3025,,Y,67324
GA,AC-10-08-BODY.PDF,AC-10-08-BODY.PDF,part,AC,AC 10-08,AC1008,,N,32551
GA,AC-10-8-F.PDF,AC-10-8-F.PDF,ga,AC,AC 10-8,AC108,,Y,34459
GA,AC-115-100-M.PDF,AC-115-100-M.PDF,ga,AC,AC 115-100,AC115100,,N,371218
GA,AC-130-300-FF.PDF,AC-130-300-FF.PDF,ga,AC,AC 130-300,AC130300,FF,N,76443
GA,AC-130-300-r1 supplied to Posco Plant through Radiance Hydraulics.PDF,AC-130-300-r1 supplied to Posco Plant through Radiance Hydraulics.PDF,ga,AC,AC 130-300,AC130300,,N,72512
GA,AC-130-300-r1.PDF,AC-130-300-r1.PDF,ga,AC,AC 130-300,AC130300,,N,73077
GA,AC-14-10-M-H-X1 ASSEMBLY - Shee.pdf,AC-14-10-M-H-X1 ASSEMBLY - Shee.pdf,ga,AC,AC 14-10,AC1410,,Y,35818
GA,Ac-16-13-M.PDF,Ac-16-13-M.PDF,ga,AC,AC 16-13,AC1613,,Y,43375
GA,AC-20-15-BUSH-R3 (1) (1).PDF,AC-20-15-BUSH-R3 (1) (1).PDF,part,AC,AC 20-15,AC2015,,N,43464
GA,AC-20-15-BUSH-R3 (1).PDF,AC-20-15-BUSH-R3 (1).PDF,part,AC,AC 20-15,AC2015,,N,43464
GA,AC-20-15-BUSH-R3.PDF,AC-20-15-BUSH-R3.PDF,part,AC,AC 20-15,AC2015,,N,43464
GA,AC-20-15-M-R1 (1).PDF,AC-20-15-M-R1 (1).PDF,ga,AC,AC 20-15,AC2015,,N,48597
GA,AC-20-15-M-R1.PDF,AC-20-15-M-R1.PDF,ga,AC,AC 20-15,AC2015,,N,48597
GA,AC-20-20-M-GA.PDF,AC-20-20-M-GA.PDF,ga,AC,AC 20-20,AC2020,,Y,123513
GA,AC-25-25-M (1).PDF,AC-25-25-M (1).PDF,ga,AC,AC 25-25,AC2525,,Y,145922
GA,AC-25-25-M+MC.pdf,AC-25-25-M+MC.pdf,ga,AC,AC 25-25,AC2525,,Y,145911
GA,AC-25-25-M.PDF,AC-25-25-M.PDF,ga,AC,AC 25-25,AC2525,,Y,145922
GA,AC-25-25-M1.PDF,AC-25-25-M1.PDF,ga,AC,AC 25-25,AC2525,,Y,165495
GA,ac-25-25-r3 cylinder.PDF,ac-25-25-r3 cylinder.PDF,part,AC,AC 25-25,AC2525,,Y,54515
GA,AC-25-40-M.PDF,AC-25-40-M.PDF,ga,AC,AC 25-40,AC2540,,Y,99455
GA,AC-25-80-M-r1.PDF,AC-25-80-M-r1.PDF,ga,AC,AC 25-80,AC2580,,N,63753
GA,AC-27-25-m.PDF,AC-27-25-m.PDF,ga,AC,AC 27-25,AC2725,,N,167197
GA,AC-30-50-M.PDF,AC-30-50-M.PDF,ga,AC,AC 30-50,AC3050,,Y,30902
GA,AC-42-20-M-11KVA.pdf,AC-42-20-M-11KVA.pdf,ga,AC,AC 42-20,AC4220,,N,19492
GA,AC-42-75 -GA Assly Model (1).pdf,AC-42-75 -GA Assly Model (1).pdf,ga,AC,AC 42-75,AC4275,,Y,22867
GA,AC-42-75 -GA Assly Model.pdf,AC-42-75 -GA Assly Model.pdf,ga,AC,AC 42-75,AC4275,,Y,22867
GA,AC-45-25+mf.PDF,AC-45-25+mf.PDF,ga,AC,AC 45-25,AC4525,,N,174817
GA,AC-45-50-M.PDF,AC-45-50-M.PDF,ga,AC,AC 45-50,AC4550,,N,60781
GA,ac-45-75-m.PDF,ac-45-75-m.PDF,ga,AC,AC 45-75,AC4575,,N,38447
GA,AC-50-35-M.PDF,AC-50-35-M.PDF,ga,AC,AC 50-35,AC5035,,N,78127
GA,AC-64-150-GA (1).PDF,AC-64-150-GA (1).PDF,ga,AC,AC 64-150,AC64150,,N,51960
GA,AC-64-150-GA.PDF,AC-64-150-GA.PDF,ga,AC,AC 64-150,AC64150,,N,51960
GA,ACX-25-25-M.PDF,ACX-25-25-M.PDF,ga,ACX,ACX 25-25,ACX2525,,N,60683
GA,ACX2015-ML-PU.PDF,ACX2015-ML-PU.PDF,other,,,,PU,,34672
GA,AD-14-10-F.PDF,AD-14-10-F.PDF,ga,AD,AD 14-10,AD1410,,Y,91889
GA,AD-14-10-M GA DRG.PDF,AD-14-10-M GA DRG.PDF,ga,AD,AD 14-10,AD1410,,Y,117915
GA,AD-20-20-ASSEMBY R1.PDF,AD-20-20-ASSEMBY R1.PDF,ga,AD,AD 20-20,AD2020,,Y,57712
GA,AD-25-40 -M.PDF,AD-25-40 -M.PDF,ga,AD,AD 25-40,AD2540,,Y,114122
GA,AD-27-25-M.PDF,AD-27-25-M.PDF,ga,AD,AD 27-25,AD2725,,N,35100
GA,AD-33-25-U-L.PDF,AD-33-25-U-L.PDF,ga,AD,AD 33-25,AD3325,,Y,165323
GA,AD-36-25.PDF,AD-36-25.PDF,ga,AD,AD 36-25,AD3625,,Y,32270
GA,AD-42-50-ASSLY+clevis-male.PDF,AD-42-50-ASSLY+clevis-male.PDF,ga,AD,AD 42-50,AD4250,,Y,38478
GA,AD-45-25-M.PDF,AD-45-25-M.PDF,ga,AD,AD 45-25,AD4525,,N,116636
GA,AD-45-50-M+S45.PDF,AD-45-50-M+S45.PDF,part,AD,AD 45-50,AD4550,,N,114201
GA,ADX-25-25-M.PDF,ADX-25-25-M.PDF,ga,ADX,ADX 25-25,ADX2525,,N,79357
GA,ASSEMBLY AC 20-15 M.PDF,ASSEMBLY AC 20-15 M.PDF,ga,AC,AC 20-15,AC2015,,N,96349
GA,DISK SPRING WASHER FOR SHOCK ABSORBER.pdf,DISK SPRING WASHER FOR SHOCK ABSORBER.pdf,part,,,,,,128465
GA,GA DRAWING AC 20-15 M+MC.pdf,GA DRAWING AC 20-15 M+MC.pdf,ga,AC,AC 20-15,AC2015,,N,61286
GA,GA DRAWING AC 20-15M.PDF,GA DRAWING AC 20-15M.PDF,ga,AC,AC 20-15,AC2015,,N,76828
GA,GA DRAWING AC-25-25-M-2+JN - Sheet1.pdf,GA DRAWING AC-25-25-M-2+JN - Sheet1.pdf,ga,AC,AC 25-25,AC2525,,Y,37256
GA,GA DRAWING AD 42-75 M - Sheet1.pdf,GA DRAWING AD 42-75 M - Sheet1.pdf,ga,AD,AD 42-75,AD4275,,Y,36078
GA,GA DRAWING ADX 42-25-M Model (1.pdf,GA DRAWING ADX 42-25-M Model (1.pdf,ga,ADX,ADX 42-25,ADX4225,,N,41832
GA,LOCK NUT M 20 X 1_5.pdf,LOCK NUT M 20 X 1_5.pdf,part,,,,,,30684
GA,LOCK NUT M 25 X 1_5.pdf,LOCK NUT M 25 X 1_5.pdf,part,,,,,,33703
GA,S45.PDF,S45.PDF,part,,,,,,39904
GA,SOLID CYLINDER AC 20-15 M.PDF,SOLID CYLINDER AC 20-15 M.PDF,part,AC,AC 20-15,AC2015,,N,82643
GA,SOLID PISTON RING DRILLING - Sh.pdf,SOLID PISTON RING DRILLING - Sh.pdf,part,,,,,,25232
GA,SOLID PISTON RING DRILLING AC 20-15.pdf,SOLID PISTON RING DRILLING AC 20-15.pdf,part,AC,AC 20-15,AC2015,,N,21173
GA,Support Lug.pdf,Support Lug.pdf,part,,,,,,25187
GA,tc136-65.PDF,tc136-65.PDF,part,,,,,,34817
GA,WR-20-300.pdf,WR-20-300.pdf,part,,,,,,117390
GA,Crane Buffers/NRV.PDF,NRV.PDF,part,,,,,,41795
GA,Crane Buffers/100/100 end cap.PDF,100 end cap.PDF,part,,,,,,48930
GA,Crane Buffers/100/100 piston.PDF,100 piston.PDF,part,,,,,,45470
GA,Crane Buffers/100/KHG100-200-BODY.PDF,KHG100-200-BODY.PDF,part,AKHG,AKHG 100-200,AKHG100200,,Y,68479
GA,Crane Buffers/100/KHG100-200-bottom cap.PDF,KHG100-200-bottom cap.PDF,part,AKHG,AKHG 100-200,AKHG100200,,Y,41073
GA,Crane Buffers/100/KHG100-200-ROD.PDF,KHG100-200-ROD.PDF,part,AKHG,AKHG 100-200,AKHG100200,,Y,47067
GA,Crane Buffers/100/KHG100-200-RS foot.PDF,KHG100-200-RS foot.PDF,ga,AKHG,AKHG 100-200,AKHG100200,RS,Y,46466
GA,Crane Buffers/100/KHG100-300-RS.PDF,KHG100-300-RS.PDF,ga,AKHG,AKHG 100-300,AKHG100300,RS,Y,108992
GA,Crane Buffers/100/IGS AND MODELS/KHG100-200-FF.PDF,KHG100-200-FF.PDF,ga,AKHG,AKHG 100-200,AKHG100200,FF,Y,72616
GA,Crane Buffers/1204/1204 B base pipe.PDF,1204 B base pipe.PDF,part,,,,,,40881
GA,Crane Buffers/1204/1204 b top flange.PDF,1204 b top flange.PDF,part,,,,,,30424
GA,Crane Buffers/1204/1204-C-X1 - Sheet1.pdf,1204-C-X1 - Sheet1.pdf,other,,,,,,25406
GA,Crane Buffers/1204/1204-flang2.PDF,1204-flang2.PDF,part,,,,,,30680
GA,Crane Buffers/1204/1204B BASE flange.PDF,1204B BASE flange.PDF,part,,,,,,34610
GA,Crane Buffers/1204/1204B BASE PLATE.PDF,1204B BASE PLATE.PDF,part,,,,,,30936
GA,Crane Buffers/1204/1204B top flange.PDF,1204B top flange.PDF,part,,,,,,35153
GA,Crane Buffers/1204/1204B top PIPE.PDF,1204B top PIPE.PDF,part,,,,,,32701
GA,Crane Buffers/1204/msb10/msb10 top flange.PDF,msb10 top flange.PDF,part,,,,,,35973
GA,Crane Buffers/1204/msb10/msb10-c-distance flange.PDF,msb10-c-distance flange.PDF,part,,,,,,32483
GA,Crane Buffers/1204/msb10/msb10-CTOPPIPE.PDF,msb10-CTOPPIPE.PDF,part,,,,,,30317
GA,Crane Buffers/1204/msb10/MSB10.PDF,MSB10.PDF,other,,,,,,82968
GA,Crane Buffers/1204/msb10/msb10BASE flange.PDF,msb10BASE flange.PDF,part,,,,,,35052
GA,Crane Buffers/1204/msb10/msb10basepipe base pipe.PDF,msb10basepipe base pipe.PDF,part,,,,,,30894
GA,Crane Buffers/1204/msb10/msb10baseplate.PDF,msb10baseplate.PDF,part,,,,,,29766
GA,Crane Buffers/1204/msb10/msb10PISTON FLANGE.PDF,msb10PISTON FLANGE.PDF,part,,,,,,30533
GA,Crane Buffers/1204/msb10/msb10topplate.PDF,msb10topplate.PDF,part,,,,,,30325
GA,Crane Buffers/1204/msb10/rib22.PDF,rib22.PDF,part,,,,,,26115
GA,Crane Buffers/1220/1220 E.PDF,1220 E.PDF,other,,,,,,50001
GA,Crane Buffers/1220/1220F BASE flange.PDF,1220F BASE flange.PDF,part,,,,,,34520
GA,Crane Buffers/1220/1220F BASE PLATE.PDF,1220F BASE PLATE.PDF,part,,,,,,28369
GA,Crane Buffers/1220/1220F top flange.PDF,1220F top flange.PDF,part,,,,,,34609
GA,Crane Buffers/1220/1220F top PIPE.PDF,1220F top PIPE.PDF,part,,,,,,38691
GA,Crane Buffers/1220/1220F TOP PLATE.PDF,1220F TOP PLATE.PDF,part,,,,,,36791
GA,Crane Buffers/1220/1220F-flang2.PDF,1220F-flang2.PDF,part,,,,,,38162
GA,Crane Buffers/1220/1220F.PDF,1220F.PDF,other,,,,,,33175
GA,Crane Buffers/1220/122F B base pipe.PDF,122F B base pipe.PDF,part,,,,,,30684
GA,Crane Buffers/1220/rib.PDF,rib.PDF,part,,,,,,34544
GA,Crane Buffers/130/AKHG-130-250.PDF,AKHG-130-250.PDF,ga,AKHG,AKHG 130-250,AKHG130250,,Y,93123
GA,Crane Buffers/180/AKHG-180-125.PDF,AKHG-180-125.PDF,ga,AKHG,AKHG 180-125,AKHG180125,,N,45527
GA,Crane Buffers/180/AKHG-180.PDF,AKHG-180.PDF,other,,,,,,44957
GA,Crane Buffers/65/65- END CAP.PDF,65- END CAP.PDF,part,,,,,,41657
GA,Crane Buffers/65/65- ROD.PDF,65- ROD.PDF,part,,,,,,42208
GA,Crane Buffers/65/65-25 BODY.PDF,65-25 BODY.PDF,part,,,,,,42846
GA,Crane Buffers/65/65-25 ROD.PDF,65-25 ROD.PDF,part,,,,,,41976
GA,Crane Buffers/65/65-BODY.PDF,65-BODY.PDF,part,,,,,,44027
GA,Crane Buffers/65/65-BOTTOM CAP.PDF,65-BOTTOM CAP.PDF,part,,,,,,43570
GA,Crane Buffers/65/65-piston.PDF,65-piston.PDF,part,,,,,,43080
GA,Crane Buffers/65/65-ROD.PDF,65-ROD.PDF,part,,,,,,42206
GA,Crane Buffers/65/KHG-65-100-RS.PDF,KHG-65-100-RS.PDF,ga,AKHG,AKHG 65-100,AKHG65100,RS,Y,127432
GA,Crane Buffers/65/KHG-65-125-RS.PDF,KHG-65-125-RS.PDF,ga,AKHG,AKHG 65-125,AKHG65125,RS,Y,127659
GA,Crane Buffers/65/KHG-65-25-RS.PDF,KHG-65-25-RS.PDF,ga,AKHG,AKHG 65-25,AKHG6525,RS,Y,125662
GA,Crane Buffers/65/KHG-65-50-RS.PDF,KHG-65-50-RS.PDF,ga,AKHG,AKHG 65-50,AKHG6550,RS,Y,148098
GA,Crane Buffers/85/85- ROD.PDF,85- ROD.PDF,part,,,,,,90407
GA,Crane Buffers/85/85-100 body.PDF,85-100 body.PDF,part,,,,,,43667
GA,Crane Buffers/85/85-100 ROD.PDF,85-100 ROD.PDF,part,,,,,,43106
GA,Crane Buffers/85/85-200BOTTOM CAP.PDF,85-200BOTTOM CAP.PDF,part,,,,,,43705
GA,Crane Buffers/85/85-BODY.PDF,85-BODY.PDF,part,,,,,,85548
GA,Crane Buffers/85/85-BOTTOM CAP.PDF,85-BOTTOM CAP.PDF,part,,,,,,44508
GA,Crane Buffers/85/85-END CAP.PDF,85-END CAP.PDF,part,,,,,,36031
GA,Crane Buffers/85/85-floating piston.PDF,85-floating piston.PDF,part,,,,,,34451
GA,Crane Buffers/85/85-PISTON.PDF,85-PISTON.PDF,part,,,,,,33029
GA,Crane Buffers/85/KHG-85-100-FS.PDF,KHG-85-100-FS.PDF,ga,AKHG,AKHG 85-100,AKHG85100,FS,Y,99104
GA,Crane Buffers/85/KHG-85-200-FS.PDF,KHG-85-200-FS.PDF,ga,AKHG,AKHG 85-200,AKHG85200,FS,Y,85035
GA,Crane Buffers/85/KHG100-200-bottom cap.PDF,KHG100-200-bottom cap.PDF,part,AKHG,AKHG 100-200,AKHG100200,,Y,41576
GA,Crane Buffers/akhg/akhg140/AKHG-100.PDF,AKHG-100.PDF,other,,,,,,44406
GA,Crane Buffers/akhg/akhg140/AKHG-140-300-FF.PDF,AKHG-140-300-FF.PDF,ga,AKHG,AKHG 140-300,AKHG140300,FF,Y,49406
GA,Crane Buffers/akhg/akhg140/AKHG-140-300-FS.PDF,AKHG-140-300-FS.PDF,ga,AKHG,AKHG 140-300,AKHG140300,FS,Y,49400
GA,Crane Buffers/akhg/akhg140/AKHG140-600-FRONT MOUNT.PDF,AKHG140-600-FRONT MOUNT.PDF,ga,AKHG,AKHG 140-600,AKHG140600,,Y,49420
GA,Crane Buffers/akhg/akhg65/AKHG 65-150-RS.PDF,AKHG 65-150-RS.PDF,ga,AKHG,AKHG 65-150,AKHG65150,RS,Y,50119
GA,Crane Buffers/akhg/akhg85/AKHG 85-100-FS.PDF,AKHG 85-100-FS.PDF,ga,AKHG,AKHG 85-100,AKHG85100,FS,Y,49157
GA,Crane Buffers/akhg/akhg85/AKHG 85-100-RS.PDF,AKHG 85-100-RS.PDF,ga,AKHG,AKHG 85-100,AKHG85100,RS,Y,49001
GA,Crane Buffers/akhg/akhg85/AKHG 85-150-FS.PDF,AKHG 85-150-FS.PDF,ga,AKHG,AKHG 85-150,AKHG85150,FS,Y,49892
GA,Crane Buffers/akhg/akhg85/AKHG 85-150-RS.PDF,AKHG 85-150-RS.PDF,ga,AKHG,AKHG 85-150,AKHG85150,RS,Y,49581
GA,Crane Buffers/akhg/akhg85/AKHG 85-200-FS.PDF,AKHG 85-200-FS.PDF,ga,AKHG,AKHG 85-200,AKHG85200,FS,Y,51254
GA,Crane Buffers/akhg/akhg85/AKHG 85-200-RS.PDF,AKHG 85-200-RS.PDF,ga,AKHG,AKHG 85-200,AKHG85200,RS,Y,51158
GA,Crane Buffers/akhg/akhg85/AKHG 85-250-FS.PDF,AKHG 85-250-FS.PDF,ga,AKHG,AKHG 85-250,AKHG85250,FS,Y,51181
GA,Crane Buffers/akhg/akhg85/AKHG 85-250-RS.PDF,AKHG 85-250-RS.PDF,ga,AKHG,AKHG 85-250,AKHG85250,RS,Y,51604
GA,Crane Buffers/akhg/akhg85/AKHG 85-50-FS.PDF,AKHG 85-50-FS.PDF,ga,AKHG,AKHG 85-50,AKHG8550,FS,Y,48872
GA,Crane Buffers/akhg/akhg85/AKHG 85-50-RS.PDF,AKHG 85-50-RS.PDF,ga,AKHG,AKHG 85-50,AKHG8550,RS,Y,48864
GA,Crane Buffers/EI 50/EI 50 -100 BODY.PDF,EI 50 -100 BODY.PDF,part,EI,EI 50-100,EI50X100,,Y,42865
GA,Crane Buffers/EI 50/EI 50 X 100 BOTTOM CAP.PDF,EI 50 X 100 BOTTOM CAP.PDF,part,EI,EI 50-100,EI50X100,,Y,32626
GA,Crane Buffers/EI 50/EI 50 X 100 ROD.PDF,EI 50 X 100 ROD.PDF,part,EI,EI 50-100,EI50X100,,Y,55798
GA,Crane Buffers/EI 50/EI 50 X 100.PDF,EI 50 X 100.PDF,ga,EI,EI 50-100,EI50X100,,Y,108281
GA,Crane Buffers/EI 50/EI 50 X 50 BOTTOM CAP.PDF,EI 50 X 50 BOTTOM CAP.PDF,part,EI,EI 50-50,EI50X50,,Y,40257
GA,Crane Buffers/EI 50/EI 50 X 50.PDF,EI 50 X 50.PDF,ga,EI,EI 50-50,EI50X50,,Y,52732
GA,Crane Buffers/sdh/50-100 piston.pdf,50-100 piston.pdf,part,,,,,,33634
GA,Crane Buffers/sdh/50-100-BUSH.pdf,50-100-BUSH.pdf,part,,,,,,51577
GA,Crane Buffers/sdh/ACE_SDH38-SDH63_Operating-Mounting_EN_21_22_0019_230809_215008.pdf,ACE_SDH38-SDH63_Operating-Mounting_EN_21_22_0019_230809_215008.pdf,other,,,,,,974481
GA,Crane Buffers/sdh/FLANGE 50-100.pdf,FLANGE 50-100.pdf,part,,,,,,32497
GA,Crane Buffers/sdh/ROD50-100.pdf,ROD50-100.pdf,part,,,,,,32185
GA,Crane Buffers/sdh/SDH-50-100-ASSLY.pdf,SDH-50-100-ASSLY.pdf,ga,SDH,SDH 50-100,SDH50100,,N,42751
GA,Crane Buffers/sdh/SDH-50-100-F.PDF,SDH-50-100-F.PDF,ga,SDH,SDH 50-100,SDH50100,,N,41404
GA,Crane Buffers/sdh/SDH-50-100.PDF,SDH-50-100.PDF,ga,SDH,SDH 50-100,SDH50100,,N,41233
GA,Crane Buffers/spring buffer ga drawing/1204-D.PDF,1204-D.PDF,other,,,,,,44608
GA,Crane Buffers/spring buffer ga drawing/SB-1220-L.PDF,SB-1220-L.PDF,other,,,,,,43763
GA,Crane Buffers/spring buffer ga drawing/SB1204-C.PDF,SB1204-C.PDF,other,,,,,,43808
