source,family,model,stroke_mm,energy_per_cycle_nm,energy_per_hour_nm,eff_mass_min_kg,eff_mass_max_kg,max_force_n,thread,body_dia_mm,length_mm,weight_kg,damping_type,temp_min_c,temp_max_c,notes
ACE Main Catalog 2018 metric p.102-103,CA2-CA4 heavy duty self-compensating,CA2X2-1,50,3600,1100000,700,2200,,,,313,12.8,self-compensating,-12,66,heavy duty self-compensating; eff. weight code -1; E4 with air/oil tank 1350000 Nm/h; return force 210-285 N; return time 0.25 s; side load 3 deg; impact velocity 0.3-5 m/s; length = A max; bore size 2 inch
ACE Main Catalog 2018 metric p.102-103,CA2-CA4 heavy duty self-compensating,CA2X2-2,50,3600,1100000,1800,5400,,,,313,12.8,self-compensating,-12,66,heavy duty self-compensating; eff. weight code -2; E4 with air/oil tank 1350000 Nm/h; return force 210-285 N; return time 0.25 s; side load 3 deg; impact velocity 0.3-5 m/s; length = A max; bore size 2 inch
ACE Main Catalog 2018 metric p.102-103,CA2-CA4 heavy duty self-compensating,CA2X2-3,50,3600,1100000,4500,13600,,,,313,12.8,self-compensating,-12,66,heavy duty self-compensating; eff. weight code -3; E4 with air/oil tank 1350000 Nm/h; return force 210-285 N; return time 0.25 s; side load 3 deg; impact velocity 0.3-5 m/s; length = A max; bore size 2 inch
ACE Main Catalog 2018 metric p.102-103,CA2-CA4 heavy duty self-compensating,CA2X2-4,50,3600,1100000,11300,34000,,,,313,12.8,self-compensating,-12,66,heavy duty self-compensating; eff. weight code -4; E4 with air/oil tank 1350000 Nm/h; return force 210-285 N; return time 0.25 s; side load 3 deg; impact velocity 0.3-5 m/s; length = A max; bore size 2 inch
ACE Main Catalog 2018 metric p.102-103,CA2-CA4 heavy duty self-compensating,CA2X4-1,102,7200,1350000,1400,4400,,,,414,14.8,self-compensating,-12,66,heavy duty self-compensating; eff. weight code -1; E4 with air/oil tank 1700000 Nm/h; return force 150-285 N; return time 0.50 s; side load 3 deg; impact velocity 0.3-5 m/s; length = A max; bore size 2 inch
ACE Main Catalog 2018 metric p.102-103,CA2-CA4 heavy duty self-compensating,CA2X4-2,102,7200,1350000,3600,11000,,,,414,14.8,self-compensating,-12,66,heavy duty self-compensating; eff. weight code -2; E4 with air/oil tank 1700000 Nm/h; return force 150-285 N; return time 0.50 s; side load 3 deg; impact velocity 0.3-5 m/s; length = A max; bore size 2 inch
ACE Main Catalog 2018 metric p.102-103,CA2-CA4 heavy duty self-compensating,CA2X4-3,102,7200,1350000,9100,27200,,,,414,14.8,self-compensating,-12,66,heavy duty self-compensating; eff. weight code -3; E4 with air/oil tank 1700000 Nm/h; return force 150-285 N; return time 0.50 s; side load 3 deg; impact velocity 0.3-5 m/s; length = A max; bore size 2 inch
ACE Main Catalog 2018 metric p.102-103,CA2-CA4 heavy duty self-compensating,CA2X4-4,102,7200,1350000,22600,68000,,,,414,14.8,self-compensating,-12,66,heavy duty self-compensating; eff. weight code -4; E4 with air/oil tank 1700000 Nm/h; return force 150-285 N; return time 0.50 s; side load 3 deg; impact velocity 0.3-5 m/s; length = A max; bore size 2 inch
ACE Main Catalog 2018 metric p.102-103,CA2-CA4 heavy duty self-compensating,CA2X6-1,152,10800,1600000,2200,6500,,,,516,16.9,self-compensating,-12,66,heavy duty self-compensating; eff. weight code -1; E4 with air/oil tank 2000000 Nm/h; return force 150-400 N; return time 0.60 s; side load 3 deg; impact velocity 0.3-5 m/s; length = A max; bore size 2 inch
ACE Main Catalog 2018 metric p.102-103,CA2-CA4 heavy duty self-compensating,CA2X6-2,152,10800,1600000,5400,16300,,,,516,16.9,self-compensating,-12,66,heavy duty self-compensating; eff. weight code -2; E4 with air/oil tank 2000000 Nm/h; return force 150-400 N; return time 0.60 s; side load 3 deg; impact velocity 0.3-5 m/s; length = A max; bore size 2 inch
ACE Main Catalog 2018 metric p.102-103,CA2-CA4 heavy duty self-compensating,CA2X6-3,152,10800,1600000,13600,40800,,,,516,16.9,self-compensating,-12,66,heavy duty self-compensating; eff. weight code -3; E4 with air/oil tank 2000000 Nm/h; return force 150-400 N; return time 0.60 s; side load 3 deg; impact velocity 0.3-5 m/s; length = A max; bore size 2 inch
ACE Main Catalog 2018 metric p.102-103,CA2-CA4 heavy duty self-compensating,CA2X6-4,152,10800,1600000,34000,102000,,,,516,16.9,self-compensating,-12,66,heavy duty self-compensating; eff. weight code -4; E4 with air/oil tank 2000000 Nm/h; return force 150-400 N; return time 0.60 s; side load 3 deg; impact velocity 0.3-5 m/s; length = A max; bore size 2 inch
ACE Main Catalog 2018 metric p.102-103,CA2-CA4 heavy duty self-compensating,CA2X8-1,203,14500,1900000,2900,8700,,,,643,19.3,self-compensating,-12,66,heavy duty self-compensating; eff. weight code -1; E4 with air/oil tank 2400000 Nm/h; return force 230-650 N; return time 0.70 s; side load 3 deg; impact velocity 0.3-5 m/s; length = A max; bore size 2 inch
ACE Main Catalog 2018 metric p.102-103,CA2-CA4 heavy duty self-compensating,CA2X8-2,203,14500,1900000,7200,21700,,,,643,19.3,self-compensating,-12,66,heavy duty self-compensating; eff. weight code -2; E4 with air/oil tank 2400000 Nm/h; return force 230-650 N; return time 0.70 s; side load 3 deg; impact velocity 0.3-5 m/s; length = A max; bore size 2 inch
ACE Main Catalog 2018 metric p.102-103,CA2-CA4 heavy duty self-compensating,CA2X8-3,203,14500,1900000,18100,54400,,,,643,19.3,self-compensating,-12,66,heavy duty self-compensating; eff. weight code -3; E4 with air/oil tank 2400000 Nm/h; return force 230-650 N; return time 0.70 s; side load 3 deg; impact velocity 0.3-5 m/s; length = A max; bore size 2 inch
ACE Main Catalog 2018 metric p.102-103,CA2-CA4 heavy duty self-compensating,CA2X8-4,203,14500,1900000,45300,136000,,,,643,19.3,self-compensating,-12,66,heavy duty self-compensating; eff. weight code -4; E4 with air/oil tank 2400000 Nm/h; return force 230-650 N; return time 0.70 s; side load 3 deg; impact velocity 0.3-5 m/s; length = A max; bore size 2 inch
ACE Main Catalog 2018 metric p.102-103,CA2-CA4 heavy duty self-compensating,CA2X10-1,254,18000,2200000,3600,11000,,,,745,22.8,self-compensating,-12,66,heavy duty self-compensating; eff. weight code -1; E4 with air/oil tank 2700000 Nm/h; return force 160-460 N; return time 0.80 s; side load 3 deg; impact velocity 0.3-5 m/s; length = A max; bore size 2 inch
ACE Main Catalog 2018 metric p.102-103,CA2-CA4 heavy duty self-compensating,CA2X10-2,254,18000,2200000,9100,27200,,,,745,22.8,self-compensating,-12,66,heavy duty self-compensating; eff. weight code -2; E4 with air/oil tank 2700000 Nm/h; return force 160-460 N; return time 0.80 s; side load 3 deg; impact velocity 0.3-5 m/s; length = A max; bore size 2 inch
ACE Main Catalog 2018 metric p.102-103,CA2-CA4 heavy duty self-compensating,CA2X10-3,254,18000,2200000,22600,68000,,,,745,22.8,self-compensating,-12,66,heavy duty self-compensating; eff. weight code -3; E4 with air/oil tank 2700000 Nm/h; return force 160-460 N; return time 0.80 s; side load 3 deg; impact velocity 0.3-5 m/s; length = A max; bore size 2 inch
ACE Main Catalog 2018 metric p.102-103,CA2-CA4 heavy duty self-compensating,CA2X10-4,254,18000,2200000,56600,170000,,,,745,22.8,self-compensating,-12,66,heavy duty self-compensating; eff. weight code -4; E4 with air/oil tank 2700000 Nm/h; return force 160-460 N; return time 0.80 s; side load 3 deg; impact velocity 0.3-5 m/s; length = A max; bore size 2 inch
ACE Main Catalog 2018 metric p.104,CA2-CA4 heavy duty self-compensating,CA3X5-1,127,14125,2260000,2900,8700,,,,490.5,28.9,self-compensating,-12,66,heavy duty self-compensating; eff. weight code -1; E4 with air/oil tank 2800000 Nm/h; return force 270-710 N; return time 0.6 s; side load 3 deg; impact velocity 0.3-5 m/s; length = A max; bore size 3 inch
ACE Main Catalog 2018 metric p.104,CA2-CA4 heavy duty self-compensating,CA3X5-2,127,14125,2260000,7250,21700,,,,490.5,28.9,self-compensating,-12,66,heavy duty self-compensating; eff. weight code -2; E4 with air/oil tank 2800000 Nm/h; return force 270-710 N; return time 0.6 s; side load 3 deg; impact velocity 0.3-5 m/s; length = A max; bore size 3 inch
ACE Main Catalog 2018 metric p.104,CA2-CA4 heavy duty self-compensating,CA3X5-3,127,14125,2260000,18100,54350,,,,490.5,28.9,self-compensating,-12,66,heavy duty self-compensating; eff. weight code -3; E4 with air/oil tank 2800000 Nm/h; return force 270-710 N; return time 0.6 s; side load 3 deg; impact velocity 0.3-5 m/s; length = A max; bore size 3 inch
ACE Main Catalog 2018 metric p.104,CA2-CA4 heavy duty self-compensating,CA3X5-4,127,14125,2260000,45300,135900,,,,490.5,28.9,self-compensating,-12,66,heavy duty self-compensating; eff. weight code -4; E4 with air/oil tank 2800000 Nm/h; return force 270-710 N; return time 0.6 s; side load 3 deg; impact velocity 0.3-5 m/s; length = A max; bore size 3 inch
ACE Main Catalog 2018 metric p.104,CA2-CA4 heavy duty self-compensating,CA3X8-1,203,22600,3600000,4650,13900,,,,641,33.4,self-compensating,-12,66,heavy duty self-compensating; eff. weight code -1; E4 with air/oil tank 4520000 Nm/h; return force 280-740 N; return time 0.8 s; side load 3 deg; impact velocity 0.3-5 m/s; length = A max; bore size 3 inch
ACE Main Catalog 2018 metric p.104,CA2-CA4 heavy duty self-compensating,CA3X8-2,203,22600,3600000,11600,34800,,,,641,33.4,self-compensating,-12,66,heavy duty self-compensating; eff. weight code -2; E4 with air/oil tank 4520000 Nm/h; return force 280-740 N; return time 0.8 s; side load 3 deg; impact velocity 0.3-5 m/s; length = A max; bore size 3 inch
ACE Main Catalog 2018 metric p.104,CA2-CA4 heavy duty self-compensating,CA3X8-3,203,22600,3600000,29000,87000,,,,641,33.4,self-compensating,-12,66,heavy duty self-compensating; eff. weight code -3; E4 with air/oil tank 4520000 Nm/h; return force 280-740 N; return time 0.8 s; side load 3 deg; impact velocity 0.3-5 m/s; length = A max; bore size 3 inch
ACE Main Catalog 2018 metric p.104,CA2-CA4 heavy duty self-compensating,CA3X8-4,203,22600,3600000,72500,217000,,,,641,33.4,self-compensating,-12,66,heavy duty self-compensating; eff. weight code -4; E4 with air/oil tank 4520000 Nm/h; return force 280-740 N; return time 0.8 s; side load 3 deg; impact velocity 0.3-5 m/s; length = A max; bore size 3 inch
ACE Main Catalog 2018 metric p.104,CA2-CA4 heavy duty self-compensating,CA3X12-1,305,33900,5400000,6950,20900,,,,890,40.6,self-compensating,-12,66,heavy duty self-compensating; eff. weight code -1; E4 with air/oil tank 6780000 Nm/h; return force 270-730 N; return time 1.2 s; side load 3 deg; impact velocity 0.3-5 m/s; length = A max; bore size 3 inch
ACE Main Catalog 2018 metric p.104,CA2-CA4 heavy duty self-compensating,CA3X12-2,305,33900,5400000,17400,52200,,,,890,40.6,self-compensating,-12,66,heavy duty self-compensating; eff. weight code -2; E4 with air/oil tank 6780000 Nm/h; return force 270-730 N; return time 1.2 s; side load 3 deg; impact velocity 0.3-5 m/s; length = A max; bore size 3 inch
ACE Main Catalog 2018 metric p.104,CA2-CA4 heavy duty self-compensating,CA3X12-3,305,33900,5400000,43500,130450,,,,890,40.6,self-compensating,-12,66,heavy duty self-compensating; eff. weight code -3; E4 with air/oil tank 6780000 Nm/h; return force 270-730 N; return time 1.2 s; side load 3 deg; impact velocity 0.3-5 m/s; length = A max; bore size 3 inch
ACE Main Catalog 2018 metric p.104,CA2-CA4 heavy duty self-compensating,CA3X12-4,305,33900,5400000,108700,326000,,,,890,40.6,self-compensating,-12,66,heavy duty self-compensating; eff. weight code -4; E4 with air/oil tank 6780000 Nm/h; return force 270-730 N; return time 1.2 s; side load 3 deg; impact velocity 0.3-5 m/s; length = A max; bore size 3 inch
ACE Main Catalog 2018 metric p.105,CA2-CA4 heavy duty self-compensating,CA4X6-3,152,47500,3000000,3500,8600,,,,716,60.0,self-compensating,-12,66,"heavy duty self-compensating; eff. weight code -3; E4 with air/oil tank 5100000 Nm/h; E4 with oil recirculation 6600000 Nm/h; return force 480-1,000 N; return time 1.8; impact velocity 0.3-5 m/s; length = A max; bore 4 inch"
ACE Main Catalog 2018 metric p.105,CA2-CA4 heavy duty self-compensating,CA4X6-5,152,47500,3000000,8600,18600,,,,716,60.0,self-compensating,-12,66,"heavy duty self-compensating; eff. weight code -5; E4 with air/oil tank 5100000 Nm/h; E4 with oil recirculation 6600000 Nm/h; return force 480-1,000 N; return time 1.8; impact velocity 0.3-5 m/s; length = A max; bore 4 inch"
ACE Main Catalog 2018 metric p.105,CA2-CA4 heavy duty self-compensating,CA4X6-7,152,47500,3000000,18600,42700,,,,716,60.0,self-compensating,-12,66,"heavy duty self-compensating; eff. weight code -7; E4 with air/oil tank 5100000 Nm/h; E4 with oil recirculation 6600000 Nm/h; return force 480-1,000 N; return time 1.8; impact velocity 0.3-5 m/s; length = A max; bore 4 inch"
ACE Main Catalog 2018 metric p.105,CA2-CA4 heavy duty self-compensating,CA4X8-3,203,63300,3400000,5000,11400,,,,818,68.0,self-compensating,-12,66,"heavy duty self-compensating; eff. weight code -3; E4 with air/oil tank 5600000 Nm/h; E4 with oil recirculation 7300000 Nm/h; return force 310-1,000 N; return time 2.3; impact velocity 0.3-5 m/s; length = A max; bore 4 inch"
ACE Main Catalog 2018 metric p.105,CA2-CA4 heavy duty self-compensating,CA4X8-5,203,63300,3400000,11400,25000,,,,818,68.0,self-compensating,-12,66,"heavy duty self-compensating; eff. weight code -5; E4 with air/oil tank 5600000 Nm/h; E4 with oil recirculation 7300000 Nm/h; return force 310-1,000 N; return time 2.3; impact velocity 0.3-5 m/s; length = A max; bore 4 inch"
ACE Main Catalog 2018 metric p.105,CA2-CA4 heavy duty self-compensating,CA4X8-7,203,63300,3400000,25000,57000,,,,818,68.0,self-compensating,-12,66,"heavy duty self-compensating; eff. weight code -7; E4 with air/oil tank 5600000 Nm/h; E4 with oil recirculation 7300000 Nm/h; return force 310-1,000 N; return time 2.3; impact velocity 0.3-5 m/s; length = A max; bore 4 inch"
ACE Main Catalog 2018 metric p.105,CA2-CA4 heavy duty self-compensating,CA4X16-3,406,126500,5600000,10000,23000,,,,1300,146.0,self-compensating,-12,66,"heavy duty self-compensating; eff. weight code -3; E4 with air/oil tank 9600000 Nm/h; E4 with oil recirculation 12400000 Nm/h; return force 310-1,000 N; return time on request; impact velocity 0.3-5 m/s; length = A max; bore 4 inch"
ACE Main Catalog 2018 metric p.105,CA2-CA4 heavy duty self-compensating,CA4X16-5,406,126500,5600000,23000,50000,,,,1300,146.0,self-compensating,-12,66,"heavy duty self-compensating; eff. weight code -5; E4 with air/oil tank 9600000 Nm/h; E4 with oil recirculation 12400000 Nm/h; return force 310-1,000 N; return time on request; impact velocity 0.3-5 m/s; length = A max; bore 4 inch"
ACE Main Catalog 2018 metric p.105,CA2-CA4 heavy duty self-compensating,CA4X16-7,406,126500,5600000,50000,115000,,,,1300,146.0,self-compensating,-12,66,"heavy duty self-compensating; eff. weight code -7; E4 with air/oil tank 9600000 Nm/h; E4 with oil recirculation 12400000 Nm/h; return force 310-1,000 N; return time on request; impact velocity 0.3-5 m/s; length = A max; bore 4 inch"
ACE Main Catalog 2018 metric p.106-107,A1 1/2-A3 heavy industrial adjustable,A11/2X2,50,2350,362000,195,32000,,,,328.6,7.6,adjustable,-12,66,heavy industrial adjustable; E4 with air/oil tank 452000 Nm/h; return force 160-210 N; return time 0.10 s; side load 5 deg; impact velocity 0.1-5 m/s; length = A max (L max for A1 1/2)
ACE Main Catalog 2018 metric p.106-107,A1 1/2-A3 heavy industrial adjustable,A11/2X31/2,89,4150,633000,218,36000,,,,405.6,8.9,adjustable,-12,66,heavy industrial adjustable; E4 with air/oil tank 791000 Nm/h; return force 110-210 N; return time 0.25 s; side load 4 deg; impact velocity 0.1-5 m/s; length = A max (L max for A1 1/2)
ACE Main Catalog 2018 metric p.106-107,A1 1/2-A3 heavy industrial adjustable,A11/2X5,127,5900,904000,227,41000,,,,481.8,9.4,adjustable,-12,66,heavy industrial adjustable; E4 with air/oil tank 1130000 Nm/h; return force 90-230 N; return time 0.40 s; side load 3 deg; impact velocity 0.1-5 m/s; length = A max (L max for A1 1/2)
ACE Main Catalog 2018 metric p.106-107,A1 1/2-A3 heavy industrial adjustable,A11/2X61/2,165,7700,1180000,308,45000,,,,577,12.0,adjustable,-12,66,heavy industrial adjustable; E4 with air/oil tank 1469000 Nm/h; return force 90-430 N; return time 0.40 s; side load 2 deg; impact velocity 0.1-5 m/s; length = A max (L max for A1 1/2)
ACE Main Catalog 2018 metric p.108,A1 1/2-A3 heavy industrial adjustable,A2X2,50,3600,1100000,250,77000,,,,313,14.3,adjustable,-12,66,heavy industrial adjustable; E4 with air/oil tank 1350000 Nm/h; return force 210-285 N; return time 0.25 s; side load 3 deg; impact velocity 0.1-5 m/s; length = A max (L max for A1 1/2)
ACE Main Catalog 2018 metric p.108,A1 1/2-A3 heavy industrial adjustable,A2X4,102,9000,1350000,250,82000,,,,414,16.7,adjustable,-12,66,heavy industrial adjustable; E4 with air/oil tank 1700000 Nm/h; return force 150-285 N; return time 0.50 s; side load 3 deg; impact velocity 0.1-5 m/s; length = A max (L max for A1 1/2)
ACE Main Catalog 2018 metric p.108,A1 1/2-A3 heavy industrial adjustable,A2X6,152,13500,1600000,260,86000,,,,516,19.3,adjustable,-12,66,heavy industrial adjustable; E4 with air/oil tank 2000000 Nm/h; return force 150-400 N; return time 0.60 s; side load 3 deg; impact velocity 0.1-5 m/s; length = A max (L max for A1 1/2)
ACE Main Catalog 2018 metric p.108,A1 1/2-A3 heavy industrial adjustable,A2X8,203,19200,1900000,260,90000,,,,643,22.3,adjustable,-12,66,heavy industrial adjustable; E4 with air/oil tank 2400000 Nm/h; return force 230-650 N; return time 0.70 s; side load 3 deg; impact velocity 0.1-5 m/s; length = A max (L max for A1 1/2)
ACE Main Catalog 2018 metric p.108,A1 1/2-A3 heavy industrial adjustable,A2X10,254,23700,2200000,320,113000,,,,745,26.2,adjustable,-12,66,heavy industrial adjustable; E4 with air/oil tank 2700000 Nm/h; return force 160-460 N; return time 0.80 s; side load 3 deg; impact velocity 0.1-5 m/s; length = A max (L max for A1 1/2)
ACE Main Catalog 2018 metric p.109,A1 1/2-A3 heavy industrial adjustable,A3X5,127,15800,2260000,480,154000,,,,490.5,32.7,adjustable,-12,66,heavy industrial adjustable; E4 with air/oil tank 2800000 Nm/h; return force 270-710 N; return time 0.6 s; side load 3 deg; impact velocity 0.1-5 m/s; length = A max (L max for A1 1/2)
ACE Main Catalog 2018 metric p.109,A1 1/2-A3 heavy industrial adjustable,A3X8,203,28200,3600000,540,181500,,,,641,38.5,adjustable,-12,66,heavy industrial adjustable; E4 with air/oil tank 4520000 Nm/h; return force 280-740 N; return time 0.8 s; side load 3 deg; impact velocity 0.1-5 m/s; length = A max (L max for A1 1/2)
ACE Main Catalog 2018 metric p.109,A1 1/2-A3 heavy industrial adjustable,A3X12,305,44000,5400000,610,204000,,,,890,48.0,adjustable,-12,66,heavy industrial adjustable; E4 with air/oil tank 6780000 Nm/h; return force 270-730 N; return time 1.2 s; side load 3 deg; impact velocity 0.1-5 m/s; length = A max (L max for A1 1/2)
ACE Main Catalog 2018 metric p.262-263,SCS33-SCS64 safety,SCS33-25,23.2,500,,,,,M33x1.5,33,138,0.51,optimised characteristic (safety / emergency stop),-12,66,"emergency-stop safety absorber (MAGNUM-based); E3 self-compensating 310 Nm, E3 optimised characteristic 500 Nm; return force 45-90 N; side load 3 deg (values reduced 20% at max angle); length = A max, B = 83 mm; impact velocity 0.02-5 m/s; ~1000 full-load stops; damper individually calculated by ACE"
ACE Main Catalog 2018 metric p.262-263,SCS33-SCS64 safety,SCS33-50,48.6,950,,,,,M33x1.5,33,189,0.63,optimised characteristic (safety / emergency stop),-12,66,"emergency-stop safety absorber (MAGNUM-based); E3 self-compensating 620 Nm, E3 optimised characteristic 950 Nm; return force 45-135 N; side load 2 deg (values reduced 20% at max angle); length = A max, B = 108 mm; impact velocity 0.02-5 m/s; ~1000 full-load stops; damper individually calculated by ACE"
ACE Main Catalog 2018 metric p.264,SCS33-SCS64 safety,SCS45-25,23.1,1200,,,,,M45x1.5,45,145,1.14,optimised characteristic (safety / emergency stop),-12,66,"emergency-stop safety absorber (MAGNUM-based); E3 self-compensating 680 Nm, E3 optimised characteristic 1200 Nm; return force 70-100 N; side load 3 deg (values reduced 20% at max angle); length = A max, B = 95 mm; impact velocity 0.02-5 m/s; ~1000 full-load stops; damper individually calculated by ACE"
ACE Main Catalog 2018 metric p.264,SCS33-SCS64 safety,SCS45-50,48.5,2350,,,,,M45x1.5,45,195,1.36,optimised characteristic (safety / emergency stop),-12,66,"emergency-stop safety absorber (MAGNUM-based); E3 self-compensating 1360 Nm, E3 optimised characteristic 2350 Nm; return force 70-145 N; side load 2 deg (values reduced 20% at max angle); length = A max, B = 120 mm; impact velocity 0.02-5 m/s; ~1000 full-load stops; damper individually calculated by ACE"
ACE Main Catalog 2018 metric p.264,SCS33-SCS64 safety,SCS45-75,73.9,3500,,,,,M45x1.5,45,246,1.59,optimised characteristic (safety / emergency stop),-12,66,"emergency-stop safety absorber (MAGNUM-based); E3 self-compensating 2040 Nm, E3 optimised characteristic 3500 Nm; return force 50-180 N; side load 1 deg (values reduced 20% at max angle); length = A max, B = 145 mm; impact velocity 0.02-5 m/s; ~1000 full-load stops; damper individually calculated by ACE"
ACE Main Catalog 2018 metric p.265,SCS33-SCS64 safety,SCS64-50,48.6,6000,,,,,M64x2,64,225,2.90,optimised characteristic (safety / emergency stop),-12,66,"emergency-stop safety absorber (MAGNUM-based); E3 self-compensating 3400 Nm, E3 optimised characteristic 6000 Nm; return force 90-155 N; side load 3 deg (values reduced 20% at max angle); length = A max, B = 140 mm; impact velocity 0.02-5 m/s; ~1000 full-load stops; damper individually calculated by ACE"
ACE Main Catalog 2018 metric p.265,SCS33-SCS64 safety,SCS64-100,99.4,12000,,,,,M64x2,64,326,3.70,optimised characteristic (safety / emergency stop),-12,66,"emergency-stop safety absorber (MAGNUM-based); E3 self-compensating 6800 Nm, E3 optimised characteristic 12000 Nm; return force 105-270 N; side load 2 deg (values reduced 20% at max angle); length = A max, B = 191 mm; impact velocity 0.02-5 m/s; ~1000 full-load stops; damper individually calculated by ACE"
ACE Main Catalog 2018 metric p.265,SCS33-SCS64 safety,SCS64-150,150.0,18000,,,,,M64x2,64,450,5.10,optimised characteristic (safety / emergency stop),-12,66,"emergency-stop safety absorber (MAGNUM-based); E3 self-compensating 10200 Nm, E3 optimised characteristic 18000 Nm; return force 75-365 N; side load 1 deg (values reduced 20% at max angle); length = A max, B = 241 mm; impact velocity 0.02-5 m/s; ~1000 full-load stops; damper individually calculated by ACE"
ACE Main Catalog 2018 metric p.266-267,SCS38-SCS63 high rack safety,SCS38-50,50,3600,,,,80000,,38,270,12.0,optimised characteristic (safety / emergency stop),-20,60,"high-rack / stacker crane safety absorber; return force 600-700 N; side load F/R flange 5.0 deg, S foot 4.0 deg; A max 270, B 205, D 175, E max 80 mm; weight F/R 12.0 kg, S 13.0 kg; max force per bore size from ACE web catalogue p.72-75 (main cat. family range 80-210 kN); impact velocity 0.5-4.6 m/s; ATF, N2 accumulator approx 2 bar; length = A max"
ACE Main Catalog 2018 metric p.266-267,SCS38-SCS63 high rack safety,SCS38-100,100,7200,,,,80000,,38,370,14.0,optimised characteristic (safety / emergency stop),-20,60,"high-rack / stacker crane safety absorber; return force 600-700 N; side load F/R flange 5.0 deg, S foot 4.0 deg; A max 370, B 255, D 225, E max 132 mm; weight F/R 14.0 kg, S 15.0 kg; max force per bore size from ACE web catalogue p.72-75 (main cat. family range 80-210 kN); impact velocity 0.5-4.6 m/s; ATF, N2 accumulator approx 2 bar; length = A max"
ACE Main Catalog 2018 metric p.266-267,SCS38-SCS63 high rack safety,SCS38-150,150,10800,,,,80000,,38,470,16.0,optimised characteristic (safety / emergency stop),-20,60,"high-rack / stacker crane safety absorber; return force 600-700 N; side load F/R flange 5.0 deg, S foot 4.0 deg; A max 470, B 305, D 275, E max 180 mm; weight F/R 16.0 kg, S 17.0 kg; max force per bore size from ACE web catalogue p.72-75 (main cat. family range 80-210 kN); impact velocity 0.5-4.6 m/s; ATF, N2 accumulator approx 2 bar; length = A max"
ACE Main Catalog 2018 metric p.266-267,SCS38-SCS63 high rack safety,SCS38-200,200,14400,,,,80000,,38,570,18.0,optimised characteristic (safety / emergency stop),-20,60,"high-rack / stacker crane safety absorber; return force 600-700 N; side load F/R flange 5.0 deg, S foot 4.0 deg; A max 570, B 355, D 325, E max 230 mm; weight F/R 18.0 kg, S 19.0 kg; max force per bore size from ACE web catalogue p.72-75 (main cat. family range 80-210 kN); impact velocity 0.5-4.6 m/s; ATF, N2 accumulator approx 2 bar; length = A max"
ACE Main Catalog 2018 metric p.266-267,SCS38-SCS63 high rack safety,SCS38-250,250,18000,,,,80000,,38,670,20.0,optimised characteristic (safety / emergency stop),-20,60,"high-rack / stacker crane safety absorber; return force 600-700 N; side load F/R flange 4.7 deg, S foot 3.7 deg; A max 670, B 405, D 375, E max 280 mm; weight F/R 20.0 kg, S 21.0 kg; max force per bore size from ACE web catalogue p.72-75 (main cat. family range 80-210 kN); impact velocity 0.5-4.6 m/s; ATF, N2 accumulator approx 2 bar; length = A max"
ACE Main Catalog 2018 metric p.266-267,SCS38-SCS63 high rack safety,SCS38-300,300,21600,,,,80000,,38,785,22.0,optimised characteristic (safety / emergency stop),-20,60,"high-rack / stacker crane safety absorber; return force 600-700 N; side load F/R flange 3.9 deg, S foot 2.9 deg; A max 785, B 470, D 440, E max 330 mm; weight F/R 22.0 kg, S 22.0 kg; max force per bore size from ACE web catalogue p.72-75 (main cat. family range 80-210 kN); impact velocity 0.5-4.6 m/s; ATF, N2 accumulator approx 2 bar; length = A max"
ACE Main Catalog 2018 metric p.266-267,SCS38-SCS63 high rack safety,SCS38-350,350,25200,,,,80000,,38,885,24.0,optimised characteristic (safety / emergency stop),-20,60,"high-rack / stacker crane safety absorber; return force 600-700 N; side load F/R flange 3.4 deg, S foot 2.4 deg; A max 885, B 520, D 490, E max 380 mm; weight F/R 24.0 kg, S 25.0 kg; max force per bore size from ACE web catalogue p.72-75 (main cat. family range 80-210 kN); impact velocity 0.5-4.6 m/s; ATF, N2 accumulator approx 2 bar; length = A max"
ACE Main Catalog 2018 metric p.266-267,SCS38-SCS63 high rack safety,SCS38-400,400,28800,,,,80000,,38,1000,26.0,optimised characteristic (safety / emergency stop),-20,60,"high-rack / stacker crane safety absorber; return force 600-700 N; side load F/R flange 3.0 deg, S foot 2.0 deg; A max 1,000, B 585, D 555, E max 430 mm; weight F/R 26.0 kg, S 27.0 kg; max force per bore size from ACE web catalogue p.72-75 (main cat. family range 80-210 kN); impact velocity 0.5-4.6 m/s; ATF, N2 accumulator approx 2 bar; length = A max"
ACE Main Catalog 2018 metric p.266-267,SCS38-SCS63 high rack safety,SCS38-500,500,36000,,,,80000,,38,1215,30.0,optimised characteristic (safety / emergency stop),-20,60,"high-rack / stacker crane safety absorber; return force 600-700 N; side load F/R flange 2.4 deg, S foot 1.4 deg; A max 1,215, B 700, D 670, E max 530 mm; weight F/R 30.0 kg, S 31.0 kg; max force per bore size from ACE web catalogue p.72-75 (main cat. family range 80-210 kN); impact velocity 0.5-4.6 m/s; ATF, N2 accumulator approx 2 bar; length = A max"
ACE Main Catalog 2018 metric p.266-267,SCS38-SCS63 high rack safety,SCS38-600,600,43200,,,,80000,,38,1430,34.0,optimised characteristic (safety / emergency stop),-20,60,"high-rack / stacker crane safety absorber; return force 600-700 N; side load F/R flange 1.9 deg, S foot 0.9 deg; A max 1,430, B 815, D 785, E max 630 mm; weight F/R 34.0 kg, S 34.0 kg; max force per bore size from ACE web catalogue p.72-75 (main cat. family range 80-210 kN); impact velocity 0.5-4.6 m/s; ATF, N2 accumulator approx 2 bar; length = A max"
ACE Main Catalog 2018 metric p.266-267,SCS38-SCS63 high rack safety,SCS38-700,700,50400,,,,80000,,38,1645,38.0,optimised characteristic (safety / emergency stop),-20,60,"high-rack / stacker crane safety absorber; return force 600-700 N; side load F/R flange 1.6 deg, S foot 0.6 deg; A max 1,645, B 930, D 900, E max 730 mm; weight F/R 38.0 kg, S 39.0 kg; max force per bore size from ACE web catalogue p.72-75 (main cat. family range 80-210 kN); impact velocity 0.5-4.6 m/s; ATF, N2 accumulator approx 2 bar; length = A max"
ACE Main Catalog 2018 metric p.266-267,SCS38-SCS63 high rack safety,SCS38-800,800,57600,,,,80000,,38,1860,43.0,optimised characteristic (safety / emergency stop),-20,60,"high-rack / stacker crane safety absorber; return force 600-700 N; side load F/R flange 1.3 deg, S foot 0.3 deg; A max 1,860, B 1,045, D 1,015, E max 830 mm; weight F/R 43.0 kg, S 44.0 kg; max force per bore size from ACE web catalogue p.72-75 (main cat. family range 80-210 kN); impact velocity 0.5-4.6 m/s; ATF, N2 accumulator approx 2 bar; length = A max"
ACE Main Catalog 2018 metric p.268,SCS38-SCS63 high rack safety,SCS50-100,100,14000,,,,160000,,50,390,22.0,optimised characteristic (safety / emergency stop),-20,60,"high-rack / stacker crane safety absorber; return force 1,000-1,200 N; side load F/R flange 5.0 deg, S foot 4.0 deg; A max 390, B 270, D 235, E max 138 mm; weight F/R 22.0 kg, S 23.0 kg; max force per bore size from ACE web catalogue p.72-75 (main cat. family range 80-210 kN); impact velocity 0.5-4.6 m/s; ATF, N2 accumulator approx 2 bar; length = A max"
ACE Main Catalog 2018 metric p.268,SCS38-SCS63 high rack safety,SCS50-150,150,21000,,,,160000,,50,490,25.0,optimised characteristic (safety / emergency stop),-20,60,"high-rack / stacker crane safety absorber; return force 1,000-1,200 N; side load F/R flange 5.0 deg, S foot 4.0 deg; A max 490, B 320, D 285, E max 188 mm; weight F/R 25.0 kg, S 26.0 kg; max force per bore size from ACE web catalogue p.72-75 (main cat. family range 80-210 kN); impact velocity 0.5-4.6 m/s; ATF, N2 accumulator approx 2 bar; length = A max"
ACE Main Catalog 2018 metric p.268,SCS38-SCS63 high rack safety,SCS50-200,200,28000,,,,160000,,50,590,27.0,optimised characteristic (safety / emergency stop),-20,60,"high-rack / stacker crane safety absorber; return force 1,000-1,200 N; side load F/R flange 5.0 deg, S foot 4.0 deg; A max 590, B 370, D 335, E max 238 mm; weight F/R 27.0 kg, S 28.0 kg; max force per bore size from ACE web catalogue p.72-75 (main cat. family range 80-210 kN); impact velocity 0.5-4.6 m/s; ATF, N2 accumulator approx 2 bar; length = A max"
ACE Main Catalog 2018 metric p.268,SCS38-SCS63 high rack safety,SCS50-250,250,35000,,,,160000,,50,690,30.0,optimised characteristic (safety / emergency stop),-20,60,"high-rack / stacker crane safety absorber; return force 1,000-1,200 N; side load F/R flange 4.5 deg, S foot 3.5 deg; A max 690, B 420, D 385, E max 288 mm; weight F/R 30.0 kg, S 31.0 kg; max force per bore size from ACE web catalogue p.72-75 (main cat. family range 80-210 kN); impact velocity 0.5-4.6 m/s; ATF, N2 accumulator approx 2 bar; length = A max"
ACE Main Catalog 2018 metric p.268,SCS38-SCS63 high rack safety,SCS50-300,300,42000,,,,160000,,50,805,33.0,optimised characteristic (safety / emergency stop),-20,60,"high-rack / stacker crane safety absorber; return force 1,000-1,200 N; side load F/R flange 3.8 deg, S foot 2.8 deg; A max 805, B 485, D 450, E max 338 mm; weight F/R 33.0 kg, S 34.0 kg; max force per bore size from ACE web catalogue p.72-75 (main cat. family range 80-210 kN); impact velocity 0.5-4.6 m/s; ATF, N2 accumulator approx 2 bar; length = A max"
ACE Main Catalog 2018 metric p.268,SCS38-SCS63 high rack safety,SCS50-350,350,49000,,,,160000,,50,905,35.0,optimised characteristic (safety / emergency stop),-20,60,"high-rack / stacker crane safety absorber; return force 1,000-1,200 N; side load F/R flange 3.3 deg, S foot 2.3 deg; A max 905, B 535, D 500, E max 388 mm; weight F/R 35.0 kg, S 37.0 kg; max force per bore size from ACE web catalogue p.72-75 (main cat. family range 80-210 kN); impact velocity 0.5-4.6 m/s; ATF, N2 accumulator approx 2 bar; length = A max"
ACE Main Catalog 2018 metric p.268,SCS38-SCS63 high rack safety,SCS50-400,400,56000,,,,160000,,50,1020,38.0,optimised characteristic (safety / emergency stop),-20,60,"high-rack / stacker crane safety absorber; return force 1,000-1,200 N; side load F/R flange 2.9 deg, S foot 1.9 deg; A max 1,020, B 600, D 565, E max 438 mm; weight F/R 38.0 kg, S 40.0 kg; max force per bore size from ACE web catalogue p.72-75 (main cat. family range 80-210 kN); impact velocity 0.5-4.6 m/s; ATF, N2 accumulator approx 2 bar; length = A max"
ACE Main Catalog 2018 metric p.268,SCS38-SCS63 high rack safety,SCS50-500,500,70000,,,,160000,,50,1235,44.0,optimised characteristic (safety / emergency stop),-20,60,"high-rack / stacker crane safety absorber; return force 1,000-1,200 N; side load F/R flange 2.3 deg, S foot 1.3 deg; A max 1,235, B 715, D 680, E max 538 mm; weight F/R 44.0 kg, S 45.0 kg; max force per bore size from ACE web catalogue p.72-75 (main cat. family range 80-210 kN); impact velocity 0.5-4.6 m/s; ATF, N2 accumulator approx 2 bar; length = A max"
ACE Main Catalog 2018 metric p.268,SCS38-SCS63 high rack safety,SCS50-600,600,84000,,,,160000,,50,1450,50.0,optimised characteristic (safety / emergency stop),-20,60,"high-rack / stacker crane safety absorber; return force 1,000-1,200 N; side load F/R flange 1.9 deg, S foot 0.9 deg; A max 1,450, B 830, D 795, E max 638 mm; weight F/R 50.0 kg, S 51.0 kg; max force per bore size from ACE web catalogue p.72-75 (main cat. family range 80-210 kN); impact velocity 0.5-4.6 m/s; ATF, N2 accumulator approx 2 bar; length = A max"
ACE Main Catalog 2018 metric p.268,SCS38-SCS63 high rack safety,SCS50-700,700,98000,,,,160000,,50,1665,55.0,optimised characteristic (safety / emergency stop),-20,60,"high-rack / stacker crane safety absorber; return force 1,000-1,200 N; side load F/R flange 1.6 deg, S foot 0.6 deg; A max 1,665, B 945, D 910, E max 738 mm; weight F/R 55.0 kg, S 57.0 kg; max force per bore size from ACE web catalogue p.72-75 (main cat. family range 80-210 kN); impact velocity 0.5-4.6 m/s; ATF, N2 accumulator approx 2 bar; length = A max"
ACE Main Catalog 2018 metric p.268,SCS38-SCS63 high rack safety,SCS50-800,800,112000,,,,160000,,50,1880,61.0,optimised characteristic (safety / emergency stop),-20,60,"high-rack / stacker crane safety absorber; return force 1,000-1,200 N; side load F/R flange 1.3 deg, S foot 0.3 deg; A max 1,880, B 1,060, D 1,025, E max 838 mm; weight F/R 61.0 kg, S 63.0 kg; max force per bore size from ACE web catalogue p.72-75 (main cat. family range 80-210 kN); impact velocity 0.5-4.6 m/s; ATF, N2 accumulator approx 2 bar; length = A max"
ACE Main Catalog 2018 metric p.268,SCS38-SCS63 high rack safety,SCS50-1000,1000,140000,,,,160000,,50,2310,72.0,optimised characteristic (safety / emergency stop),-20,60,"high-rack / stacker crane safety absorber; return force 1,000-1,200 N; side load F/R flange 1.0 deg, S foot 0.0 deg; A max 2,310, B 1,290, D 1,255, E max 1,038 mm; weight F/R 72.0 kg, S 74.0 kg; max force per bore size from ACE web catalogue p.72-75 (main cat. family range 80-210 kN); impact velocity 0.5-4.6 m/s; ATF, N2 accumulator approx 2 bar; length = A max"
ACE Main Catalog 2018 metric p.269,SCS38-SCS63 high rack safety,SCS63-100,100,18000,,,,210000,,63,405,29.0,optimised characteristic (safety / emergency stop),-20,60,"high-rack / stacker crane safety absorber; return force 1,500-2,500 N; side load F/R flange 5.0 deg, S foot 4.0 deg; A max 405, B 285, D 240, E max 143 mm; weight F/R 29.0 kg, S 32.0 kg; max force per bore size from ACE web catalogue p.72-75 (main cat. family range 80-210 kN); impact velocity 0.5-4.6 m/s; ATF, N2 accumulator approx 2 bar; length = A max"
ACE Main Catalog 2018 metric p.269,SCS38-SCS63 high rack safety,SCS63-150,150,27000,,,,210000,,63,505,32.0,optimised characteristic (safety / emergency stop),-20,60,"high-rack / stacker crane safety absorber; return force 1,500-2,500 N; side load F/R flange 5.0 deg, S foot 4.0 deg; A max 505, B 335, D 290, E max 193 mm; weight F/R 32.0 kg, S 35.0 kg; max force per bore size from ACE web catalogue p.72-75 (main cat. family range 80-210 kN); impact velocity 0.5-4.6 m/s; ATF, N2 accumulator approx 2 bar; length = A max"
ACE Main Catalog 2018 metric p.269,SCS38-SCS63 high rack safety,SCS63-200,200,36000,,,,210000,,63,605,35.0,optimised characteristic (safety / emergency stop),-20,60,"high-rack / stacker crane safety absorber; return force 1,500-2,500 N; side load F/R flange 5.0 deg, S foot 4.0 deg; A max 605, B 385, D 340, E max 243 mm; weight F/R 35.0 kg, S 38.0 kg; max force per bore size from ACE web catalogue p.72-75 (main cat. family range 80-210 kN); impact velocity 0.5-4.6 m/s; ATF, N2 accumulator approx 2 bar; length = A max"
ACE Main Catalog 2018 metric p.269,SCS38-SCS63 high rack safety,SCS63-250,250,45000,,,,210000,,63,705,38.0,optimised characteristic (safety / emergency stop),-20,60,"high-rack / stacker crane safety absorber; return force 1,500-2,500 N; side load F/R flange 5.0 deg, S foot 4.0 deg; A max 705, B 435, D 390, E max 293 mm; weight F/R 38.0 kg, S 42.0 kg; max force per bore size from ACE web catalogue p.72-75 (main cat. family range 80-210 kN); impact velocity 0.5-4.6 m/s; ATF, N2 accumulator approx 2 bar; length = A max"
ACE Main Catalog 2018 metric p.269,SCS38-SCS63 high rack safety,SCS63-300,300,54000,,,,210000,,63,805,41.0,optimised characteristic (safety / emergency stop),-20,60,"high-rack / stacker crane safety absorber; return force 1,500-2,500 N; side load F/R flange 5.0 deg, S foot 4.0 deg; A max 805, B 485, D 440, E max 343 mm; weight F/R 41.0 kg, S 45.0 kg; max force per bore size from ACE web catalogue p.72-75 (main cat. family range 80-210 kN); impact velocity 0.5-4.6 m/s; ATF, N2 accumulator approx 2 bar; length = A max"
ACE Main Catalog 2018 metric p.269,SCS38-SCS63 high rack safety,SCS63-350,350,63000,,,,210000,,63,925,45.0,optimised characteristic (safety / emergency stop),-20,60,"high-rack / stacker crane safety absorber; return force 1,500-2,500 N; side load F/R flange 5.0 deg, S foot 4.0 deg; A max 925, B 555, D 510, E max 393 mm; weight F/R 45.0 kg, S 49.0 kg; max force per bore size from ACE web catalogue p.72-75 (main cat. family range 80-210 kN); impact velocity 0.5-4.6 m/s; ATF, N2 accumulator approx 2 bar; length = A max"
ACE Main Catalog 2018 metric p.269,SCS38-SCS63 high rack safety,SCS63-400,400,72000,,,,210000,,63,1025,48.0,optimised characteristic (safety / emergency stop),-20,60,"high-rack / stacker crane safety absorber; return force 1,500-2,500 N; side load F/R flange 5.0 deg, S foot 4.0 deg; A max 1,025, B 605, D 560, E max 443 mm; weight F/R 48.0 kg, S 52.0 kg; max force per bore size from ACE web catalogue p.72-75 (main cat. family range 80-210 kN); impact velocity 0.5-4.6 m/s; ATF, N2 accumulator approx 2 bar; length = A max"
ACE Main Catalog 2018 metric p.269,SCS38-SCS63 high rack safety,SCS63-500,500,90000,,,,210000,,63,1245,55.0,optimised characteristic (safety / emergency stop),-20,60,"high-rack / stacker crane safety absorber; return force 1,500-2,500 N; side load F/R flange 4.2 deg, S foot 3.2 deg; A max 1,245, B 725, D 680, E max 543 mm; weight F/R 55.0 kg, S 60.0 kg; max force per bore size from ACE web catalogue p.72-75 (main cat. family range 80-210 kN); impact velocity 0.5-4.6 m/s; ATF, N2 accumulator approx 2 bar; length = A max"
ACE Main Catalog 2018 metric p.269,SCS38-SCS63 high rack safety,SCS63-600,600,108000,,,,210000,,63,1445,62.0,optimised characteristic (safety / emergency stop),-20,60,"high-rack / stacker crane safety absorber; return force 1,500-2,500 N; side load F/R flange 3.4 deg, S foot 2.4 deg; A max 1,445, B 825, D 780, E max 643 mm; weight F/R 62.0 kg, S 66.0 kg; max force per bore size from ACE web catalogue p.72-75 (main cat. family range 80-210 kN); impact velocity 0.5-4.6 m/s; ATF, N2 accumulator approx 2 bar; length = A max"
ACE Main Catalog 2018 metric p.269,SCS38-SCS63 high rack safety,SCS63-700,700,126000,,,,210000,,63,1665,69.0,optimised characteristic (safety / emergency stop),-20,60,"high-rack / stacker crane safety absorber; return force 1,500-2,500 N; side load F/R flange 2.9 deg, S foot 1.9 deg; A max 1,665, B 945, D 900, E max 746 mm; weight F/R 69.0 kg, S 73.0 kg; max force per bore size from ACE web catalogue p.72-75 (main cat. family range 80-210 kN); impact velocity 0.5-4.6 m/s; ATF, N2 accumulator approx 2 bar; length = A max"
ACE Main Catalog 2018 metric p.269,SCS38-SCS63 high rack safety,SCS63-800,800,144000,,,,210000,,63,1865,75.0,optimised characteristic (safety / emergency stop),-20,60,"high-rack / stacker crane safety absorber; return force 1,500-2,500 N; side load F/R flange 2.5 deg, S foot 1.5 deg; A max 1,865, B 1,045, D 1,000, E max 843 mm; weight F/R 75.0 kg, S 79.0 kg; max force per bore size from ACE web catalogue p.72-75 (main cat. family range 80-210 kN); impact velocity 0.5-4.6 m/s; ATF, N2 accumulator approx 2 bar; length = A max"
ACE Main Catalog 2018 metric p.269,SCS38-SCS63 high rack safety,SCS63-1000,1000,180000,,,,210000,,63,2285,89.0,optimised characteristic (safety / emergency stop),-20,60,"high-rack / stacker crane safety absorber; return force 1,500-2,500 N; side load F/R flange 1.9 deg, S foot 0.9 deg; A max 2,285, B 1,265, D 1,220, E max 1,043 mm; weight F/R 89.0 kg, S 93.0 kg; max force per bore size from ACE web catalogue p.72-75 (main cat. family range 80-210 kN); impact velocity 0.5-4.6 m/s; ATF, N2 accumulator approx 2 bar; length = A max"
ACE Main Catalog 2018 metric p.269,SCS38-SCS63 high rack safety,SCS63-1200,1200,216000,,,,210000,,63,2705,102.0,optimised characteristic (safety / emergency stop),-20,60,"high-rack / stacker crane safety absorber; return force 1,500-2,500 N; side load F/R flange 1.4 deg, S foot 0.4 deg; A max 2,705, B 1,485, D 1,440, E max 1,243 mm; weight F/R 102.0 kg, S 106.0 kg; max force per bore size from ACE web catalogue p.72-75 (main cat. family range 80-210 kN); impact velocity 0.5-4.6 m/s; ATF, N2 accumulator approx 2 bar; length = A max"
ACE Main Catalog 2018 metric p.270-271,CB63-CB160 crane buffer,CB63-100,100,16000,,1510,128000,187000,M90x2,90,420,12.7,optimised characteristic (safety / emergency stop),-12,66,"crane installation safety absorber, optimised characteristic; gas accumulator return, filling pressure approx 5.6-5.9 bar; return force 1,700-18,500 N; A max 420, B 288, C 192 mm; side load 3.5 deg (values reduced 20% at max angle); length = A max; thread/body dia and max force from ACE web catalogue p.76-79 (main cat. family reacting force 187-700 kN); impact velocity 0.5-4.6 m/s; ATF; designed to AISE standards; individually calculated by ACE"
ACE Main Catalog 2018 metric p.270-271,CB63-CB160 crane buffer,CB63-200,200,32000,,3020,256000,187000,M90x2,90,700,16.7,optimised characteristic (safety / emergency stop),-12,66,"crane installation safety absorber, optimised characteristic; gas accumulator return, filling pressure approx 5.6-5.9 bar; return force 1,700-24,000 N; A max 700, B 468, C 292 mm; side load 3.0 deg (values reduced 20% at max angle); length = A max; thread/body dia and max force from ACE web catalogue p.76-79 (main cat. family reacting force 187-700 kN); impact velocity 0.5-4.6 m/s; ATF; designed to AISE standards; individually calculated by ACE"
ACE Main Catalog 2018 metric p.270-271,CB63-CB160 crane buffer,CB63-300,300,48000,,4540,384000,187000,M90x2,90,980,20.8,optimised characteristic (safety / emergency stop),-12,66,"crane installation safety absorber, optimised characteristic; gas accumulator return, filling pressure approx 5.6-5.9 bar; return force 1,700-27,000 N; A max 980, B 648, C 392 mm; side load 2.5 deg (values reduced 20% at max angle); length = A max; thread/body dia and max force from ACE web catalogue p.76-79 (main cat. family reacting force 187-700 kN); impact velocity 0.5-4.6 m/s; ATF; designed to AISE standards; individually calculated by ACE"
ACE Main Catalog 2018 metric p.270-271,CB63-CB160 crane buffer,CB63-400,400,64000,,6050,512000,187000,M90x2,90,1260,24.8,optimised characteristic (safety / emergency stop),-12,66,"crane installation safety absorber, optimised characteristic; gas accumulator return, filling pressure approx 5.6-5.9 bar; return force 1,700-29,000 N; A max 1,260, B 828, C 492 mm; side load 2.0 deg (values reduced 20% at max angle); length = A max; thread/body dia and max force from ACE web catalogue p.76-79 (main cat. family reacting force 187-700 kN); impact velocity 0.5-4.6 m/s; ATF; designed to AISE standards; individually calculated by ACE"
ACE Main Catalog 2018 metric p.270-271,CB63-CB160 crane buffer,CB63-500,500,80000,,7560,640000,187000,M90x2,90,1540,28.8,optimised characteristic (safety / emergency stop),-12,66,"crane installation safety absorber, optimised characteristic; gas accumulator return, filling pressure approx 5.6-5.9 bar; return force 1,700-30,000 N; A max 1,540, B 1,008, C 592 mm; side load 1.5 deg (values reduced 20% at max angle); length = A max; thread/body dia and max force from ACE web catalogue p.76-79 (main cat. family reacting force 187-700 kN); impact velocity 0.5-4.6 m/s; ATF; designed to AISE standards; individually calculated by ACE"
ACE Main Catalog 2018 metric p.270-271,CB63-CB160 crane buffer,CB100-200,200,80000,,7560,640000,467000,M130x2,130,735,42.5,optimised characteristic (safety / emergency stop),-12,66,"crane installation safety absorber, optimised characteristic; gas accumulator return, filling pressure approx 5.6-5.9 bar; return force 4,500-44,000 N; A max 735, B 495, C 320 mm; side load 4.0 deg (values reduced 20% at max angle); length = A max; thread/body dia and max force from ACE web catalogue p.76-79 (main cat. family reacting force 187-700 kN); impact velocity 0.5-4.6 m/s; ATF; designed to AISE standards; individually calculated by ACE"
ACE Main Catalog 2018 metric p.270-271,CB63-CB160 crane buffer,CB100-300,300,120000,,11340,960000,467000,M130x2,130,1005,50.8,optimised characteristic (safety / emergency stop),-12,66,"crane installation safety absorber, optimised characteristic; gas accumulator return, filling pressure approx 5.6-5.9 bar; return force 4,500-56,000 N; A max 1,005, B 665, C 420 mm; side load 3.5 deg (values reduced 20% at max angle); length = A max; thread/body dia and max force from ACE web catalogue p.76-79 (main cat. family reacting force 187-700 kN); impact velocity 0.5-4.6 m/s; ATF; designed to AISE standards; individually calculated by ACE"
ACE Main Catalog 2018 metric p.270-271,CB63-CB160 crane buffer,CB100-400,400,160000,,15120,1280000,467000,M130x2,130,1275,59.1,optimised characteristic (safety / emergency stop),-12,66,"crane installation safety absorber, optimised characteristic; gas accumulator return, filling pressure approx 5.6-5.9 bar; return force 4,500-65,000 N; A max 1,275, B 835, C 520 mm; side load 3.0 deg (values reduced 20% at max angle); length = A max; thread/body dia and max force from ACE web catalogue p.76-79 (main cat. family reacting force 187-700 kN); impact velocity 0.5-4.6 m/s; ATF; designed to AISE standards; individually calculated by ACE"
ACE Main Catalog 2018 metric p.270-271,CB63-CB160 crane buffer,CB100-500,500,200000,,18900,1600000,467000,M130x2,130,1545,67.5,optimised characteristic (safety / emergency stop),-12,66,"crane installation safety absorber, optimised characteristic; gas accumulator return, filling pressure approx 5.6-5.9 bar; return force 4,500-71,000 N; A max 1,545, B 1,005, C 620 mm; side load 2.5 deg (values reduced 20% at max angle); length = A max; thread/body dia and max force from ACE web catalogue p.76-79 (main cat. family reacting force 187-700 kN); impact velocity 0.5-4.6 m/s; ATF; designed to AISE standards; individually calculated by ACE"
ACE Main Catalog 2018 metric p.270-271,CB63-CB160 crane buffer,CB100-600,600,240000,,22680,1920000,467000,M130x2,130,1815,75.8,optimised characteristic (safety / emergency stop),-12,66,"crane installation safety absorber, optimised characteristic; gas accumulator return, filling pressure approx 5.6-5.9 bar; return force 4,500-76,000 N; A max 1,815, B 1,175, C 720 mm; side load 2.0 deg (values reduced 20% at max angle); length = A max; thread/body dia and max force from ACE web catalogue p.76-79 (main cat. family reacting force 187-700 kN); impact velocity 0.5-4.6 m/s; ATF; designed to AISE standards; individually calculated by ACE"
ACE Main Catalog 2018 metric p.270-271,CB63-CB160 crane buffer,CB160-400,400,240000,,22700,1920000,700000,M210x2,210,1400,154.0,optimised characteristic (safety / emergency stop),-12,66,"crane installation safety absorber, optimised characteristic; gas accumulator return, filling pressure approx 5.6-5.9 bar; return force 11,000-71,000 N; A max 1,400, B 940, C 600 mm; side load 4 deg (values reduced 20% at max angle); length = A max; thread/body dia and max force from ACE web catalogue p.76-79 (main cat. family reacting force 187-700 kN); impact velocity 0.5-4.6 m/s; ATF; designed to AISE standards; individually calculated by ACE"
ACE Main Catalog 2018 metric p.270-271,CB63-CB160 crane buffer,CB160-600,600,360000,,34000,2880000,700000,M210x2,210,2000,188.0,optimised characteristic (safety / emergency stop),-12,66,"crane installation safety absorber, optimised characteristic; gas accumulator return, filling pressure approx 5.6-5.9 bar; return force 11,000-71,000 N; A max 2,000, B 1,340, C 800 mm; side load 3 deg (values reduced 20% at max angle); length = A max; thread/body dia and max force from ACE web catalogue p.76-79 (main cat. family reacting force 187-700 kN); impact velocity 0.5-4.6 m/s; ATF; designed to AISE standards; individually calculated by ACE"
ACE Main Catalog 2018 metric p.270-271,CB63-CB160 crane buffer,CB160-800,800,480000,,45400,3840000,700000,M210x2,210,2600,221.0,optimised characteristic (safety / emergency stop),-12,66,"crane installation safety absorber, optimised characteristic; gas accumulator return, filling pressure approx 5.6-5.9 bar; return force 11,000-71,000 N; A max 2,600, B 1,740, C 1,000 mm; side load 2 deg (values reduced 20% at max angle); length = A max; thread/body dia and max force from ACE web catalogue p.76-79 (main cat. family reacting force 187-700 kN); impact velocity 0.5-4.6 m/s; ATF; designed to AISE standards; individually calculated by ACE"
ACE Main Catalog 2018 metric p.272-273,EB63-EB160 crane buffer low return force,EB63-100,100,16000,,1510,128000,187000,M90x2,90,420,13.7,optimised characteristic (safety / emergency stop),-12,66,"crane installation safety absorber, optimised characteristic; spring package + gas accumulator return, filling pressure approx 0.55-1.1 bar; return force 700-6,900 N; A max 420, B 288, C 192 mm; side load 3.5 deg (values reduced 20% at max angle); length = A max; thread/body dia and max force from ACE web catalogue p.76-79 (main cat. family reacting force 187-700 kN); impact velocity 0.5-4.6 m/s; ATF; designed to AISE standards; individually calculated by ACE"
ACE Main Catalog 2018 metric p.272-273,EB63-EB160 crane buffer low return force,EB63-200,200,32000,,3020,256000,187000,M90x2,90,700,16.7,optimised characteristic (safety / emergency stop),-12,66,"crane installation safety absorber, optimised characteristic; spring package + gas accumulator return, filling pressure approx 0.55-1.1 bar; return force 770-9,300 N; A max 700, B 468, C 292 mm; side load 3.0 deg (values reduced 20% at max angle); length = A max; thread/body dia and max force from ACE web catalogue p.76-79 (main cat. family reacting force 187-700 kN); impact velocity 0.5-4.6 m/s; ATF; designed to AISE standards; individually calculated by ACE"
ACE Main Catalog 2018 metric p.272-273,EB63-EB160 crane buffer low return force,EB63-300,300,48000,,4540,384000,187000,M90x2,90,980,21.8,optimised characteristic (safety / emergency stop),-12,66,"crane installation safety absorber, optimised characteristic; spring package + gas accumulator return, filling pressure approx 0.55-1.1 bar; return force 830-10,600 N; A max 980, B 648, C 392 mm; side load 2.5 deg (values reduced 20% at max angle); length = A max; thread/body dia and max force from ACE web catalogue p.76-79 (main cat. family reacting force 187-700 kN); impact velocity 0.5-4.6 m/s; ATF; designed to AISE standards; individually calculated by ACE"
ACE Main Catalog 2018 metric p.272-273,EB63-EB160 crane buffer low return force,EB63-400,400,64000,,6050,512000,187000,M90x2,90,1260,25.8,optimised characteristic (safety / emergency stop),-12,66,"crane installation safety absorber, optimised characteristic; spring package + gas accumulator return, filling pressure approx 0.55-1.1 bar; return force 600-11,100 N; A max 1,260, B 828, C 492 mm; side load 2.0 deg (values reduced 20% at max angle); length = A max; thread/body dia and max force from ACE web catalogue p.76-79 (main cat. family reacting force 187-700 kN); impact velocity 0.5-4.6 m/s; ATF; designed to AISE standards; individually calculated by ACE"
ACE Main Catalog 2018 metric p.272-273,EB63-EB160 crane buffer low return force,EB63-500,500,80000,,7560,640000,187000,M90x2,90,1540,29.8,optimised characteristic (safety / emergency stop),-12,66,"crane installation safety absorber, optimised characteristic; spring package + gas accumulator return, filling pressure approx 0.55-1.1 bar; return force 670-12,000 N; A max 1,540, B 1,008, C 592 mm; side load 1.5 deg (values reduced 20% at max angle); length = A max; thread/body dia and max force from ACE web catalogue p.76-79 (main cat. family reacting force 187-700 kN); impact velocity 0.5-4.6 m/s; ATF; designed to AISE standards; individually calculated by ACE"
ACE Main Catalog 2018 metric p.272-273,EB63-EB160 crane buffer low return force,EB100-200,200,80000,,7560,640000,467000,M130x2,130,735,42.5,optimised characteristic (safety / emergency stop),-12,66,"crane installation safety absorber, optimised characteristic; spring package + gas accumulator return, filling pressure approx 0.55-1.1 bar; return force 1,200-8,900 N; A max 735, B 495, C 320 mm; side load 4.0 deg (values reduced 20% at max angle); length = A max; thread/body dia and max force from ACE web catalogue p.76-79 (main cat. family reacting force 187-700 kN); impact velocity 0.5-4.6 m/s; ATF; designed to AISE standards; individually calculated by ACE"
ACE Main Catalog 2018 metric p.272-273,EB63-EB160 crane buffer low return force,EB100-300,300,120000,,11340,960000,467000,M130x2,130,1005,50.8,optimised characteristic (safety / emergency stop),-12,66,"crane installation safety absorber, optimised characteristic; spring package + gas accumulator return, filling pressure approx 0.55-1.1 bar; return force 950-14,100 N; A max 1,005, B 665, C 420 mm; side load 3.5 deg (values reduced 20% at max angle); length = A max; thread/body dia and max force from ACE web catalogue p.76-79 (main cat. family reacting force 187-700 kN); impact velocity 0.5-4.6 m/s; ATF; designed to AISE standards; individually calculated by ACE"
ACE Main Catalog 2018 metric p.272-273,EB63-EB160 crane buffer low return force,EB100-400,400,160000,,15120,1280000,467000,M130x2,130,1275,59.1,optimised characteristic (safety / emergency stop),-12,66,"crane installation safety absorber, optimised characteristic; spring package + gas accumulator return, filling pressure approx 0.55-1.1 bar; return force 1,190-18,200 N; A max 1,275, B 835, C 520 mm; side load 3.0 deg (values reduced 20% at max angle); length = A max; thread/body dia and max force from ACE web catalogue p.76-79 (main cat. family reacting force 187-700 kN); impact velocity 0.5-4.6 m/s; ATF; designed to AISE standards; individually calculated by ACE"
ACE Main Catalog 2018 metric p.272-273,EB63-EB160 crane buffer low return force,EB100-500,500,200000,,18900,1600000,467000,M130x2,130,1545,68.5,optimised characteristic (safety / emergency stop),-12,66,"crane installation safety absorber, optimised characteristic; spring package + gas accumulator return, filling pressure approx 0.55-1.1 bar; return force 930-20,800 N; A max 1,545, B 1,005, C 620 mm; side load 2.5 deg (values reduced 20% at max angle); length = A max; thread/body dia and max force from ACE web catalogue p.76-79 (main cat. family reacting force 187-700 kN); impact velocity 0.5-4.6 m/s; ATF; designed to AISE standards; individually calculated by ACE"
ACE Main Catalog 2018 metric p.272-273,EB63-EB160 crane buffer low return force,EB100-600,600,240000,,22680,1920000,467000,M130x2,130,1815,76.8,optimised characteristic (safety / emergency stop),-12,66,"crane installation safety absorber, optimised characteristic; spring package + gas accumulator return, filling pressure approx 0.55-1.1 bar; return force 1,170-23,300 N; A max 1,815, B 1,175, C 720 mm; side load 2.0 deg (values reduced 20% at max angle); length = A max; thread/body dia and max force from ACE web catalogue p.76-79 (main cat. family reacting force 187-700 kN); impact velocity 0.5-4.6 m/s; ATF; designed to AISE standards; individually calculated by ACE"
ACE Main Catalog 2018 metric p.272-273,EB63-EB160 crane buffer low return force,EB160-400,400,240000,,22700,1920000,700000,M210x2,210,1400,155.6,optimised characteristic (safety / emergency stop),-12,66,"crane installation safety absorber, optimised characteristic; spring package + gas accumulator return, filling pressure approx 0.55-1.1 bar; return force 1,870-18,100 N; A max 1,400, B 940, C 600 mm; side load 4 deg (values reduced 20% at max angle); length = A max; thread/body dia and max force from ACE web catalogue p.76-79 (main cat. family reacting force 187-700 kN); impact velocity 0.5-4.6 m/s; ATF; designed to AISE standards; individually calculated by ACE"
ACE Main Catalog 2018 metric p.272-273,EB63-EB160 crane buffer low return force,EB160-600,600,360000,,34000,2880000,700000,M210x2,210,2000,189.0,optimised characteristic (safety / emergency stop),-12,66,"crane installation safety absorber, optimised characteristic; spring package + gas accumulator return, filling pressure approx 0.55-1.1 bar; return force 2,100-18,800 N; A max 2,000, B 1,340, C 800 mm; side load 3 deg (values reduced 20% at max angle); length = A max; thread/body dia and max force from ACE web catalogue p.76-79 (main cat. family reacting force 187-700 kN); impact velocity 0.5-4.6 m/s; ATF; designed to AISE standards; individually calculated by ACE"
ACE Main Catalog 2018 metric p.272-273,EB63-EB160 crane buffer low return force,EB160-800,800,480000,,45400,3840000,700000,M210x2,210,2600,222.3,optimised characteristic (safety / emergency stop),-12,66,"crane installation safety absorber, optimised characteristic; spring package + gas accumulator return, filling pressure approx 0.55-1.1 bar; return force 2,400-19,500 N; A max 2,600, B 1,740, C 1,000 mm; side load 2 deg (values reduced 20% at max angle); length = A max; thread/body dia and max force from ACE web catalogue p.76-79 (main cat. family reacting force 187-700 kN); impact velocity 0.5-4.6 m/s; ATF; designed to AISE standards; individually calculated by ACE"
ACE Main Catalog 2018 metric p.280-281,TUBUS TC / TC-S crane buffer,TC64-62-S,62,450,,,,,M12,64,79,0.174,profile damper (co-polyester elastomer),-40,90,"E3 continuous 450 Nm, E3 emergency stop 630 Nm; energy absorption 31-64 %; dynamic force range (family) 80,000-978,000 N; d1 64, d2 52, d3 89 mm; length = A; -S = soft type; meets OSHA/CMAA; impact velocity max 5 m/s"
ACE Main Catalog 2018 metric p.280-281,TUBUS TC / TC-S crane buffer,TC74-76-S,76,980,,,,,M12,74,96,0.260,profile damper (co-polyester elastomer),-40,90,"E3 continuous 980 Nm, E3 emergency stop 1372 Nm; energy absorption 31-64 %; dynamic force range (family) 80,000-978,000 N; d1 74, d2 61, d3 114 mm; length = A; -S = soft type; meets OSHA/CMAA; impact velocity max 5 m/s"
ACE Main Catalog 2018 metric p.280-281,TUBUS TC / TC-S crane buffer,TC83-73-S,73,1940,,,,,M12,83,94,0.328,profile damper (co-polyester elastomer),-40,90,"E3 continuous 1940 Nm, E3 emergency stop 2715 Nm; energy absorption 31-64 %; dynamic force range (family) 80,000-978,000 N; d1 83, d2 69, d3 127 mm; length = A; -S = soft type; meets OSHA/CMAA; impact velocity max 5 m/s"
ACE Main Catalog 2018 metric p.280-281,TUBUS TC / TC-S crane buffer,TC86-39,39,1210,,,,,M12,86,56,0.284,profile damper (co-polyester elastomer),-40,90,"E3 continuous 1210 Nm, E3 emergency stop 1695 Nm; energy absorption 31-64 %; dynamic force range (family) 80,000-978,000 N; d1 86, d2 78, d3 133 mm; length = A; -S = soft type; meets OSHA/CMAA; impact velocity max 5 m/s"
ACE Main Catalog 2018 metric p.280-281,TUBUS TC / TC-S crane buffer,TC90-49,49,1640,,,,,M12,90,68,0.264,profile damper (co-polyester elastomer),-40,90,"E3 continuous 1640 Nm, E3 emergency stop 2295 Nm; energy absorption 31-64 %; dynamic force range (family) 80,000-978,000 N; d1 90, d2 67, d3 124 mm; length = A; -S = soft type; meets OSHA/CMAA; impact velocity max 5 m/s"
ACE Main Catalog 2018 metric p.280-281,TUBUS TC / TC-S crane buffer,TC100-59,59,1785,,,,,M12,100,84,0.543,profile damper (co-polyester elastomer),-40,90,"E3 continuous 1785 Nm, E3 emergency stop 2500 Nm; energy absorption 31-64 %; dynamic force range (family) 80,000-978,000 N; d1 100, d2 91, d3 149 mm; length = A; -S = soft type; meets OSHA/CMAA; impact velocity max 5 m/s"
ACE Main Catalog 2018 metric p.280-281,TUBUS TC / TC-S crane buffer,TC102-63,63,1970,,,,,M16,102,98,0.662,profile damper (co-polyester elastomer),-40,90,"E3 continuous 1970 Nm, E3 emergency stop 2760 Nm; energy absorption 31-64 %; dynamic force range (family) 80,000-978,000 N; d1 102, d2 82, d3 140 mm; length = A; -S = soft type; meets OSHA/CMAA; impact velocity max 5 m/s"
ACE Main Catalog 2018 metric p.280-281,TUBUS TC / TC-S crane buffer,TC108-30,30,1900,,,,,M12,108,53,0.392,profile damper (co-polyester elastomer),-40,90,"E3 continuous 1900 Nm, E3 emergency stop 2660 Nm; energy absorption 31-64 %; dynamic force range (family) 80,000-978,000 N; d1 108, d2 77, d3 133 mm; length = A; -S = soft type; meets OSHA/CMAA; impact velocity max 5 m/s"
ACE Main Catalog 2018 metric p.280-281,TUBUS TC / TC-S crane buffer,TC117-97,97,3710,,,,,M16,117,129,1.043,profile damper (co-polyester elastomer),-40,90,"E3 continuous 3710 Nm, E3 emergency stop 5195 Nm; energy absorption 31-64 %; dynamic force range (family) 80,000-978,000 N; d1 117, d2 100, d3 188 mm; length = A; -S = soft type; meets OSHA/CMAA; impact velocity max 5 m/s"
ACE Main Catalog 2018 metric p.280-281,TUBUS TC / TC-S crane buffer,TC134-146-S,146,7310,,,,,M16,134,188,1.695,profile damper (co-polyester elastomer),-40,90,"E3 continuous 7310 Nm, E3 emergency stop 10230 Nm; energy absorption 31-64 %; dynamic force range (family) 80,000-978,000 N; d1 134, d2 117, d3 215 mm; length = A; -S = soft type; meets OSHA/CMAA; impact velocity max 5 m/s"
ACE Main Catalog 2018 metric p.280-281,TUBUS TC / TC-S crane buffer,TC136-65,65,4250,,,,,M16,136,106,1.147,profile damper (co-polyester elastomer),-40,90,"E3 continuous 4250 Nm, E3 emergency stop 5950 Nm; energy absorption 31-64 %; dynamic force range (family) 80,000-978,000 N; d1 136, d2 106, d3 178 mm; length = A; -S = soft type; meets OSHA/CMAA; impact velocity max 5 m/s"
ACE Main Catalog 2018 metric p.280-281,TUBUS TC / TC-S crane buffer,TC137-90,90,6350,,,,,M16,137,115,1.201,profile damper (co-polyester elastomer),-40,90,"E3 continuous 6350 Nm, E3 emergency stop 8890 Nm; energy absorption 31-64 %; dynamic force range (family) 80,000-978,000 N; d1 137, d2 113, d3 216 mm; length = A; -S = soft type; meets OSHA/CMAA; impact velocity max 5 m/s"
ACE Main Catalog 2018 metric p.280-281,TUBUS TC / TC-S crane buffer,TC146-67-S,67,8330,,,,,M16,146,118,1.573,profile damper (co-polyester elastomer),-40,90,"E3 continuous 8330 Nm, E3 emergency stop 11660 Nm; energy absorption 31-64 %; dynamic force range (family) 80,000-978,000 N; d1 146, d2 99, d3 191 mm; length = A; -S = soft type; meets OSHA/CMAA; impact velocity max 5 m/s"
ACE Main Catalog 2018 metric p.280-281,TUBUS TC / TC-S crane buffer,TC150-178-S,178,8860,,,,,M16,150,241,2.674,profile damper (co-polyester elastomer),-40,90,"E3 continuous 8860 Nm, E3 emergency stop 12400 Nm; energy absorption 31-64 %; dynamic force range (family) 80,000-978,000 N; d1 150, d2 132, d3 224 mm; length = A; -S = soft type; meets OSHA/CMAA; impact velocity max 5 m/s"
ACE Main Catalog 2018 metric p.280-281,TUBUS TC / TC-S crane buffer,TC153-178-S,178,7260,,,,,M16,153,226,2.522,profile damper (co-polyester elastomer),-40,90,"E3 continuous 7260 Nm, E3 emergency stop 10165 Nm; energy absorption 31-64 %; dynamic force range (family) 80,000-978,000 N; d1 153, d2 131, d3 241 mm; length = A; -S = soft type; meets OSHA/CMAA; impact velocity max 5 m/s"
ACE Main Catalog 2018 metric p.280-281,TUBUS TC / TC-S crane buffer,TC168-124,124,10100,,,,,M16,168,166,2.533,profile damper (co-polyester elastomer),-40,90,"E3 continuous 10100 Nm, E3 emergency stop 14140 Nm; energy absorption 31-64 %; dynamic force range (family) 80,000-978,000 N; d1 168, d2 147, d3 260 mm; length = A; -S = soft type; meets OSHA/CMAA; impact velocity max 5 m/s"
ACE Main Catalog 2018 metric p.280-281,TUBUS TC / TC-S crane buffer,TC176-198-S,198,12725,,,,,M16,176,252,3.660,profile damper (co-polyester elastomer),-40,90,"E3 continuous 12725 Nm, E3 emergency stop 17810 Nm; energy absorption 31-64 %; dynamic force range (family) 80,000-978,000 N; d1 176, d2 150, d3 279 mm; length = A; -S = soft type; meets OSHA/CMAA; impact velocity max 5 m/s"
